case_history_id,project_type_family,project_type_label,proposed_action,intensity_direction,urban_form_orientation,proposal_language_tone,housing_units,summary,evidence,confidence,alternative_type
bza-01-19-6ca8bb24fa,mixed_use,High Rise Mixed-use Development,new_construction,adds_homes_or_activity,pedestrian_or_transit_supportive,neutral,,"Construct a high-rise mixed-use development with residential, retail, and office spaces.","['construct a 862,503 square foot High Rise Mixed-use Development with Residential structures, Retail and Office']",high,housing
bza-01-22-5580a4e30b,parking_only,accessory parking lot,new_construction,adds_homes_or_activity,automobile_oriented,neutral,,Develop a 23-space accessory parking lot on vacant land to serve a nearby medical marijuana facility.,"['development of a 23-space Accessory Parking Lot', 'on existing vacant land']",high,
bza-01-23-b0171819a2,industrial_or_logistics,concrete crushing and processing facility,new_construction,adds_homes_or_activity,industrial_or_freight_oriented,adverse,0.0,Establish a high-impact manufacturing or processing facility for crushing rock and concrete on a vacant site.,"['establishment of a very high-impact manufacturing or processing facility', 'could pose an adverse public health, noise, and safety hazard for residents']",high,
bza-02-23-09191613e4,cannabis_or_controlled_use,marijuana grower and processor facility,change_of_use,adds_homes_or_activity,industrial_or_freight_oriented,neutral,,"Establishing a marijuana grower and processor facility within an existing 30,315 square foot industrial building.","['establish a Marijuana Grower Facility (MGF)', 'Marijuana Processor Facility (MPF)', 'existing 30,315 square foot building']",high,
bza-03-23-cdc3a2629c,cannabis_or_controlled_use,"marijuana retail, processing, and consumption facility",change_of_use,adds_homes_or_activity,mixed_or_neutral,neutral,0.0,"Establish a marijuana retail, processing, and consumption facility.","['establishment of a Marijuana Retail/Provisioning Facility, Marijuana Processor Facility, and a Marijuana Designated Consumption Establishment']",high,
bza-04-21-d519a3c5a2,vehicle_oriented,gas station,new_construction,adds_homes_or_activity,automobile_oriented,adverse,,"Appeal of a denial to construct a new gas station on a vacant lot, cited for existing code violations and incompatibility with nearby school bus stops.","['Construction of a 2,475 square foot building', 'accommodate a Motor Vehicle Filling Station', 'detrimental to or endanger the social, physical, environmental or economic well-being']",high,
bza-05-21-9b7c537c06,institutional_or_civic,university student union,expansion,adds_homes_or_activity,pedestrian_or_transit_supportive,neutral,,"The petitioner requests dimensional variances to renovate and expand a university student union, specifically regarding upper-level window transparency on a Traditional Main Street.","['renovate and add an addition to the existing University of Detroit Student Union', 'deficient amount of transparent doors and windows']",high,
bza-05-23-5a53c91971,housing,residential lofts,change_of_use,adds_homes_or_activity,mixed_or_neutral,neutral,162.0,Renovate an existing building to establish 162 residential loft units.,"['renovate an existing 110,000 square foot building to establish 162 residential Loft units']",high,
bza-06-17-1938c13e88,cannabis_or_controlled_use,Medical Marijuana Caregiver Center,change_of_use,adds_homes_or_activity,mixed_or_neutral,neutral,,"Establish a medical marijuana caregiver center in an existing 3,600 square foot building.","['establish a Medical Marijuana Caregiver Center (MMCC)', 'in an existing approximate 3,600 square foot building']",high,retail_or_personal_service
bza-06-21-e118eb8f66,housing,Apartment buildings,new_construction,adds_homes_or_activity,mixed_or_neutral,neutral,24.0,Request for dimensional variances for deficient parking to support two multiple-family dwelling buildings totaling 24 units.,"['proposed use of Multiple-family dwellings', 'BUILDING 1: (2 story, 4,024 square foot, 8 dwelling units)', 'BUILDING 2: (2 story, 7,944 square foot, 16 unit building)']",high,change_of_use
bza-06-22-239afc0021,office_or_medical,digital animation studio office,change_of_use,adds_homes_or_activity,mixed_or_neutral,neutral,,Requesting a parking variance to establish an office for a digital animation studio.,"['parking variance) for office use', 'for a digital animation studio']",medium,
bza-06-23-06ef82a262,cannabis_or_controlled_use,marijuana grower and processor facility,change_of_use,adds_homes_or_activity,industrial_or_freight_oriented,adverse,0.0,Establish a marijuana grower and processor facility in an existing building.,"['establishment of a Marijuana Grower Facility', 'negative impact on the community', 'injurious to the use and enjoyment of other properties']",high,
bza-07-23-9b431ff07a,parking_only,accessory parking lot,new_construction,adds_homes_or_activity,automobile_oriented,neutral,,Developing a 26-space accessory parking lot to serve a nearby office development.,"['develop a 26-space accessory parking lot', 'serve a 6,276 square foot office development project']",high,office_or_medical
bza-08-23-aa01dd18f0,food_or_beverage,restaurant with alcohol sales,change_of_use,adds_homes_or_activity,mixed_or_neutral,neutral,,"Establishing a standard restaurant with alcohol sales in an existing one-story building, requiring a parking variance.","['establish a Standard Restaurant with the sale of beer or alcoholic liquor', 'existing one story approximately 4,650 square foot building']",high,
bza-09-23-2b90c325ff,housing,front yard parking area for single-family dwelling,site_or_building_alteration,maintains_existing_activity,automobile_oriented,neutral,,Requesting a waiver to allow a front yard parking area/driveway for a single-family dwelling.,"['driveway – Single Family Dwelling', 'Parking area is proposed in the front yard']",medium,parking_only
bza-1-19-b17dd09224,mixed_use,high-rise mixed-use development,new_construction,adds_homes_or_activity,pedestrian_or_transit_supportive,neutral,,"Construction of a massive high-rise mixed-use tower containing residential, retail, and office space.","['construct a 946,526 square foot High Rise Mixed-use Development', 'Residential structures, Retail and Office', 'proposed mixed use high rise tower is 535 feet high']",high,
bza-1-20-b402ab3506,retail_or_personal_service,Office and retail space,change_of_use,maintains_existing_activity,mixed_or_neutral,adverse,,"Proposal to change a non-conforming dry cleaners into an office and retail space, noted for lacking required screening and dumpster enclosures.","['change an existing non-conforming Dry Cleaners', 'to a non-conforming Office Retail', 'No right of way screening, residential screening, dumpster enclosure']",high,office_or_medical
bza-1-21-97e069a509,housing,Apartment building,new_construction,adds_homes_or_activity,pedestrian_or_transit_supportive,neutral,8.0,"Request for dimensional variances to construct a new 3-story, 8-unit multi-family dwelling on vacant land with deficient setbacks and excessive lot coverage.","['proposed construction of an 8 units, 3 story Multi-Family Dwelling', 'on 12,428 square feet of vacant land', 'Deficient front yard setback 9’ provided']",high,
bza-1-24-938659c379,unclear,unknown,unclear,unclear_or_not_applicable,unclear_or_not_applicable,insufficient_text,,Case dismissed due to lack of petitioner response; no project details provided.,"['petitioner has not responded', 'Dismiss the Case']",high,
bza-1-25-e8e3ff71db,recreation_or_open_space,pool hall,change_of_use,adds_homes_or_activity,mixed_or_neutral,neutral,,Request for a dimensional spacing variance to establish a pool hall in an existing building.,"['establish a Pool Hall in an existing 2,958 Square foot building']",high,retail_or_personal_service
bza-10-20-4e6d17ae69,mixed_use,mixed-use high-rise development,new_construction,adds_homes_or_activity,pedestrian_or_transit_supportive,neutral,150.0,"Develop a 49-story tower and an 11-story block building containing residential units, a hotel, office space, event space, and retail.","['develop a 49 story, 680 feet high Tower building', 'Residential with 150 units', '11 story, 232 foot high Block Building']",high,
bza-10-21-ae57d08409,housing,Townhouses,new_construction,adds_homes_or_activity,pedestrian_or_transit_supportive,neutral,7.0,Request for dimensional variances to construct two townhouse buildings totaling seven units with deficient front setbacks and parking.,"['proposed construction of two separate townhouse buildings', 'total of seven townhouse units', 'deficient front setbacks', 'deficient parking']",high,
bza-10-24-4e76e64453,food_or_beverage,cabaret and bar,change_of_use,adds_homes_or_activity,mixed_or_neutral,neutral,,Establishment of a cabaret with alcohol consumption and live entertainment in an existing building.,"['establish a Cabaret', 'Alcohol Consumption on Premises with Live Entertainment']",high,recreation_or_open_space
bza-10-25-d76fac624f,food_or_beverage,restaurant with drive-through,change_of_use,maintains_existing_activity,automobile_oriented,neutral,,Change of nonconforming use from a bank with a drive-through to a standard restaurant with a drive-through.,['change from one nonconforming use (Bank with drive thru) to another nonconforming use (Standard Restaurant with drive thru)'],high,retail_or_personal_service
bza-100-19-fe808d91c8,industrial_or_logistics,transfer center,site_or_building_alteration,maintains_existing_activity,industrial_or_freight_oriented,adverse,0.0,"Modify grant conditions at an existing transfer center, which appellants claim will be detrimental to the surrounding area.","['modify BSEED #126-95 grant conditions at a Transfer Center', 'will be detrimental', 'detrimental effect upon vehicular turning patterns']",high,continue_or_legalize_existing_condition
bza-101-19-2b70c94d41,mixed_use,"Art gallery, bar, and cafe",change_of_use,adds_homes_or_activity,pedestrian_or_transit_supportive,neutral,,"Proposal to renovate a portion of an industrial building into an art gallery, bar, and cafe with outdoor seating.","['renovate a 5,430 square foot portion', 'into Art Gallery, bar and cafe space', '1,000 square of outdoor seating']",high,food_or_beverage
bza-102-19-118cde75ec,mixed_use,Retail store with second-floor offices,change_of_use,reduces_homes_or_activity,mixed_or_neutral,adverse,,"Proposal to convert a non-conforming store and dwelling into a retail space with second-floor offices, which faced criticism over parking and waste management.","['change a non-conforming Store & Dwelling', 'to non-conforming Retail with Offices', 'proposed parking ""does not work""']",high,retail_or_personal_service
bza-103-19-b51a4c7926,mixed_use,restaurant with residential loft,change_of_use,adds_homes_or_activity,pedestrian_or_transit_supportive,neutral,,Establishing a restaurant on the ground floor with a residential loft on the second floor of an existing building.,"['establish a Standard Restaurant', 'Loft on the 2nd floor of an existing 10,523 square foot building', 'Traditional Main Street Overlay District']",high,food_or_beverage
bza-104-19-3f504bb48a,cannabis_or_controlled_use,Medical marijuana provisioning center and processor,change_of_use,adds_homes_or_activity,mixed_or_neutral,neutral,,Proposal to establish a medical marijuana provisioning center and processor facility in an existing industrial building.,"['establish a Medical Marijuana Provisioning Center Facility', 'and a Medical Marijuana Processor Facility', 'in an existing 14,848 square foot building']",high,retail_or_personal_service
bza-105-19-6f26fdbf3e,religious,religious institution auxiliary building,expansion,adds_homes_or_activity,mixed_or_neutral,neutral,,Expand an existing religious institution campus by adding a new auxiliary building.,"['expand an existing two-building Religious Institution campus', 'adding a new 4,644 square foot auxiliary building']",high,institutional_or_civic
bza-106-17-de942bc315,cannabis_or_controlled_use,medical marijuana caregiver center,change_of_use,adds_homes_or_activity,mixed_or_neutral,neutral,,"Establish a medical marijuana caregiver center, which was denied due to its proximity to a park in a Drug Free Zone.","['medical marihuana caregiver center', 'identified as being in a Drug Free Zone']",high,retail_or_personal_service
bza-106-19-ac2502a929,mixed_use,80-story hotel with ground-floor retail,new_construction,adds_homes_or_activity,pedestrian_or_transit_supportive,neutral,,Proposal to demolish two existing buildings and construct an 80-story hotel with 228 guest rooms and ground-floor retail space.,"['demolish two existing buildings', 'construct an eighty-story Hotel', '228 guest rooms and 17,857 square feet of ground floor retail space']",high,retail_or_personal_service
bza-107-19-7c49964699,cannabis_or_controlled_use,Medical marijuana provisioning center and safety compliance facility,unclear,adds_homes_or_activity,mixed_or_neutral,neutral,,"Proposal to establish a medical marijuana provisioning center and safety compliance facility, which was deemed ineligible due to its location within a Drug Free Zone.","['proposed MMPC/Safety Compliance Facility', 'identified as being in a Drug Free Zone', 'ineligible to establish']",high,retail_or_personal_service
bza-108-19-9b26eee3a4,vehicle_oriented,"Used auto parts, dismantling, and auto repair facility",change_of_use,adds_homes_or_activity,automobile_oriented,neutral,,"Proposal to establish a used auto parts facility with indoor dismantling and auto repair in an existing building, with a condition to add interior landscaping.","['establish a Used Auto Parts Facility with Indoor Dismantling and Major Motor Vehicle Repair Facility', 'in an existing 13,200 square foot building', 'revise site plan to include 1,152 square feet of interior landscaping']",high,industrial_or_logistics
bza-109-19-877243d9d6,industrial_or_logistics,Junkyard addition to auto parts and repair facility,expansion,adds_homes_or_activity,industrial_or_freight_oriented,adverse,,"Proposal to add a junkyard to an existing auto parts and repair facility, denied due to existing site violations and negative neighborhood impact.","['add a Junkyard to an existing Used Auto Parts Sales', 'property owner had not cleaned up the site', 'use would have a negative effect on the neighborhood']",high,vehicle_oriented
bza-11-20-6f01bb250d,vehicle_oriented,gas station,expansion,adds_homes_or_activity,automobile_oriented,neutral,,Expanding and modifying an existing non-conforming gas station with a new canopy and building addition.,"['expand or modify a non-conforming Gas Station', 'building a new non-conforming Gas Station w/Canopy', '592 sq. ft. addition']",high,
bza-11-21-2065af5007,housing,Apartment buildings,new_construction,adds_homes_or_activity,pedestrian_or_transit_supportive,neutral,16.0,"Request for variances to construct two 8-unit multi-family buildings on vacant land with deficient parking, setbacks, and lot width.","['Construct two, eight-unit, two-story Multiple-Family buildings', 'existing vacant land', 'twelve total parking spaces are required; eight parking spaces are proposed']",high,
bza-11-22-50abfc40df,cannabis_or_controlled_use,"marijuana facility (retail, grower, processor)",change_of_use,adds_homes_or_activity,industrial_or_freight_oriented,neutral,0.0,"Establish a marijuana retail, grower, and processor facility in an existing industrial building.","['establish a 2,005 square foot Marijuana Retail/Provisioning Facility', '11,029 square foot Marijuana Grower Facility', 'existing 13,580 square foot building']",high,
bza-11-23-100fdb0043,retail_or_personal_service,retail store with alcohol sales,expansion,adds_homes_or_activity,mixed_or_neutral,neutral,,Proposing to expand and intensify an existing nonconforming retail use that holds an SDM license.,"['expand and intensify an existing nonconforming use', 'Retail with SDM']",high,
bza-11-24-fe29e0d378,vehicle_oriented,Used Auto Sales Lot,expansion,adds_homes_or_activity,automobile_oriented,neutral,,Expanding an existing used auto sales lot by constructing a new 962 square foot building.,"['expansion of the legal existing nonconforming use (Used Auto Sales Lot)', 'construct a new 962 square foot building']",high,
bza-11-25-9414020318,food_or_beverage,tea shop and restaurant,change_of_use,maintains_existing_activity,mixed_or_neutral,neutral,,Change of nonconforming use from retail to a tea shop and standard restaurant.,['change from one nonconforming use to another nonconforming use. (Retail to Tea Shop/Standard Restaurant)'],high,retail_or_personal_service
bza-110-19-6035ce5f01,institutional_or_civic,neighborhood center,new_construction,adds_homes_or_activity,mixed_or_neutral,neutral,0.0,"Construct a new 19,159 square foot building to establish a non-profit neighborhood center.","['Construct a 19,159 square foot building', 'establish a Neighborhood Center Non-Profit']",high,
bza-111-19-7252fe4512,mixed_use,neighborhood center with offices and living space,change_of_use,adds_homes_or_activity,pedestrian_or_transit_supportive,neutral,,Convert a vacant former church building into a non-profit neighborhood center with accessory offices and living space.,"['convert a vacant two-story former church building', 'Neighborhood Center Non Profit Center with accessory offices and living space']",high,institutional_or_civic
bza-112-19-8bdcb1c11b,retail_or_personal_service,retail stores,new_construction,adds_homes_or_activity,automobile_oriented,neutral,0.0,"Develop retail stores with potential drive-up or drive-through facilities in a 38,240 square foot building.","['develop Retail Stores', 'with or without drive-up or drive through facilities']",medium,site_or_building_alteration
bza-116-16-902857b7a3,cannabis_or_controlled_use,Medical Marihuana Caregiver Center,change_of_use,adds_homes_or_activity,mixed_or_neutral,neutral,,Establish a medical marijuana caregiver center in a unit of an existing building.,"['establish a Medical Marihuana Caregiver Center (MMCC) in an approximate 1,078 square foot unit of an existing eight unit']",high,retail_or_personal_service
bza-116-17-28da9b4180,cannabis_or_controlled_use,Medical Marihuana Caregiver Center,change_of_use,adds_homes_or_activity,mixed_or_neutral,neutral,,Establish a medical marijuana caregiver center in an existing building.,"['establish a Medical Marihuana Caregiver Center in an existing 1,140 square foot building']",high,retail_or_personal_service
bza-12-19-8f68a059f3,retail_or_personal_service,Rental Hall,change_of_use,adds_homes_or_activity,automobile_oriented,neutral,,Establish a rental hall on the second floor of an existing building with accessory parking.,"['establish a 3,492 square foot Rental Hall', 'on the second floor of an existing 13,600 square foot building', 'along with accessory parking']",high,food_or_beverage
bza-12-20-f9060d3522,vehicle_oriented,auto repair facility,change_of_use,adds_homes_or_activity,automobile_oriented,adverse,,"Appeal of a denial to establish an auto repair facility, which was denied due to illegal outdoor storage, code violations, and adverse impacts on the surrounding area.","['establishment of a Minor Motor Vehicle Repair Facility', 'illegally storing used tires outside', 'injurious to the use and enjoyment of other properties']",high,
bza-12-21-ad158761eb,housing,Apartment building,new_construction,adds_homes_or_activity,mixed_or_neutral,neutral,,Request for variances to demolish a single-family home and construct a new two-story multi-family dwelling with surface parking.,"['Demolish an existing single-family dwelling', 'construct a new two story, 4,499 square foot Multiple-Family Dwelling']",high,demolition
bza-12-24-a6fc69b387,industrial_or_logistics,trade services,change_of_use,maintains_existing_activity,mixed_or_neutral,neutral,,The petitioner proposes to change an existing nonconforming office and storage facility to a trade services use.,['change an existing non conforming (Office and Storage Facility) and parking to Trade Services'],high,office_or_medical
bza-12-25-67c0867482,housing,carport,site_or_building_alteration,maintains_existing_activity,automobile_oriented,neutral,,Construct a carport at a residential property.,['construction of a Car Port'],high,vehicle_oriented
bza-13-19-d1848d1cb5,vehicle_oriented,Used auto sales lot,change_of_use,maintains_existing_activity,automobile_oriented,neutral,,Changing a nonconforming car wash into a nonconforming used auto sales lot.,"['change a nonconforming (current legal use of 12730 Joy Road a Motor Vehicle Car Wash', 'to a nonconforming Used Auto Sales']",high,
bza-13-21-993080da6c,housing,single-family dwelling,new_construction,adds_homes_or_activity,mixed_or_neutral,neutral,1.0,The petitioner requests a side setback variance to relocate an existing single-family dwelling onto a vacant lot.,"['relocate an existing, 1,450 square foot, single-family dwelling', 'on a 30’ X 99’ (2,970 square foot) vacant lot']",high,site_or_building_alteration
bza-13-22-b4f37988c4,office_or_medical,employee recruitment center and parking lot,change_of_use,adds_homes_or_activity,automobile_oriented,neutral,0.0,Establish an employee recruitment center in an existing building and construct a 19-space accessory parking lot on adjacent vacant land.,"['establish an Employee Recruitment Center', 'existing 13,600 square foot building', '19-space Accessory Parking Lot on existing vacant land']",high,parking_only
bza-13-23-fa2355c165,housing,multi-family affordable housing complex,new_construction,adds_homes_or_activity,mixed_or_neutral,neutral,48.0,Developing a 48-unit affordable multi-family housing complex with an accessory clubhouse across four buildings.,"['develop a multi-family housing', '48 Multi-family dwelling units in four separate buildings', '700 square foot accessory clubhouse building']",high,
bza-13-24-797c117868,housing,residential garage,new_construction,maintains_existing_activity,automobile_oriented,neutral,0.0,Construction of a 480 square foot residential garage that exceeds lot coverage limits.,"['480 sq. ft structure (garage)', 'exceeds the required percentage for a Residential lot']",high,
bza-13-25-2c39937285,institutional_or_civic,substance abuse treatment facility and pre-release center,change_of_use,adds_homes_or_activity,mixed_or_neutral,neutral,,Establish a pre-release adjustment center and residential substance abuse service facility in an existing building.,"['establish a Pre-release Adjustment Center and Residential Substance Abuse Service Facility in an existing 3,400 square foot building']",high,housing
bza-14-17-07ea6a1a53,cannabis_or_controlled_use,medical marijuana caregiver center,change_of_use,adds_homes_or_activity,mixed_or_neutral,neutral,,Request for a locational variance to establish a medical marijuana caregiver center that is too close to a controlled use and religious institutions.,"['establish a Medical Marihuana Caregiver Center', 'within 1,000 radial feet of one Controlled Use', 'and three (3) Religious Institutions']",high,retail_or_personal_service
bza-14-19-184cee7e49,retail_or_personal_service,Rental Hall and Dance Studio,expansion,adds_homes_or_activity,pedestrian_or_transit_supportive,neutral,,Add a rental hall to an existing dance studio without providing the required off-street parking.,"['add a Rental Hall to an existing Dance Studio', 'fifty-one off-street parking spaces are required, 0 spaces are provided']",high,recreation_or_open_space
bza-14-24-3f7d9a8551,food_or_beverage,fast-food restaurant with drive-through,new_construction,adds_homes_or_activity,automobile_oriented,neutral,,Demolition of an existing building to construct a new fast-food restaurant with a drive-through.,"['demolishing an existing building', 'construct a new 2,950 square foot Restaurant, fast-food, with drive-up or drive-through facilities']",high,
bza-14-25-61fbd5eb1b,institutional_or_civic,non-profit neighborhood center and outdoor recreation facility,expansion,adds_homes_or_activity,mixed_or_neutral,neutral,,Establish and expand a non-profit neighborhood center and develop an adjacent outdoor recreation facility.,"['establish a Neighborhood Center, Non-Profit in an existing building and expand its footprint', 'develop an Outdoor Recreation Facility on an adjacent']",high,recreation_or_open_space
bza-15-19-dccd43859a,industrial_or_logistics,Junkyard and Auto Parts Facility,change_of_use,adds_homes_or_activity,industrial_or_freight_oriented,neutral,,Establish a junkyard with indoor dismantling and used auto parts facility in two existing buildings.,"['establishment of a Junkyard with Indoor Dismantling and Used Auto Parts Facility', 'in two existing buildings']",high,vehicle_oriented
bza-15-24-43336a40f9,vehicle_oriented,Light Duty Vehicle Service Establishment,expansion,adds_homes_or_activity,automobile_oriented,neutral,,Expanding an existing light duty vehicle service establishment to include off-street parking on the same zoning lot.,"['expand an existing Light Duty Vehicle Service Establishment', 'include off street parking on the same zoning lot']",high,parking_only
bza-15-25-aa055fbabb,cannabis_or_controlled_use,marijuana grower facility,change_of_use,adds_homes_or_activity,industrial_or_freight_oriented,neutral,,"Establish a 4,150 square foot marijuana grower facility.","['establish a 4,150 square foot Marijuana Grower Facility (MGF)']",high,industrial_or_logistics
bza-16-19-80a654a895,vehicle_oriented,Motor Vehicle Washing Facility,expansion,adds_homes_or_activity,automobile_oriented,neutral,,Construct an addition to an existing motor vehicle washing and steam cleaning facility.,"['construct a 1,138 sq. ft. addition', 'to an existing 1,680 sq. ft. building housing a Motor Vehicle Washing and Steam Cleaning Facility']",high,retail_or_personal_service
bza-16-21-6706391ca7,vehicle_oriented,motor vehicle washing and detailing facility,new_construction,adds_homes_or_activity,automobile_oriented,neutral,,The petitioner requests variances to establish a motor vehicle washing and steam cleaning facility with a possible outdoor activity area.,"['establish a Motor Vehicle Washing and steam cleaning facility', 'vehicle detailing, with high efficiency steam cleaning']",high,change_of_use
bza-16-23-d69ef06e72,cannabis_or_controlled_use,marijuana retail facility,change_of_use,adds_homes_or_activity,mixed_or_neutral,adverse,,Appealing the denial of a marijuana retail facility that was rejected due to its proximity to a park and Drug Free Zone.,"['Establishment of a Marijuana Retail/Provisioning Facility', 'located within approximately 446 radial feet from Rogell Park', 'Marijuana facilities cannot exist within 1,000 feet of a Drug Free Zone']",high,retail_or_personal_service
bza-16-24-5938101fbe,vehicle_oriented,vehicle repair shop,change_of_use,adds_homes_or_activity,automobile_oriented,neutral,,Establishment of a light duty vehicle service establishment in an existing building.,"['establish a Light Duty Vehicle Service Establishment in an existing 4,950 square feet building']",high,
bza-16-25-aaaaa5d0aa,institutional_or_civic,community outreach center,change_of_use,adds_homes_or_activity,mixed_or_neutral,neutral,,The petitioner is requesting dimensional variances to establish a community outreach center with youth trade programs.,"['establish a community outreach center', 'youth programs for carpentry and millwright trades']",high,
bza-17-19-f5959a3b07,vehicle_oriented,Towing and Vehicle Storage Yard,site_or_building_alteration,maintains_existing_activity,automobile_oriented,neutral,,Modify a previous grant for a towing and vehicle storage yard to allow a metal wall instead of a masonry wall.,"['MODIFY a previous BSEED Grant', 'legalized a Police ""A-BAN"" Towing and Vehicle Storage Yard', 'a metal wall is proposed along the southern portion']",high,industrial_or_logistics
bza-17-20-4f7a090036,housing,senior housing development,new_construction,adds_homes_or_activity,mixed_or_neutral,neutral,105.0,"Construction of a 105-unit senior housing development across three buildings, requiring setback variances.","['proposed senior housing development', 'new construction of a residential building with 73 units', 'total of 105 multiple-dwelling units']",high,
bza-17-21-b8c081e0c9,institutional_or_civic,child caring institution,change_of_use,maintains_existing_activity,mixed_or_neutral,neutral,,Change of a nonconforming use from a veterans housing and medical facility to a child caring institution for up to 40 children.,"['change from one nonconforming use to another nonconforming use', 'proposed nonconforming use is Child Caring Institution', 'Up to 40 children will be cared for at this facility']",high,
bza-17-23-eb9c5fba42,parking_only,accessory parking lot,new_construction,adds_homes_or_activity,automobile_oriented,adverse,,Proposal to construct a 13-space accessory parking lot on vacant land to serve an adjacent multi-family dwelling.,"['develop a 13-space accessory parking lot on existing vacant land', 'could pose an adverse public health, noise, and safety hazard']",high,
bza-17-24-ce52cb3966,institutional_or_civic,childcare center,change_of_use,adds_homes_or_activity,mixed_or_neutral,neutral,,Establishment of a childcare center with a proposed play area and deficient parking.,"['establish [already for] the proposed childcare center', 'SLU application for a play area']",high,retail_or_personal_service
bza-17-25-97935d5a5c,housing,single-family residence,new_construction,adds_homes_or_activity,automobile_oriented,neutral,1.0,The petitioner is requesting dimensional variances to construct a new single-family home with an attached garage.,['construction of single family residence with attached garage'],high,
bza-18-21-2fef649f8a,industrial_or_logistics,junkyard and auto dismantling facility,continue_or_legalize_existing_condition,maintains_existing_activity,industrial_or_freight_oriented,adverse,,"The petitioner appeals the denial to establish a junkyard and auto dismantling facility, which is currently operating illegally with several site deficiencies.","['establishment of a Junkyard, Used Auto Parts Sales and Indoor Dismantling', 'operating as an illegal junkyard', 'site has several deficiencies']",high,
bza-18-23-535a07c23f,vehicle_oriented,gas station with carryout restaurant and retail,new_construction,adds_homes_or_activity,automobile_oriented,neutral,,Proposal to demolish an existing gas station and construct a larger motor vehicle filling station with a carryout restaurant and retail.,"['demolish an existing 1,296 square foot gas station', 'construct a new 2,870 square foot Motor Vehicle Filling Station with carryout restaurant']",high,retail_or_personal_service
bza-18-24-b7d9862137,food_or_beverage,bakery,new_construction,adds_homes_or_activity,mixed_or_neutral,neutral,,"The petitioner proposes to construct a new 3,753 square foot bakery and requests dimensional variances for setbacks, parking, screening, and loading.","['construct a 3,753 square foot Bakery']",high,retail_or_personal_service
bza-18-25-cb4f866709,vehicle_oriented,used motor vehicle sales and repair garage,continue_or_legalize_existing_condition,maintains_existing_activity,automobile_oriented,neutral,,The petitioner is appealing an order to remove unapproved corrugated fencing at an existing auto sales and repair facility.,"['remove unapproved materials (Corrugated fencing)', 'Legal Used Motor Vehicles Sales and Major Motor Vehicle Repair Garage']",high,
bza-184-17-b3de95c28c,housing,townhouses,new_construction,adds_homes_or_activity,mixed_or_neutral,neutral,18.0,Construct two three-story townhouse buildings with a total of 18 units.,"['construct two, three story townhouse buildings (18 units)']",high,
bza-19-21-15219721d5,housing,townhouse,new_construction,adds_homes_or_activity,pedestrian_or_transit_supportive,neutral,4.0,The petitioner requests dimensional variances to construct a four-unit townhouse on vacant land.,"['construct a four unit, 4,260 square foot Townhouse on an existing vacant land']",high,
bza-19-23-ed15514286,retail_or_personal_service,rental hall,change_of_use,adds_homes_or_activity,mixed_or_neutral,neutral,,Proposal to establish a rental hall in an existing building.,"['establish a Rental Hall in an existing 3,080 square foot building']",high,other
bza-19-24-5152521f4c,other,screening wall,new_construction,unclear_or_not_applicable,unclear_or_not_applicable,neutral,,"The petitioner proposes to construct a 20-foot high screening wall, which exceeds the allowed 8-foot height.","['proposed wall that is excessive in height', '20’ HIGH PROPOSED']",high,
bza-2-19-dafba32633,retail_or_personal_service,Retail Store,new_construction,adds_homes_or_activity,automobile_oriented,neutral,,"Demolish an existing 2,000 square foot retail store to construct a new, expanded 4,035 square foot retail store with accessory parking.","['demolish an existing non-conforming 2,000 square foot Retail Store', 'construct new 4,035 square foot expanded and intensified non-conforming Retail Store', 'with SDD and accessory parking']",high,food_or_beverage
bza-2-20-b0139b3b1f,vehicle_oriented,Used car lot expansion,expansion,adds_homes_or_activity,automobile_oriented,adverse,,"Proposal to expand an existing used car lot, denied due to numerous property maintenance violations and potential hardship to the adjacent residential neighborhood.","['expansion of an existing Used Motor Vehicle Sales Lot', 'violation of numerous property maintenance codes', 'pose an undue hardship to the adjacent residential neighborhood']",high,
bza-2-24-a52a3386d9,retail_or_personal_service,hookah lounge,change_of_use,adds_homes_or_activity,mixed_or_neutral,neutral,,Establish a hookah lounge in an existing building.,['establish a hookah lounge in the existing building'],high,food_or_beverage
bza-20-19-f02fd63021,cannabis_or_controlled_use,Medical Marihuana Caregiver Center,change_of_use,adds_homes_or_activity,mixed_or_neutral,neutral,,Establish a Medical Marihuana Caregiver Center in an 800-square foot building.,"['establish a Medical Marihuana Caregiver Center (MMCC)', 'in an 800-square foot building']",high,
bza-20-21-d70f25cae4,cannabis_or_controlled_use,medical marijuana provisioning and compliance facility,change_of_use,adds_homes_or_activity,mixed_or_neutral,adverse,,"The petitioner appeals the denial to establish medical marijuana provisioning and compliance facilities in an existing building, citing community opposition and traffic concerns.","['establishment of a Medical Marihuana Provisioning Center Facility', 'injurious to the use and enjoyment of other properties', 'detrimental effect upon vehicular turning patterns']",high,
bza-20-23-dab8c7b9c0,housing,residential carport,continue_or_legalize_existing_condition,maintains_existing_activity,automobile_oriented,neutral,,Request for dimensional variances to legalize an existing residential carport.,['legalize a residential carport'],high,
bza-20-24-2cf05e2c11,vehicle_oriented,used motor vehicle sales lot,expansion,adds_homes_or_activity,automobile_oriented,neutral,,The petitioner proposes to expand an existing used motor vehicle sales lot by adding adjacent land.,"['expand a legal nonconforming', 'Used Motor Vehicle Sales lot by adding land']",high,
bza-20-25-6131a2cc71,retail_or_personal_service,rental hall,change_of_use,adds_homes_or_activity,mixed_or_neutral,neutral,,The petitioner is appealing the denial of permission to establish a rental hall in an existing building.,"['establish a rental hall', 'existing 1,926 square foot building']",high,
bza-21-23-1b926e9998,parking_only,accessory parking lot,new_construction,adds_homes_or_activity,automobile_oriented,neutral,,Proposal to construct a 22-space employee accessory parking lot on vacant land to serve a nearby business.,['construct a 22-space employee Accessory Parking Lot on existing vacant land'],high,
bza-21-24-b752b33f22,parking_only,accessory parking lot,change_of_use,adds_homes_or_activity,automobile_oriented,neutral,,The petitioner proposes to create an accessory parking lot to serve a nearby multi-tenant building.,['intensify the land use to provide an accessory parking lot'],high,retail_or_personal_service
bza-21-25-dcb8d4f773,institutional_or_civic,pre-release adjustment center,change_of_use,adds_homes_or_activity,mixed_or_neutral,neutral,,The petitioner is appealing the denial of a site plan to change the use of a site to a pre-release adjustment center.,"['change of use/ occupancy', 'Pre-release adjustment center']",high,
bza-22-19-e564f573b6,vehicle_oriented,motor vehicle repair facility,expansion,adds_homes_or_activity,automobile_oriented,neutral,,Expand an existing minor motor vehicle repair facility.,"['expansion of an existing Minor Motor Vehicle Repair Facility from 1,353 square feet to 3,937 square feet']",high,
bza-22-21-a0cae37c6a,housing,townhouses,new_construction,adds_homes_or_activity,pedestrian_or_transit_supportive,neutral,3.0,The petitioner requests dimensional variances to construct three attached townhouse units on vacant land.,['construct three attached Townhouse units on existing vacant land'],high,
bza-22-23-4eb0024be7,housing,accessory dwelling unit,new_construction,adds_homes_or_activity,mixed_or_neutral,neutral,1.0,Proposal to construct an accessory dwelling unit for an existing residential property.,['construct an Accessory Dwelling for a Residential unit'],high,
bza-22-24-5c0940c4c3,vehicle_oriented,gas station and car wash,new_construction,adds_homes_or_activity,automobile_oriented,neutral,,The petitioner proposes to demolish an existing building and construct a new gas station and car wash.,"['demolish an existing building and construct a 6,716 sq. ft. Motor Vehicle Filling Station', 'Motor Vehicle Washing facility']",high,
bza-22-25-831f730788,housing,residential garage,new_construction,adds_homes_or_activity,automobile_oriented,neutral,0.0,The petitioner is requesting a dimensional variance to construct a new 2-car garage.,['construction of a new 689 square foot 2 car garage'],high,
bza-23-21-5de6ae3a94,unclear,unclear,unclear,unclear_or_not_applicable,unclear_or_not_applicable,neutral,,Appeal regarding the expiration of a previously approved Special Land Use permit in an intensive industrial district.,"['appeals BSEED’s decision to NOT consider an extension', 'department issued a Special Land Use approval decision']",low,industrial_or_logistics
bza-23-21-67b09caf30,mixed_use,mixed-use building with apartments and commercial space,new_construction,adds_homes_or_activity,pedestrian_or_transit_supportive,neutral,38.0,The petitioner requests dimensional variances to construct a mixed-use building with 38 residential units and ground-floor commercial space.,"['establish a mixed use building, with 38 multi-family units and ground floor commercial', 'located within .50 miles of the bus rapid transit']",high,
bza-23-23-d43e4e845a,food_or_beverage,small distillery or winery,change_of_use,adds_homes_or_activity,mixed_or_neutral,neutral,,Proposal to establish a small distillery or winery in an existing building.,"['establish a Small Distillery or Winery', 'in an existing 3,322 square foot building']",high,industrial_or_logistics
bza-23-24-52267c8cf9,housing,residential home addition,expansion,adds_homes_or_activity,mixed_or_neutral,neutral,,The petitioner proposes to build a second-floor addition to an existing residential home.,['Residential home with Second floor addition'],high,
bza-24-19-98cd3d897f,housing,apartment building,expansion,adds_homes_or_activity,mixed_or_neutral,neutral,10.0,Convert an existing single-family dwelling into a multiple-family dwelling with accessory parking.,"['convert an existing single-family dwelling into a six-unit Multiple Family Dwelling', 'petitioner is requesting 10 units']",medium,
bza-24-21-9280554649,vehicle_oriented,minor motor vehicle repair facility,change_of_use,adds_homes_or_activity,automobile_oriented,neutral,,"Establishment of a minor motor vehicle repair facility in an existing 7,092 square foot building.","['establishment of a Minor Motor Vehicle Repair Facility in an existing 7,092 sq. ft. bldg.']",high,
bza-24-23-39f2ee37b3,housing,townhouse development,new_construction,adds_homes_or_activity,pedestrian_or_transit_supportive,neutral,7.0,Proposal to construct a seven-unit townhouse development on vacant land.,"['construct a seven-unit 15,640 square foot Townhouse development on existing vacant land']",high,
bza-24-24-ba03fb1f1d,institutional_or_civic,non-profit neighborhood center,change_of_use,adds_homes_or_activity,mixed_or_neutral,neutral,,The petitioner proposes to establish a non-profit neighborhood center and requests a variance for deficient off-street parking.,"['proposed land use (Neighborhood Center Non-Profit)', 'off-street parking deficiency']",high,office_or_medical
bza-24-25-67f735277c,housing,carriage house,new_construction,adds_homes_or_activity,mixed_or_neutral,neutral,1.0,The petitioner is requesting dimensional variances to build a garage with living space.,['Garage and Living (carriage house)'],high,
bza-25-20-0c7c6c8bde,mixed_use,Mixed-use commercial complex,new_construction,adds_homes_or_activity,automobile_oriented,neutral,0.0,"Request for dimensional variances for a new three-building development featuring government, office, and retail uses with excessive height and landscaping deficiencies in large parking areas.","['proposed construction of three (3) buildings on one parcel', 'government service agency', 'office', 'retail', 'parking areas with 101 spaces or more']",high,office_or_medical
bza-25-21-6318646cda,vehicle_oriented,gas station,expansion,adds_homes_or_activity,automobile_oriented,neutral,,"The applicant is requesting to expand an existing nonconforming gas station by constructing a 2,705-square-foot addition.","['expand an existing nonconforming 2,280 square foot gas station', 'constructing an approximately 2,705 square foot addition']",high,
bza-25-23-d87a52a78b,vehicle_oriented,car wash,change_of_use,adds_homes_or_activity,automobile_oriented,neutral,,Request to establish a motor vehicle washing facility on the ground floor of an existing two-story building.,"['establish a motor vehicle washing facility', 'on the ground floor on an existing 2 story 2,004 square foot building']",high,
bza-25-24-e30fbc8699,institutional_or_civic,private club,change_of_use,adds_homes_or_activity,mixed_or_neutral,neutral,,"The petitioner proposes to establish a private club in an existing 4,420 square foot building.","['establish a Private Club in an existing 4,420 square foot building']",high,recreation_or_open_space
bza-26-17-06a09b7674,cannabis_or_controlled_use,medical marijuana caregiver center,change_of_use,adds_homes_or_activity,mixed_or_neutral,neutral,0.0,"Establish a medical marijuana caregiver center in an existing 2,900 square foot building.","['establish a Medical Marihuana Caregiver Center', 'existing 2,900 square foot building']",high,
bza-26-21-b04c2ad13b,parking_only,accessory parking lot,new_construction,adds_homes_or_activity,automobile_oriented,neutral,,Establishment of an accessory parking lot on vacant land for a landscaping business.,['establishment of an accessory parking lot on an existing vacant land'],high,
bza-26-24-8498a9e0ce,housing,multi-family dwelling complex,change_of_use,adds_homes_or_activity,mixed_or_neutral,neutral,100.0,The petitioner proposes to convert a former school building into a 100-unit multi-family residential complex.,"['convert a former school building site though adaptive reuse', '100-unit Multi-family Dwelling complex']",high,
bza-26-25-7703d8a4a4,vehicle_oriented,light duty vehicle service establishment,change_of_use,adds_homes_or_activity,automobile_oriented,neutral,,The petitioner is requesting locational variances for a light duty vehicle service establishment due to spacing requirements.,"['Light Duty Vehicle Service Establishment', 'existing 1,488 square foot']",high,
bza-27-18-c8ce2a7370,industrial_or_logistics,concrete crushing facility,unclear,unclear_or_not_applicable,industrial_or_freight_oriented,neutral,,Proposal for concrete crushing operations.,['Concrete crushing'],medium,
bza-27-19-79df09a810,cannabis_or_controlled_use,Medical Marihuana Grower Facility,change_of_use,adds_homes_or_activity,mixed_or_neutral,neutral,,Establish a medical marihuana caregiver center or grower facility.,"['medical marihuana caregiver center', 'Medical Marihuna Growers Faculty']",high,
bza-27-21-a56d8905f7,mixed_use,mixed-use apartment and retail buildings,new_construction,adds_homes_or_activity,pedestrian_or_transit_supportive,neutral,318.0,Construction of six new buildings containing 318 multi-family dwelling units and accessory retail on vacant land.,"['revised development of a total of 318 Multiple-family dwelling units', 'six buildings will include accessory retail sales and personal services', 'current legal land use of 1401 Rivard is “Vacant Land”']",high,housing
bza-27-23-9c40617de8,institutional_or_civic,child care center,unclear,adds_homes_or_activity,mixed_or_neutral,neutral,,Proposal to establish a licensed child care center.,['proposes a Child Care Center that shall be licensed'],high,retail_or_personal_service
bza-27-24-014e8967b0,parking_only,accessory parking lot,new_construction,adds_homes_or_activity,automobile_oriented,neutral,,The petitioner proposes to develop a 54-space accessory parking lot on vacant land to serve a nearby church.,"['develop a 54-space Accessory Parking Lot on existing vacant land', 'serve a church']",high,religious
bza-27-25-b460cdbf7e,retail_or_personal_service,rental hall,change_of_use,adds_homes_or_activity,mixed_or_neutral,neutral,,The petitioner is requesting a dimensional variance for deficient parking to establish a rental hall in an existing building.,"['establish a rental hall', 'existing 5,396 square foot building', 'Deficient parking']",high,
bza-28-19-9c30f8d441,parking_only,surface parking lot,new_construction,adds_homes_or_activity,automobile_oriented,neutral,,Construct a seven-space surface parking lot to serve an adjacent multiple-family dwelling.,"['construct a seven space surface parking lot', 'serve an adjacent multiple-family dwelling']",high,
bza-28-20-22cfec2a50,food_or_beverage,carry-out restaurant,expansion,adds_homes_or_activity,automobile_oriented,neutral,,"The applicant is requesting to expand an existing non-conforming carry-out restaurant and its parking lot, requiring dimensional variances for setbacks and lot coverage.","['expand a non-conforming carry out restaurant', 'building with the addition will cover approximately 47%']",high,
bza-28-21-05880fccc0,housing,single-family dwelling addition,new_construction,adds_homes_or_activity,mixed_or_neutral,neutral,1.0,Construction of a second single-family dwelling with an attached garage on a lot with an existing single-family home.,"['proposed addition of a 706 square foot, two-story, single family dwelling', 'constitutes a second principal use on the subject site']",high,
bza-28-23-32856cc88a,housing,residential porch enclosure,site_or_building_alteration,maintains_existing_activity,mixed_or_neutral,neutral,,Request to add an enclosure for a second-story porch on a lot with multiple existing principal dwellings.,"['add an enclosure for a 2nd story porch', 'multiple principal dwellings exist on the subject lot']",high,
bza-28-24-a82f3aaf57,vehicle_oriented,gas station,site_or_building_alteration,adds_homes_or_activity,automobile_oriented,neutral,,The petitioner proposes to renovate and re-establish a formerly closed gas station with three pump islands.,"['renovate and re-establish a formerly closed 1,430 square foot Motor Vehicle Filing Station']",high,
bza-28-25-d2fb7bb161,industrial_or_logistics,outdoor storage yard,change_of_use,adds_homes_or_activity,industrial_or_freight_oriented,neutral,,The petitioner is requesting a dimensional variance for the spacing of a proposed outdoor storage yard near residential zones.,"['spacing of proposed outdoor storage', 'Outdoor Storage yard']",high,
bza-29-19-be10fad016,vehicle_oriented,motor vehicle repair,expansion,adds_homes_or_activity,automobile_oriented,neutral,,"Expand a minor motor vehicle repair shop by adding a 3,480 square foot building.","['expand a non-conforming Minor Motor Vehicle Repair', 'adding a 3,480 square foot building']",high,
bza-29-20-787a86c963,office_or_medical,Office,change_of_use,maintains_existing_activity,mixed_or_neutral,neutral,0.0,Request to change a nonconforming dry cleaners to a nonconforming office within an existing building.,"['change from a nonconforming Dry Cleaners to a nonconforming Office', 'within an existing 4,028 square foot building']",high,
bza-29-21-cd232a5ef8,housing,townhouses,new_construction,adds_homes_or_activity,pedestrian_or_transit_supportive,neutral,23.0,Construction of four townhouse buildings containing a total of 23 residential units on vacant land.,['Construct four separate townhouse buildings containing a total of twenty three units on existing vacant land'],high,
bza-29-23-1e6ae3ddb9,housing,senior apartment building,new_construction,adds_homes_or_activity,mixed_or_neutral,neutral,35.0,"Proposal to construct a four-story, 35-unit senior living apartment building with an accessory parking area and community room.","['construct a four-story, 32,111 square-foot building', 'establish a Multiple-Family dwelling (35 senior living units)']",high,
bza-29-24-6d70f0b779,institutional_or_civic,Neighborhood Center,change_of_use,adds_homes_or_activity,mixed_or_neutral,neutral,,"Redeveloping a former school site into a non-profit neighborhood center, which includes demolishing a building and expanding the remaining structure.","['redevelop a former school site', 'demolishing an existing 10,500 square foot building', 'converting it into a Neighborhood Center Non Profit']",high,other
bza-29-25-7515a970f7,mixed_use,mixed-use building,new_construction,adds_homes_or_activity,pedestrian_or_transit_supportive,neutral,69.0,"Construct a nine-story, 69-unit mixed-use building with ground-floor commercial space and associated parking.","['construct a nine-story, 69-unit mixed use building', '2,522 square feet of ground-level commercial', '14-space parking lot underneath']",high,
bza-3-20-ab5d59efc6,signage,advertising sign,signage_installation,unclear_or_not_applicable,automobile_oriented,neutral,,Proposal for an advertising sign.,['Advertising Sign'],high,
bza-3-21-cee9bd7f02,food_or_beverage,bakery with drive-through,site_or_building_alteration,adds_homes_or_activity,automobile_oriented,neutral,,The petitioner requests to re-establish an accessory drive-through for an existing bakery.,"['re-establish an accessory, Drive-Through', 'current legal use is “Bakery”']",high,vehicle_oriented
bza-3-22-cd12f2bbc2,cannabis_or_controlled_use,Marihuana Grower Facility,change_of_use,adds_homes_or_activity,industrial_or_freight_oriented,neutral,,"Establish a marijuana grower facility in an existing 7,953 square foot building.","['establish a Marihuana Grower Facility', 'in an existing 7,953 square foot building']",high,
bza-3-24-b561a47236,housing,garage with habitable attic,new_construction,adds_homes_or_activity,mixed_or_neutral,neutral,,Construct a three-car garage with a habitable attic and storage.,['construction of a one and one half story three bay three car garage with habitable attic'],high,
bza-3-25-36721a5eeb,housing,garage with living space,new_construction,adds_homes_or_activity,pedestrian_or_transit_supportive,neutral,1.0,"The petitioner proposes an accessory structure (garage) with living space, which exceeds the maximum number of principal detached residential buildings allowed.","['Accessory Use Structure (garage) with living space', 'Exceeding the maximum number of principle detached residential buildings']",high,parking_only
bza-30-19-9c0b26b104,housing,apartment building,expansion,adds_homes_or_activity,mixed_or_neutral,neutral,12.0,Convert an existing seven-unit multiple-family dwelling into a twelve-unit dwelling with accessory parking.,"['convert an existing two-story, seven unit multiple-family dwelling into a twelve unit dwelling']",high,
bza-30-21-d888c96eb5,mixed_use,mixed-use building,new_construction,adds_homes_or_activity,pedestrian_or_transit_supportive,neutral,16.0,Construction of a new 5-story mixed-use building with 16 residential units and ground-floor retail.,"['new, 5-story, mixed-use development consisting of 16 residential units and 3,600 square feet of ground level retail']",high,
bza-30-23-0932bf1f77,housing,apartment building,new_construction,adds_homes_or_activity,mixed_or_neutral,neutral,10.0,Request for dimensional variances for a proposed 10-unit multi-family development.,['10 unit proposed multi-family development'],high,
bza-30-24-94d9984635,industrial_or_logistics,Outdoor Storage Yard,change_of_use,adds_homes_or_activity,industrial_or_freight_oriented,neutral,,Establishing a proposed outdoor storage yard in an intensive industrial district.,"['proposed outdoor storage yard', ""within 150' of residential zone district""]",high,
bza-30-25-701e35d3e8,parking_only,accessory parking lot,new_construction,adds_homes_or_activity,automobile_oriented,neutral,,Develop a 24-space accessory parking lot to serve nearby office buildings.,"['develop a 24 (twenty-four) space accessory parking lot', 'serve three Detroit-based businesses']",high,office_or_medical
bza-31-19-2cf7ef7116,office_or_medical,art studio and office space,change_of_use,maintains_existing_activity,mixed_or_neutral,neutral,,Change a former retail grocery to an art studio and technology start-up rental space.,"['change a non-conforming Retail Grocery Confectionary', 'to an Art Studio and Technology Start Up Rental Space']",high,retail_or_personal_service
bza-31-21-ace9be1d9d,mixed_use,office building and restaurant,new_construction,adds_homes_or_activity,pedestrian_or_transit_supportive,neutral,,Construction of a new four-story office building and conversion of an existing one-story building into a restaurant.,"['develop office spaces in a newly constructed four story building', 'existing one story building will be a proposed restaurant without drive-up or drive through facilities']",high,office_or_medical
bza-31-22-0443674bdf,unclear,unknown,unclear,unclear_or_not_applicable,unclear_or_not_applicable,insufficient_text,,No proposal text is provided in the record.,['nan'],low,
bza-31-23-4dc13ed6eb,housing,apartment buildings,new_construction,adds_homes_or_activity,mixed_or_neutral,neutral,16.0,Proposal to construct two multi-family buildings containing a total of 16 residential units.,"['construction of two multi-family buildings', 'total of 16 multi-family units']",high,
bza-31-24-5f6ef1ba25,retail_or_personal_service,Banquet Hall,change_of_use,adds_homes_or_activity,mixed_or_neutral,neutral,,"Establishing a banquet hall in an existing 12,000 square foot building.","['establish a Banquet Hall in an existing 12,000 square foot building']",high,food_or_beverage
bza-32-21-04cdb9c55b,retail_or_personal_service,rental hall,change_of_use,maintains_existing_activity,mixed_or_neutral,neutral,,Changing a nonconforming auto repair facility into a nonconforming rental hall.,"['change from one nonconforming use (auto repair facility)', 'to another nonconforming use (rental hall)']",high,recreation_or_open_space
bza-32-23-5510e7b99d,housing,apartment building,new_construction,adds_homes_or_activity,mixed_or_neutral,neutral,10.0,Request for dimensional variances for a proposed 10-unit multi-family development.,['10 unit proposed multi-family development'],high,
bza-32-24-9d20f69e4b,food_or_beverage,Restaurant,unclear,adds_homes_or_activity,pedestrian_or_transit_supportive,neutral,,Seeking a parking variance for a proposed restaurant that will provide zero off-street parking spaces.,"['parking variance for a proposed restaurant', '0 parking spaces provided']",medium,retail_or_personal_service
bza-33-19-ccbe2c0b37,housing,residential garage,new_construction,adds_homes_or_activity,automobile_oriented,neutral,,Construct an accessory garage with excessive height for a single-family home.,"['construct an accessory structure (garage)', 'with excessive height']",high,parking_only
bza-33-21-ebd11a8b91,cannabis_or_controlled_use,marijuana retail and provisioning center,change_of_use,adds_homes_or_activity,mixed_or_neutral,neutral,,Establishment of a marijuana retail and provisioning center facility.,['establishment of a Marijuana retail/provisioning center facility'],high,retail_or_personal_service
bza-33-23-9df1fa2044,housing,apartment buildings,new_construction,adds_homes_or_activity,mixed_or_neutral,neutral,71.0,Proposal to construct two multi-family buildings containing a total of 71 residential units.,"['construction of two multi family buildings', 'total of 71 multi family units']",high,
bza-33-24-f8b434d5ad,housing,Single-Family Dwelling,new_construction,adds_homes_or_activity,mixed_or_neutral,neutral,1.0,Constructing a new three-story single-family home on a lot with deficient area and width.,['construct a new three-story single-family dwelling'],high,
bza-34-19-e402408898,signage,illuminated business sign,signage_installation,adds_homes_or_activity,mixed_or_neutral,neutral,,Erect an internally illuminated projecting sign for a pizza restaurant.,"[""erect an internally illuminated Sign (Grandma Bob's Pizza)"", 'projecting sign is 13 square feet']",high,
bza-34-20-ee36e5ccb2,office_or_medical,commercial office,change_of_use,maintains_existing_activity,mixed_or_neutral,neutral,,"Changing a nonconforming factory into a commercial office with accessory parking, requiring variances for screening and deficient parking.","['change from one nonconforming use to another', 'current nonconforming legal use is Factory', 'proposed nonconforming use is Commercial Office']",high,industrial_or_logistics
bza-34-21-04aac96c4f,housing,townhouses,new_construction,adds_homes_or_activity,pedestrian_or_transit_supportive,neutral,3.0,Construction of three townhouse units on a vacant lot.,"['construct a total of three townhouse units on 6,804 of vacant land']",high,
bza-34-23-b9a318fe90,housing,apartment buildings,new_construction,adds_homes_or_activity,mixed_or_neutral,neutral,24.0,Proposal to develop two multi-family buildings containing a total of 24 residential units.,"['development of two buildings', '7A containing 14 multiple family units and 7B containing 10 multiple family units']",high,
bza-34-24-0550ac5afc,cannabis_or_controlled_use,Marijuana Grower Facility,change_of_use,adds_homes_or_activity,industrial_or_freight_oriented,neutral,,"Establishing a marijuana grower facility in an existing 5,950 square foot building.","['Establish a Marijuana Grower Facility (MGF) in an existing 5,950 square foot building']",high,industrial_or_logistics
bza-35-19-a7022fa187,retail_or_personal_service,Beauty salon,change_of_use,maintains_existing_activity,mixed_or_neutral,neutral,,Converting an existing non-conforming clinic into a non-conforming beauty salon.,['change a non-conforming Clinic to 1872 square foot non-conforming Beauty Salon'],high,office_or_medical
bza-35-23-80eeb47028,housing,multi-family development,new_construction,adds_homes_or_activity,mixed_or_neutral,neutral,10.0,Development of a 10-unit multi-family residential building.,['development of a 10 unit multi-family development'],high,
bza-35-24-7b8306b2c9,cannabis_or_controlled_use,Marijuana Grower Facility,change_of_use,adds_homes_or_activity,industrial_or_freight_oriented,neutral,,"Establishing a marijuana grower facility in an existing 8,677 square foot building with zero parking spaces provided.","['establish a Marijuana Grower Facility (MGF) in an existing 8,677 square foot building', '0 provided, 8 parking spaces deficient']",high,industrial_or_logistics
bza-36-19-2ede43fee8,unclear,Unknown (withdrawn),unclear,unclear_or_not_applicable,unclear_or_not_applicable,insufficient_text,,The application was withdrawn and dismissed before details were recorded.,['withdraw their application and have cases dismissed'],high,
bza-36-21-dce8b705cb,housing,townhomes,new_construction,adds_homes_or_activity,pedestrian_or_transit_supportive,neutral,64.0,Dimensional variances requested to construct 64 new townhomes across 15 three-story buildings.,"['64 new-construction townhomes', 'fifteen, 3- story buildings consisting of attached townhouse units']",high,
bza-36-23-eb4390b021,housing,residential garage,new_construction,maintains_existing_activity,automobile_oriented,neutral,,Request for dimensional variances for a residential accessory garage with a deficient side setback.,"['accessory use (Garage)', 'deficient side setback']",medium,parking_only
bza-36-24-25e89f7eb8,cannabis_or_controlled_use,Marijuana Retail/Provisioning Facility,change_of_use,adds_homes_or_activity,mixed_or_neutral,neutral,,Appealing the denial of a marijuana retail and provisioning facility due to its proximity to a drug-free zone and another controlled use.,"['Marijuana Retail/Provisioning Facility', 'within 750 radial feet of a Controlled Use', 'within 1000 radial feet of a Drug Free Zone']",high,retail_or_personal_service
bza-37-19-b5facb6e4c,signage,Wall sign,signage_installation,unclear_or_not_applicable,mixed_or_neutral,neutral,,Adding a large identification wall sign to an existing retail building.,"['ADD identification sign to the front wall of a building', 'proposed sign 680 square feet']",high,
bza-37-22-b17d680e46,housing,residential garage,new_construction,maintains_existing_activity,automobile_oriented,neutral,0.0,Construct a proposed garage in a two-family residential district.,['proposed garage in a R2 zone Two-Family Residential District'],high,
bza-37-23-9ef40df08c,cannabis_or_controlled_use,marijuana grower and processor facility,expansion,adds_homes_or_activity,industrial_or_freight_oriented,neutral,,"Expand a proposed marijuana grower and processor facility by adding 18,510 square feet in an existing industrial building.","['adding an 18,510 square foot Marijuana Grower Facility', 'existing 55,713 square foot building']",high,
bza-37-24-f961ca02ca,housing,home renovation,site_or_building_alteration,maintains_existing_activity,mixed_or_neutral,neutral,,Renovation of a back porch on an existing 100-year-old home.,['renovate existing 100 year old homes (back porch)'],high,
bza-38-19-f657c9531f,retail_or_personal_service,Retail paint supply store and auto repair,expansion,adds_homes_or_activity,automobile_oriented,neutral,,Expanding an existing auto repair facility to include a retail paint supply store and warehouse.,"['expand a Minor Motor Vehicle Repair Facility', 'add a Retail Paint Supply Store with accessory Warehouse']",high,vehicle_oriented
bza-38-20-ee1ac31af4,mixed_use,mixed-use senior housing and commercial,new_construction,adds_homes_or_activity,pedestrian_or_transit_supportive,neutral,36.0,"Development of a mixed-use project featuring 36 senior housing units and commercial space, requiring parking and loading variances.","['develop 36 units of senior housing, commercial space and parking', 'located within .50 mile of bus rapid transit', 'pedestrian oriented retail']",high,housing
bza-38-22-38ba18ce36,housing,residential garage or pole barn,new_construction,adds_homes_or_activity,automobile_oriented,neutral,0.0,Construct a pole barn or garage accessory to a single-family home.,"['construction of a pole barn/garage', 'within an R1 Single-Family Residential District']",high,
bza-38-23-2b956d227e,mixed_use,retail and restaurant,change_of_use,adds_homes_or_activity,pedestrian_or_transit_supportive,neutral,,Reestablish an abandoned retail space and convert a carry-out restaurant into a standard restaurant with on-site consumption.,"['reestablish the abandoned retail use', 'convert the abandoned Restaurant Carry-out use to nonconforming Restaurant, Standard']",high,
bza-38-24-5cdec3b56e,institutional_or_civic,emergency shelter,change_of_use,maintains_existing_activity,mixed_or_neutral,neutral,,Change of use from a nonconforming hotel to a nonconforming emergency shelter.,['change from one nonconforming use (Hotel) to another nonconforming use (Emergency Shelter)'],high,housing
bza-39-19-5ad28b381f,unclear,Unknown (withdrawn),unclear,unclear_or_not_applicable,unclear_or_not_applicable,insufficient_text,,The application was withdrawn and dismissed before details were recorded.,['withdraw their application and have cases dismissed'],high,
bza-39-23-9f515fc65e,food_or_beverage,restaurant,change_of_use,adds_homes_or_activity,pedestrian_or_transit_supportive,neutral,,Request to change an existing non-conforming motor vehicle repair garage into a standard restaurant and add a 40-square-foot addition.,"['change an existing non-conforming (Motor Vehicle Repair Garage) to a non-conforming (Standard Restaurant)', 'adding a 40 square foot addition']",high,retail_or_personal_service
bza-39-24-fc8328dfcb,other,Screen Wall,site_or_building_alteration,maintains_existing_activity,industrial_or_freight_oriented,neutral,,Constructing a 10-foot high screen wall that exceeds the maximum allowed height of 8 feet.,"['proposed wall that is excessive in height', '10’ HIGH PROPOSED']",high,
bza-4-19-9704261508,parking_only,Accessory Parking Lot,new_construction,adds_homes_or_activity,automobile_oriented,neutral,,Establish an accessory parking lot to serve an existing banquet hall.,"['establish an Accessory Parking lot', 'to serve an existing Banquet Hall']",high,retail_or_personal_service
bza-4-20-e38716d808,vehicle_oriented,auto repair shop,change_of_use,adds_homes_or_activity,automobile_oriented,neutral,,Request for an extension of a previously approved special land use to establish an auto motor repair shop.,"['proposed Auto Motor Repair Shop', 'DENIED an extension']",high,
bza-4-21-25f351c9e7,vehicle_oriented,gas station,new_construction,adds_homes_or_activity,automobile_oriented,adverse,,"The petitioner appeals the denial to construct a motor vehicle filling station on a vacant lot, which was denied due to property maintenance violations and proximity to bus stops used by children.","['Construction of a 2,475 square foot building on a vacant 20,300 square foot site to accommodate a Motor Vehicle Filling Station', 'detrimental to or endanger the social, physical, environmental or economic well-being']",high,
bza-4-22-321d323913,unclear,unknown,unclear,unclear_or_not_applicable,unclear_or_not_applicable,insufficient_text,,"The case was dismissed due to lack of activity, with no project details provided.",['Lack of Activity'],low,
bza-4-23-9c77a16125,institutional_or_civic,adult foster care facility,change_of_use,adds_homes_or_activity,mixed_or_neutral,neutral,,Establish an adult foster care facility for seven or more adults in a single-family residential district.,"['establish Adult Foster Care Facility', 'provides supervision, assistance, protection, or personal care to seven or more adults']",high,housing
bza-4-24-1781607356,housing,garage with living space,new_construction,adds_homes_or_activity,mixed_or_neutral,neutral,,Construct a garage with a small living space above it.,['Accessory Use Structure (garage with small living space above)'],high,
bza-4-25-34d6c95571,vehicle_oriented,light duty vehicle service establishment,change_of_use,adds_homes_or_activity,automobile_oriented,neutral,,"The petitioner proposes to establish a light-duty vehicle service establishment in an existing 4,645-square-foot building.","['Establish a light duty Vehicle Service establishment', 'in an existing 4,645 sq. ft. building']",high,retail_or_personal_service
bza-40-19-aae5d99948,retail_or_personal_service,Art gallery,change_of_use,adds_homes_or_activity,pedestrian_or_transit_supportive,neutral,0.0,Converting an existing single-family home into an art gallery.,"['convert an existing 2 1/2 story, 3,454 square foot single-family dwelling into an Art Gallery']",high,institutional_or_civic
bza-40-20-36fcdb76ae,food_or_beverage,restaurant,new_construction,adds_homes_or_activity,mixed_or_neutral,neutral,,The petitioner requests hardship relief to establish a restaurant across four lots in a residential district.,"['establish a restaurant on 3505 sq ft', 'Restaurants are not allowed R1']",high,change_of_use
bza-40-21-241d47ced9,parking_only,parking lot,new_construction,adds_homes_or_activity,automobile_oriented,neutral,,The applicant is requesting dimensional variances to construct an 8-space surface parking lot on a narrow residential lot.,"['construct an 8-space parking lot', ""constraints of the 35' wide lot""]",high,
bza-40-22-1bccc643ae,food_or_beverage,carryout restaurant with drive-thru,change_of_use,adds_homes_or_activity,automobile_oriented,neutral,0.0,Add a drive-thru lane and accessory parking lot to an existing carryout restaurant.,"['change from one non-conforming use', 'carry out restaurant to include drive-thru lane and accessory parking lot']",high,
bza-40-23-012c2b298a,cannabis_or_controlled_use,marijuana grower facility,change_of_use,adds_homes_or_activity,industrial_or_freight_oriented,neutral,,"Establish a marijuana grower facility in an existing 9,607 square foot building.","['establish a Marijuana Grower Facility', 'existing 9,607 square foot building']",high,
bza-40-24-8e2b4f04b1,food_or_beverage,Cigar Bar and Restaurant,change_of_use,adds_homes_or_activity,mixed_or_neutral,neutral,,Adding a retail cigar bar to the second floor of an existing standard restaurant.,['Add Retail (Cigar Bar) to the second floor of a Standard Restaurant'],high,retail_or_personal_service
bza-41-19-e5976ad285,housing,Townhouse building,new_construction,adds_homes_or_activity,mixed_or_neutral,neutral,11.0,Constructing a new 11-unit townhouse building with an accessory parking structure on vacant land.,"['construct an eleven unit, 5,760 square foot townhouse building', 'on vacant land']",high,
bza-41-21-988b579aea,housing,apartment building,new_construction,adds_homes_or_activity,pedestrian_or_transit_supportive,neutral,24.0,Parking variance requested to demolish an existing residential structure and build a 24-unit apartment building near public transit.,"['demolish residential structure and construct a three story, 24-unit apartment building', '25% public transit reduction']",high,
bza-41-22-15dfb8ba06,housing,residential garage addition,expansion,adds_homes_or_activity,automobile_oriented,neutral,0.0,Construct a garage addition to a residential dwelling.,"['proposed garage addition', 'recess the front of attached garage']",high,
bza-41-23-556360fc27,retail_or_personal_service,firearms dealership,change_of_use,adds_homes_or_activity,mixed_or_neutral,neutral,,"Establish a firearms dealership in an existing 28,000 square foot industrial building.","['establish a Firearms Dealership', 'existing 28,000 square foot building']",high,cannabis_or_controlled_use
bza-41-24-ea692df8b1,institutional_or_civic,high school parking lot,expansion,adds_homes_or_activity,automobile_oriented,neutral,,Expansion of a surface parking lot to add 121 accessory parking spaces for an existing high school.,"['Expansion of a Surface Parking Lot', 'Accessory Parking Spaces for an existing High School']",high,parking_only
bza-42-19-2143d12bd7,mixed_use,mixed-use building,new_construction,adds_homes_or_activity,pedestrian_or_transit_supportive,neutral,10.0,Construct a four-story mixed-use building with ten residential units and office space.,"['construct a mixed-use development in a four (4) story', 'six (6) Townhouse Units, four (4) Multi-family units and 1,034 square foot Office space']",high,
bza-42-20-373295a30e,housing,Townhouses,new_construction,adds_homes_or_activity,pedestrian_or_transit_supportive,neutral,8.0,"Request for dimensional variances to develop an 8-unit, 3-story townhouse building with deficient parking and setbacks.","['development of an 8 unit, 3 story Townhouse', 'Deficient parking, deficient front setback', 'Deficient rear setback']",high,
bza-42-21-7411c236b8,housing,two-family dwelling,change_of_use,adds_homes_or_activity,mixed_or_neutral,neutral,2.0,The applicant is requesting hardship relief to convert a single-family rental home into a two-family rental dwelling.,['alter property at 127 Woodland from a single-family home (rental) to a two family (rental)'],high,
bza-42-22-b5f8284c87,housing,residential addition,expansion,adds_homes_or_activity,mixed_or_neutral,neutral,,Construct an addition to an existing residential home.,['addition on existing residential home'],high,
bza-42-24-3db62ad7f6,food_or_beverage,fast-food restaurant with drive-thru,site_or_building_alteration,adds_homes_or_activity,automobile_oriented,neutral,,Renovation of an existing fast-food restaurant to add a double drive-thru lane and make other improvements.,"['renovate an existing Restaurant, fast-food', 'installation of a double drive-thru lane']",high,
bza-43-19-df0b0c111b,vehicle_oriented,Used auto sales lot,change_of_use,adds_homes_or_activity,automobile_oriented,neutral,,Establishing a used motor vehicle sales lot in an existing building.,"['establish a Used Motor Vehicle Sales lot', 'in an existing 1,792 square foot building']",high,
bza-43-20-83bc71214b,vehicle_oriented,Auto repair and used car sales,continue_or_legalize_existing_condition,maintains_existing_activity,automobile_oriented,neutral,0.0,Request for dimensional variances for deficient parking and screening at an approved auto repair and used car sales facility in an existing building.,"['approved Major Motor Vehicle Repair and Used Auto Sales Facility', 'deficient accessory parking in an existing, two-story, 9,800 square foot building']",high,site_or_building_alteration
bza-43-22-cb2a611acd,parking_only,accessory parking lot,new_construction,adds_homes_or_activity,automobile_oriented,neutral,0.0,Construct a 62-space accessory parking lot on vacant land to serve a new community center.,"['Develop a 62-space Accessory Parking Lot', 'serve a new community center', 'on existing vacant land']",high,institutional_or_civic
bza-43-24-4bc5821238,food_or_beverage,carry-out food service,change_of_use,adds_homes_or_activity,mixed_or_neutral,neutral,,The petitioner proposes to convert a vacant building into a carry-out food service establishment.,"['convert a vacant building', 'into food service carry out place']",high,retail_or_personal_service
bza-44-19-3332e2b636,parking_only,accessory parking lot,expansion,adds_homes_or_activity,automobile_oriented,neutral,,Expand an existing accessory parking lot from three to eight spaces for a multiple-family dwelling.,"['expand an existing Accessory Parking lot', 'from three (3) spaces to eight (8) spaces']",high,
bza-44-20-29912dcf2c,vehicle_oriented,Auto repair and used car sales,expansion,adds_homes_or_activity,automobile_oriented,adverse,0.0,"Appeal of a denial to expand an auto repair facility and add a used car sales lot, citing property maintenance violations, illegal storage, and neighborhood nuisance.","['expand an existing Major Motor Vehicle Repair Facility', 'add a Used Motor Vehicle Sales lot', 'detrimental to the physical environment or to public health', 'undue hardship and nuisance']",high,
bza-44-21-19025a6ffc,housing,two-family dwellings,new_construction,adds_homes_or_activity,pedestrian_or_transit_supportive,neutral,4.0,Dimensional variances requested to construct two attached two-family dwellings.,"['development of (2) Two story attached 2 family Dwellings', 'deficient front setback']",high,
bza-44-22-b4c125acb3,parking_only,accessory parking lot,new_construction,adds_homes_or_activity,automobile_oriented,neutral,0.0,Construct a 23-space accessory parking lot on vacant land to serve an existing medical marijuana facility.,"['develop a 23-space Accessory Parking Lot', 'serve an existing Medical Marihuana Provisioning Facility', 'relieve traffic at the intersection']",high,cannabis_or_controlled_use
bza-44-24-a72911911c,housing,two-family dwelling,unclear,unclear_or_not_applicable,mixed_or_neutral,neutral,2.0,Dimensional variances for side setbacks on a residential two-family dwelling.,"['dimensional variances for the residential two-family dwelling', 'building permit BLD2023-01755']",medium,
bza-45-21-6ac1bdcc56,housing,two-family dwellings,new_construction,adds_homes_or_activity,pedestrian_or_transit_supportive,neutral,4.0,Dimensional variances requested to construct two attached two-family dwellings.,"['development of (2) Two story attached 2 family Dwellings', 'deficient front setback']",high,
bza-45-22-ac51806c35,cannabis_or_controlled_use,marijuana processor facility,change_of_use,adds_homes_or_activity,industrial_or_freight_oriented,neutral,0.0,Establish a marijuana processor facility in a unit of an existing industrial building.,"['establish a Marijuana Processor Facility', '1,590 square foot unit of an existing 14,400 square foot building']",high,
bza-45-24-0ac7b21e08,vehicle_oriented,heavy vehicle repair establishment,new_construction,adds_homes_or_activity,automobile_oriented,neutral,,"Construction of a new 13,000 square foot building for a medium/heavy duty vehicle repair establishment on a vacant site.","['Construct a 13,000 square foot building', 'Medium/heavy duty vehicle or equipment repair establishment']",high,industrial_or_logistics
bza-46-19-c14dfe54e8,housing,multifamily dwelling,new_construction,adds_homes_or_activity,mixed_or_neutral,neutral,6.0,Construct a 6-unit multifamily dwelling with an accessory garage.,"['construct a (BY-RIGHT) 6 unit 8,305 square foot, Multifamily dwelling']",high,
bza-46-22-492c5e629d,housing,"house addition, pool, shed, and carport",expansion,maintains_existing_activity,mixed_or_neutral,neutral,,"The petitioner is requesting variances for excessive lot coverage and a deficient rear yard setback to construct a home addition, pool, shed, and carport.","['addition to residential home', 'construction of a pool, shed and carport', 'Excessive lot coverage']",high,recreation_or_open_space
bza-46-24-04961161fb,recreation_or_open_space,urban garden,other,adds_homes_or_activity,mixed_or_neutral,neutral,,Development of an urban garden on existing vacant land.,['Develop an Urban Garden on existing vacant land'],high,other
bza-47-19-c50f5d7e9b,cannabis_or_controlled_use,medical marijuana facility,change_of_use,adds_homes_or_activity,industrial_or_freight_oriented,neutral,,"Establish a medical marijuana provisioning, growing, and processing facility in an existing building.","['establish a Medical Marihuana Provisioning Center Facility', 'a Medical Marihuana Grower Facility', 'a Medical Marihuana Processor Facility']",high,
bza-47-24-192327b733,mixed_use,mixed-use building with apartments and parking,new_construction,adds_homes_or_activity,mixed_or_neutral,neutral,7.0,Demolition of existing buildings to construct a seven-unit mixed-use building and an accessory parking lot.,"['construct a seven-unit Multiple-Family Dwelling', 'proposed mixed-use building']",high,housing
bza-48-19-35b257663a,cannabis_or_controlled_use,Medical marijuana provisioning and processing facility,change_of_use,adds_homes_or_activity,industrial_or_freight_oriented,neutral,,Establishing a large medical marijuana provisioning and processing facility within an existing industrial building.,"['establish a Medical Marijuana Provisioning Center Facility', 'Medical Marijuana Processor Facility', 'existing 88,082 square foot building']",high,industrial_or_logistics
bza-48-21-6842fc0027,industrial_or_logistics,slaughterhouse,continue_or_legalize_existing_condition,maintains_existing_activity,industrial_or_freight_oriented,adverse,,The applicant is appealing the denial to establish a slaughterhouse that was found to be operating illegally and creating health and safety hazards for the adjacent neighborhood.,"['establishment of an Abattoir (“Slaughterhouse”)', 'posing a public health and safety hazard', 'aggravating any pre-existing physical social or economic deterioration']",high,
bza-48-22-a38616f516,vehicle_oriented,gas station with retail,site_or_building_alteration,maintains_existing_activity,automobile_oriented,adverse,0.0,Renovate an existing motor vehicle filling station with retail.,"['Renovation of an existing 1,400 square foot Motor Vehicle Filling Station', 'injurious to the use and enjoyment of other property', 'lack of complete and accurate plans']",high,
bza-48-24-4a6b166e25,housing,senior apartment building,new_construction,adds_homes_or_activity,mixed_or_neutral,neutral,49.0,"Construction of a 4-story, 49-unit senior multiple-family dwelling on vacant land.","['Construct a 49-unit, 4-story senior Multiple-Family Dwelling', 'existing vacant land']",high,
bza-49-18-7931dced47,cannabis_or_controlled_use,Medical Marihuana Caregiver Center,change_of_use,adds_homes_or_activity,mixed_or_neutral,neutral,,Establish a medical marijuana caregiver center in an existing building.,"['establish a Medical Marihuana Caregiver Center (MMCC) in an existing one-story, 2,226 square foot building']",high,retail_or_personal_service
bza-49-19-171a94dba8,housing,townhouses,new_construction,adds_homes_or_activity,mixed_or_neutral,neutral,6.0,Construct two separate three-unit townhouses.,['construct two (2) separate three unit townhouses'],high,
bza-49-21-1a9cf8794a,cannabis_or_controlled_use,marijuana retail facility,site_or_building_alteration,maintains_existing_activity,mixed_or_neutral,neutral,,Appeal of a denial to modify an existing marijuana retail facility located in a Traditional Main Street Overlay Area.,"['modification of your Marijuana Retail/Provisioning Center Facility', 'marijuana facilities are not permitted in these areas']",high,retail_or_personal_service
bza-49-22-8cce07fda5,cannabis_or_controlled_use,marijuana safety compliance facility,change_of_use,adds_homes_or_activity,mixed_or_neutral,adverse,,"The petitioner is appealing the denial of a request to add a marijuana safety compliance facility in an existing building, which was denied due to an unapproved wall blocking an alley and negative impacts on the surrounding residential properties.","['negative impact on the community', 'injurious to the use and enjoyment', 'blocks the north/south alley']",high,office_or_medical
bza-49-24-176da3f813,vehicle_oriented,auto repair shop,change_of_use,adds_homes_or_activity,automobile_oriented,neutral,0.0,Establish a light-duty vehicle service and minor repair facility.,"['proposed change of use to ‘Light Duty Vehicle Service Establishment', 'Minor Repair Facility']",high,retail_or_personal_service
bza-5-19-2dc104a2e6,mixed_use,Mixed Use Development,new_construction,adds_homes_or_activity,pedestrian_or_transit_supportive,neutral,38.0,Construct a new mixed-use development with 38 residential units and a medical office.,"['construct a Mixed Use Development with Townhouses (17 units), Multi-Family Dwelling (21 units) and Medical Office (3,000 sq. ft)']",high,housing
bza-5-20-fc09d791a0,food_or_beverage,restaurant,change_of_use,adds_homes_or_activity,pedestrian_or_transit_supportive,neutral,0.0,Establish a restaurant with a second-floor outdoor seating area in an existing two-story building.,"['establish a Standard Restaurant', 'second floor outdoor seating area', 'existing two-story 5,818 square foot building']",high,
bza-5-24-129e13df5d,housing,residential garage,new_construction,adds_homes_or_activity,automobile_oriented,neutral,,Construct a residential accessory garage.,['Accessory Use Structure (garage)'],high,
bza-5-25-489295d35a,institutional_or_civic,private social club,change_of_use,adds_homes_or_activity,mixed_or_neutral,neutral,,The petitioner proposes to establish a private social club.,['establish a Private Social Club'],high,retail_or_personal_service
bza-50-19-a14aec6068,housing,townhouses,new_construction,adds_homes_or_activity,mixed_or_neutral,neutral,5.0,Construct a five-unit townhouse building.,"['construct a five unit 13,901 square foot Townhouse building']",high,
bza-50-22-e2dd6e5b59,housing,multi-family residential development,new_construction,adds_homes_or_activity,mixed_or_neutral,neutral,27.0,Construct a residential development with 27 units across multiple buildings on combined parcels.,"['nine (9) stacked two-family dwellings', 'four (4) second-story, two-family dwellings', 'one (1) second-story, single-family dwelling']",high,
bza-50-24-10e21a7cea,mixed_use,mixed-use residential and commercial building,new_construction,adds_homes_or_activity,pedestrian_or_transit_supportive,neutral,10.0,Request for hardship relief to construct a new building with 10 residential units and one commercial space.,"['establish a 11,903 sq ft building with 10 residential units', 'one commercial space with 615 sq. Ft']",high,housing
bza-51-19-16581fdd54,cannabis_or_controlled_use,medical marijuana grower facility,change_of_use,adds_homes_or_activity,mixed_or_neutral,adverse,,"Establish a medical marijuana grower facility, which was denied due to proximity to a drug-free zone.","['proposed MMGF site is located 438 feet from a ""DRUG FREE ZONE""']",high,
bza-51-22-07f10681c0,housing,detached garage,new_construction,maintains_existing_activity,automobile_oriented,neutral,,The petitioner is requesting a variance for excessive height to construct a detached garage behind an existing single-family residence.,"['construction of detached garage behind single-family residence', 'Excessive Height']",high,
bza-51-24-646801293c,vehicle_oriented,vehicle repair establishment,change_of_use,adds_homes_or_activity,automobile_oriented,neutral,,Addition of a light duty vehicle repair establishment within an existing building.,"['Add a light duty Vehicle Repair Establishment', 'within an existing 16,951 square foot building']",high,
bza-52-19-7051e12b93,vehicle_oriented,motor vehicle repair facility,change_of_use,adds_homes_or_activity,automobile_oriented,neutral,,Establish a major motor vehicle repair facility in an existing building.,"['establish a major motor vehicle repair facility (no painting) in an existing 2,562 square foot building']",high,
bza-52-22-dbe49059e9,food_or_beverage,restaurant with accessory parking lot,change_of_use,adds_homes_or_activity,automobile_oriented,neutral,,The petitioner is requesting variances for deficient setbacks to build an accessory parking lot for a newly established restaurant serving alcohol in an existing building.,"['establish a Standard Restaurant with the sale of beer or alcoholic consumption', 'Accessory Parking Lot on existing vacant land']",high,retail_or_personal_service
bza-52-23-a7b9086fdb,unclear,unknown,unclear,unclear_or_not_applicable,unclear_or_not_applicable,insufficient_text,,Case dismissed at petitioner's request; no project details provided.,['at the Petitioner’s Request Case No. 52-23 should be Dismissed'],high,
bza-53-18-249a9f612c,cannabis_or_controlled_use,Medical Marihuana Caregiver Center,change_of_use,adds_homes_or_activity,mixed_or_neutral,neutral,,Establish a medical marijuana caregiver center in an existing building.,"['establishment of a Medical Marihuana Caregiver Center (MMCC) in an existing approximate 3,600 square foot building']",high,retail_or_personal_service
bza-53-19-966124a009,signage,billboard,signage_installation,maintains_existing_activity,automobile_oriented,neutral,,Replace an existing non-conforming billboard with a new non-conforming advertising sign structure.,['replace an existing non-conforming Billboard Structure with a NEW non-conforming advertising sign structure'],high,
bza-53-22-f89cd6be57,industrial_or_logistics,meat processing facility,change_of_use,adds_homes_or_activity,industrial_or_freight_oriented,neutral,,The petitioner is requesting a parking variance to establish a meat processing facility in an existing two-story building with zero off-street parking spaces provided.,"['establish the use of a High-Impact Manufacturing or Processing', 'Meat processing facility', 'Zero off-street parking spaces are being proposed']",high,food_or_beverage
bza-53-23-cdc298d7fd,unclear,unclear,unclear,unclear_or_not_applicable,unclear_or_not_applicable,insufficient_text,,Case dismissed at petitioner's request with no project details provided.,['dismiss at petitioners request'],high,
bza-53-24-56e59115b1,housing,townhouses,new_construction,adds_homes_or_activity,mixed_or_neutral,neutral,7.0,Construction of seven townhouse units on a vacant site.,"['Construct seven Townhouse units', 'vacant 0.133-acre site']",high,
bza-54-19-b25700d41d,mixed_use,Mixed-use residential and community facility,new_construction,adds_homes_or_activity,pedestrian_or_transit_supportive,neutral,43.0,Constructing a new mixed-use building with 43 residential units and various ground-floor community and commercial spaces.,"['construct 43 residential dwelling units', '1st floor community health center, nonprofit office space', 'café, community kitchen and salon']",high,housing
bza-54-23-6eab1a3ade,unclear,unknown,unclear,unclear_or_not_applicable,unclear_or_not_applicable,insufficient_text,,"The case was dismissed due to lack of progress, with no project details provided.",['dismiss due to lack of progress'],low,
bza-54-24-ed802c4239,housing,single-family home above a boathouse,new_construction,adds_homes_or_activity,mixed_or_neutral,neutral,1.0,Development of a single-family residence located above a boathouse.,['develop a Single-Family Residential located above a boathouse'],high,
bza-55-19-0f4e1aa768,vehicle_oriented,used motor vehicle sales lot,change_of_use,adds_homes_or_activity,automobile_oriented,neutral,,Establish a used motor vehicle sales lot in an existing building.,"['establish a Used Motor Vehicle Sales Lot in an existing 2,250 square foot building']",high,
bza-55-21-48ef6cb9d1,housing,multi-family buildings,new_construction,adds_homes_or_activity,pedestrian_or_transit_supportive,neutral,,Dimensional variances requested to construct two three-story multi-family buildings on vacant lots.,"['establish two three-story, Multi-Family buildings on five vacant addresses', 'rear setback 30 ft. required; 6 ft. 3 in. proposed']",high,
bza-55-22-5f45ad09c6,institutional_or_civic,private social club,change_of_use,maintains_existing_activity,mixed_or_neutral,neutral,,The petitioner is seeking approval to change an existing nonconforming retail store with alcohol sales into a nonconforming private social club.,['change from one nonconforming use (Retail Store w/SDM & SDD Licenses) to another nonconforming use (Private Social Club)'],high,retail_or_personal_service
bza-55-24-5abfd2ee33,vehicle_oriented,auto repair and tire sales,expansion,adds_homes_or_activity,automobile_oriented,neutral,0.0,Expand an existing auto repair and tire sales business onto an adjacent vacant lot.,"['expand an existing nonconforming Light Duty Vehicle Repair-New and Used Tire Sales', 'adding 7531 Greenfield, a 2,020 square foot vacant lot']",high,retail_or_personal_service
bza-56-19-d21ffb627f,vehicle_oriented,Motor vehicle repair facility,continue_or_legalize_existing_condition,maintains_existing_activity,automobile_oriented,neutral,,Legalize the existing expansion of a major motor vehicle repair facility.,['legalized the expansion of a Major Motor Vehicle Repair Facility'],high,
bza-56-21-13962dbe62,housing,townhouses,new_construction,adds_homes_or_activity,pedestrian_or_transit_supportive,neutral,4.0,Dimensional variances requested to build a four-unit townhouse development with detached garages on vacant land.,"['construct a four-unit, three-story 4,800 square foot Townhouse development', 'Deficient front setback: 4’ provided', 'four spaces proposed, deficient two spaces']",high,
bza-56-22-ec38b25482,cannabis_or_controlled_use,marijuana retail facility,change_of_use,adds_homes_or_activity,mixed_or_neutral,neutral,,"The petitioner is appealing the denial of a proposed marijuana retail facility, which was rejected for being located too close to an existing approved marijuana facility.","['establishment of a Marijuana Retail/Provisioning Facility', 'located within 1000 radial feet of a Marijuana Retail/Provisioning Facility']",high,retail_or_personal_service
bza-56-23-c15a6bc544,retail_or_personal_service,gas station store and retail spaces,site_or_building_alteration,adds_homes_or_activity,automobile_oriented,neutral,,Renovation of an existing gas station store to add two retail tenant spaces within the building.,"['renovate an existing 6,440 square foot gas station store', 'adding two future retail tenant spaces']",high,vehicle_oriented
bza-56-24-ac697c2a02,retail_or_personal_service,liquor store,change_of_use,adds_homes_or_activity,pedestrian_or_transit_supportive,neutral,0.0,"Establish a retail store with liquor, beer, and wine licenses in a ground-floor tenant space of an existing mixed-use building.","['establishment of a Specially Designated Distributors’', 'Specially Designated Merchant’s', 'tenant space on the ground floor of an existing mixed used building']",high,food_or_beverage
bza-57-18-3495b99b21,cannabis_or_controlled_use,Medical Marihuana Caregiver Center,change_of_use,adds_homes_or_activity,mixed_or_neutral,neutral,,"Establish a medical marijuana caregiver center in a 1,380 square foot unit of an existing building.","['establish a medical marihuana caregiver center', 'in an existing 1,380 square foot unit of an existing two-unit 2,760 square foot building']",high,retail_or_personal_service
bza-57-19-8dd8e8bb14,housing,Boathouse and garage,site_or_building_alteration,maintains_existing_activity,mixed_or_neutral,neutral,0.0,Rebuild an accessory boathouse and garage structure for a single-family home.,['rebuild accessory structure (boathouse/garage)'],high,recreation_or_open_space
bza-57-22-29d327c7bd,housing,carriage house and four seasons room,new_construction,adds_homes_or_activity,mixed_or_neutral,neutral,,"The petitioner is requesting variances to construct a carriage house and a four seasons room on a single-family residential lot, which conflicts with the rule against multiple principal residential buildings on one lot.","['construct 2 structures (carriage house and four seasons room)', 'not more than one principal detached residential building shall be located']",high,recreation_or_open_space
bza-57-24-083f13055b,retail_or_personal_service,hostel,new_construction,adds_homes_or_activity,mixed_or_neutral,neutral,,Appeal of a condition requiring a Phase II Environmental Assessment for a previously approved new hostel on a vacant site.,"['construct a hostel on a 0.5 acre vacant site', 'provide a Phase II Environmental Assessment']",high,housing
bza-58-19-df53c91db1,parking_only,Accessory parking lot,new_construction,adds_homes_or_activity,automobile_oriented,neutral,0.0,Establish a 22-space accessory parking lot to serve an existing school.,['establish a 22-space Accessory Parking Lot to serve a School'],high,institutional_or_civic
bza-58-22-943196124c,mixed_use,mixed-use building with apartments and retail,new_construction,adds_homes_or_activity,pedestrian_or_transit_supportive,neutral,53.0,"The petitioner proposes to demolish an existing structure and build a four-story mixed-use building with 53 residential units, ground-floor commercial space, and a surface parking lot, requiring a variance for deficient parking.","['construct a four-story, mixed-use building', 'containing 53 residential units', 'ground level commercial, retail, and service-oriented space']",high,housing
bza-58-24-6532bebb8a,mixed_use,mixed-use building,change_of_use,adds_homes_or_activity,pedestrian_or_transit_supportive,neutral,14.0,Renovate an existing building into a 14-unit residential loft structure with ground-floor commercial space.,"['renovate an existing 23,472 square foot building', '14-unit residential loft structure', 'commercial space on the ground floor']",high,housing
bza-59-21-1c38dd3618,vehicle_oriented,gas station,new_construction,adds_homes_or_activity,automobile_oriented,neutral,,The applicant is requesting dimensional variances to construct a new gas station with a retail building and three pump islands.,"['construct a 2,500 square foot Motor Vehicle Filling Station with retail and three pump islands']",high,
bza-59-22-b75dd5795b,housing,house addition,expansion,maintains_existing_activity,mixed_or_neutral,neutral,,The petitioner is requesting variances for excessive lot coverage and a deficient side setback to build a 614-square-foot addition to an existing single-family home.,"['proposed 614 SF addition to the existing Single-Family Dwelling', 'excessive lot coverage by 11%']",high,
bza-59-24-7f6f8d4dde,vehicle_oriented,gas station with carry-out restaurant and auto service,expansion,adds_homes_or_activity,automobile_oriented,neutral,,"The petitioner proposes to expand an existing gas station, auto service, and convenience store by constructing a 999-square-foot addition for a carry-out restaurant.","['expand a legal nonconforming 2,171 square foot gas station', 'adding a carry out restaurant', 'construction an approximately 999 square foot addition']",high,food_or_beverage
bza-6-19-2b90e3b9d9,retail_or_personal_service,convenience and cellular store,expansion,adds_homes_or_activity,mixed_or_neutral,neutral,,Add a convenience store with alcohol sales and a cellular repair store to an existing retail building.,"['add a C-Store with SDM-SDD and cellular store with repair', 'to a Retail Store building']",high,food_or_beverage
bza-6-20-21fe579224,housing,Single-family home,new_construction,adds_homes_or_activity,mixed_or_neutral,neutral,1.0,Proposal to construct a new single-family residence with an attached garage requiring setback variances.,"['construct a 1,701 sq. ft. Single Family Residence', 'with 720 sq. ft. attached garages']",high,
bza-6-25-1d092416b3,vehicle_oriented,used vehicle sales and repair,expansion,adds_homes_or_activity,automobile_oriented,neutral,,Expand an existing used motor vehicle sales lot and light duty vehicle repair facility.,"['expand an existing Motor Vehicles, Used Salesroom or Sales Lot and Light Duty Vehicle Repair']",high,
bza-60-19-c1f3b6a77d,cannabis_or_controlled_use,Medical marijuana facility,change_of_use,adds_homes_or_activity,industrial_or_freight_oriented,neutral,0.0,"Establish a medical marijuana provisioning, growing, and processing facility in an existing building.","['establish a Medical Marihuana Provisioning Center Facility, a Medical Marihuana Grower Facility and a Medical Marihuana Processor Facility']",high,
bza-60-21-edd97a26a1,recreation_or_open_space,outdoor entertainment pavilion and bar,new_construction,adds_homes_or_activity,mixed_or_neutral,neutral,,The applicant is requesting variances to build an outdoor entertainment pavilion with a soundstage and an enclosure for alcohol consumption.,"['Construct a 934 square foot Commercial Outdoor Entertainment pavilion', 'Alcohol Consumption on the Premises']",high,food_or_beverage
bza-60-22-958ec66e06,housing,apartment building,new_construction,adds_homes_or_activity,mixed_or_neutral,neutral,65.0,The petitioner is requesting variances to construct a three-story multi-family building with 65 residential units and accessory parking on adjacent lots.,"['construction of a three-story', 'multi-family building will now contain 65 residential dwelling units', 'accessory parking spaces shall be located on']",high,mixed_use
bza-60-24-fc667bdd68,mixed_use,mixed-use building,change_of_use,adds_homes_or_activity,pedestrian_or_transit_supportive,neutral,10.0,Establish 10 residential dwelling units and ground-floor commercial space in a building.,"['establish 10 residential dwelling units on the second floor', '4,800 square feet of permitted commercial space on the 1st floor']",high,housing
bza-61-18-2008f817ed,retail_or_personal_service,rental hall,change_of_use,adds_homes_or_activity,mixed_or_neutral,neutral,,"Establish a 4,160 square foot rental hall.","['establish a 4,160 square foot Rental Hall']",high,recreation_or_open_space
bza-61-19-4e42da9805,mixed_use,Cabaret and office,change_of_use,adds_homes_or_activity,pedestrian_or_transit_supportive,neutral,0.0,Convert two vacant buildings into a single building to establish a cabaret and office space.,"['convert two adjacent vacant buildings', 'establish a Cabaret and Office']",high,food_or_beverage
bza-61-21-d38fa68bf4,housing,detached two-car garage,site_or_building_alteration,maintains_existing_activity,automobile_oriented,neutral,,Rebuild a detached accessory two-car garage for a single-family home.,['rebuild a detached accessory two-car garage'],high,
bza-61-22-401fb1319a,housing,deck addition,expansion,maintains_existing_activity,mixed_or_neutral,neutral,,The petitioner is requesting a variance for excessive lot coverage to build a deck addition to the rear of an existing house.,"['proposed addition (deck) to rear of house', 'Excessive Lot Coverage']",high,
bza-61-24-a638176bcc,housing,residential garage,new_construction,maintains_existing_activity,automobile_oriented,neutral,0.0,Construct a new 30 by 50-foot garage in the rear of an existing residential lot.,['construct a new 30 by 50-foot garage in the rear of existing lot'],high,vehicle_oriented
bza-62-19-80921f9b24,vehicle_oriented,Motor vehicle repair facility and sales lot,new_construction,adds_homes_or_activity,automobile_oriented,neutral,0.0,Construct a new building for a major motor vehicle repair facility and used auto sales lot.,"['construction of a Major Motor Vehicle Repair Facility with Used Motor Vehicle Sales Lot in a new 3,200 square foot building']",high,
bza-62-22-fb5b5b77b1,cannabis_or_controlled_use,Marijuana Safety Compliance Facility,change_of_use,adds_homes_or_activity,mixed_or_neutral,neutral,,Establish a Marijuana Safety Compliance Facility in an existing building.,"['Establish a Marijuana Safety Compliance Facility (MSCF) in an existing 2,385 square foot building']",high,
bza-62-24-e9793916e2,housing,multi-family housing,new_construction,adds_homes_or_activity,mixed_or_neutral,neutral,24.0,Construct 24 dwelling units across multiple two-story buildings.,"['construct twenty (20) dwelling units in ten (10) two-story buildings', 'construct 4 two story dwelling units']",high,
bza-63-19-7f94d4aa9b,vehicle_oriented,Motor vehicle repair facility and sales lot,change_of_use,adds_homes_or_activity,automobile_oriented,neutral,0.0,Establish a major motor vehicle repair facility and used auto sales lot in an existing building.,"['establishment of a Major Motor Vehicle Repair Facility with Used Motor Vehicle Sales Lot in an existing 5,600 square foot building']",high,
bza-63-22-01da7e63d3,housing,accessory dwelling unit and home expansion,new_construction,adds_homes_or_activity,mixed_or_neutral,neutral,1.0,Construct a new residential dwelling along the rear alley and expand an existing single-family dwelling.,"['addition of a new 615 square foot residential dwelling along the rear alley', 'proposed expansion of 200 square feet']",high,
bza-63-24-ee881c1b59,vehicle_oriented,gas station,continue_or_legalize_existing_condition,maintains_existing_activity,automobile_oriented,neutral,,Re-establish a currently nonconforming gas station.,['re-establish a currently nonconforming gas station'],high,
bza-64-19-20a7b65020,food_or_beverage,Cabaret,change_of_use,adds_homes_or_activity,pedestrian_or_transit_supportive,neutral,0.0,Establish a cabaret in an existing building.,"['establishment of a Cabaret (Group B License) in an existing 3,955 square foot building']",high,retail_or_personal_service
bza-64-22-591273173f,institutional_or_civic,domestic violence shelter,unclear,adds_homes_or_activity,unclear_or_not_applicable,neutral,,Hardship relief petition to establish a women's domestic violence shelter in a single-family residential district.,['Hardship Relief Petition for a Women Domestic Violence Shelter'],medium,housing
bza-64-24-a56bb532d6,parking_only,accessory parking lot,new_construction,adds_homes_or_activity,automobile_oriented,neutral,0.0,Develop a 17-space accessory parking lot to serve a nearby mixed-use building.,"['develop a 10,584 square foot, 17 space accessory parking lot', 'serve a re-developed mixed use building']",high,mixed_use
bza-65-19-ece5db0d26,signage,roof mounted neon sign,signage_installation,maintains_existing_activity,mixed_or_neutral,neutral,,Change an existing roof sign to a roof-mounted neon sign.,['changing the sign to a Roof Mounted Neon Sign'],high,
bza-65-24-4abb08cb2f,institutional_or_civic,neighborhood center and outdoor recreation facility,change_of_use,adds_homes_or_activity,mixed_or_neutral,neutral,0.0,Establish a non-profit neighborhood center in an existing single-family home and an outdoor recreation facility on an adjacent lot.,"['Establish a Neighborhood Center, Non-profit in an existing single-family dwelling', 'Outdoor Recreation Facility on an adjacent vacant lot']",high,recreation_or_open_space
bza-65-33-781a0accb3,unclear,unknown,unclear,unclear_or_not_applicable,unclear_or_not_applicable,insufficient_text,,"The case was dismissed due to lack of activity, with no project details provided.",['Lack of Activity'],low,
bza-66-19-63716eb5c4,vehicle_oriented,Motor vehicle repair facility and sales lot,change_of_use,adds_homes_or_activity,automobile_oriented,neutral,0.0,Establish a major motor vehicle repair facility and used auto sales lot in an existing building.,"['establishment of a Major Motor Vehicle Repair Facility with Used Motor Vehicle Sales Lot in an existing 9,800 square foot building']",high,
bza-66-22-a6e0b1dc18,housing,accessory dwelling unit,change_of_use,adds_homes_or_activity,mixed_or_neutral,neutral,1.0,Convert an existing garage into an accessory residential dwelling.,['convert the existing garage into an accessory 2 story 580 square foot residential dwelling'],high,
bza-66-24-27cac6bb0f,housing,apartment building,expansion,adds_homes_or_activity,pedestrian_or_transit_supportive,neutral,7.0,Add 7 new studio units to the basement of an existing 51-unit apartment building.,"['increase an existing apartment building with 7 new studio units to the basement', 'total of 58 units']",high,
bza-67-18-3e522c88c3,housing,multifamily dwelling,new_construction,adds_homes_or_activity,mixed_or_neutral,neutral,19.0,Construct a 19-unit affordable multifamily dwelling.,"['construct a (BY-RIGHT) Multi-family, dwelling containing 19 Affordable Housing Units']",high,
bza-67-19-dd6df5c915,retail_or_personal_service,rental hall,change_of_use,adds_homes_or_activity,automobile_oriented,neutral,,"The petitioner proposes to establish a rental hall with a commercial kitchen in an existing building, requiring dimensional variances for parking lot screening.","['establish a 6,347 square foot Rental Hall with a Commercial Kitchen', 'first floor of an existing 20,202 square foot building', 'commercial parking lot']",high,food_or_beverage
bza-67-21-1beb30943a,mixed_use,multi-family residential with childcare center,new_construction,adds_homes_or_activity,pedestrian_or_transit_supportive,neutral,45.0,Construct a 3-story building with 45 multi-family dwelling units and a first-floor childcare center.,"['construct a 3-story, 56,196 square foot building', 'containing 45 multi-family dwelling units', 'with a 1st Floor Childcare center']",high,housing
bza-67-24-6a04eb879d,other,electrical equipment upgrade,site_or_building_alteration,maintains_existing_activity,mixed_or_neutral,neutral,,Request to upgrade electrical equipment on the exterior of an existing nonconforming building.,['expand existing nonconforming use by upgrading electrical equipment located on the south elevation'],medium,unclear
bza-68-18-995664bec8,cannabis_or_controlled_use,medical marijuana provisioning center,change_of_use,adds_homes_or_activity,mixed_or_neutral,neutral,0.0,Establish a medical marijuana provisioning center in an existing building.,"['establishment of a Medical Marihuana Provisioning Center Facility', 'existing approximate 2,941 square foot building']",high,
bza-68-24-956bfd6d3d,housing,carriage house,new_construction,adds_homes_or_activity,mixed_or_neutral,neutral,1.0,Construct a 966-square-foot carriage house with a 2-car garage in the rear yard of an existing residential lot.,"['construct a 966 square foot accessory structure (Carriage home)', 'rear yard of existing lot with a 2-car garage included']",high,vehicle_oriented
bza-7-19-8a6c93d171,food_or_beverage,Cabaret,change_of_use,adds_homes_or_activity,pedestrian_or_transit_supportive,neutral,,"Establish a cabaret in an existing 3,250 square foot building with no parking provided.","['establish a Cabaret', 'in a 3,250 square foot building', 'the required number of parking spaces is 19; 0 are proposed']",high,retail_or_personal_service
bza-7-20-39fc390e6c,mixed_use,mixed-use development,new_construction,adds_homes_or_activity,pedestrian_or_transit_supportive,neutral,225.0,"Develop a large mixed-use project containing retail, office, a 118-room hotel, and 225 residential units.","['develop Retail Space', '118 Room Hotel Space', '225 multi-unit Residential Space']",high,site_or_building_alteration
bza-7-22-e8bc45c9d7,cannabis_or_controlled_use,Marihuana Retail and Safety Compliance Facility,change_of_use,adds_homes_or_activity,automobile_oriented,adverse,,"Establish a marijuana retail and safety compliance facility in an existing 1,400 square foot building.","['establishment of a Marihuana Retail/Provisioning Facility', 'injurious to the use and enjoyment of other properties', 'over-saturation of other marijuana facilities']",high,
bza-7-24-5ad1c5fa16,housing,single-family home,new_construction,adds_homes_or_activity,mixed_or_neutral,neutral,1.0,Construction of a new single-family residential property.,['construction of a single-family residential property'],high,
bza-7-25-6f5b94d140,retail_or_personal_service,tattoo shop,change_of_use,adds_homes_or_activity,pedestrian_or_transit_supportive,neutral,,The petitioner proposes to establish a tattoo shop in a 615-square-foot ground-floor unit of an existing building.,"['establish a body art facility (Tattoo Shop)', 'in a 615 square foot ground floor unit of an existing 7,832 square foot building']",high,
bza-70-21-c405bd7cdb,cannabis_or_controlled_use,Medical Marihuana Grower and Processor Facility,change_of_use,adds_homes_or_activity,industrial_or_freight_oriented,neutral,,"Establish a medical marijuana grower and processor facility in an existing 56,560 square foot industrial building.","['Establish a Medical Marihuana Grower Facility', 'in an existing 56,560 square foot building']",high,
bza-70-22-983cbd4b8b,housing,residential garage,new_construction,maintains_existing_activity,automobile_oriented,neutral,0.0,Construct a detached 2-car garage in the rear yard of a single-family lot.,['construct a detached 430 square foot 2 car garage in the rear yard'],high,
bza-70-24-782fb1ee01,unclear,unknown,unclear,unclear_or_not_applicable,unclear_or_not_applicable,insufficient_text,,"The case was dismissed because it is being recommended for rezoning, with no details provided about the proposed land use.",['recommended for re-zoning'],low,
bza-71-19-ed59cd56e2,housing,Single-family dwelling with boat slips,new_construction,adds_homes_or_activity,mixed_or_neutral,neutral,1.0,Demolish an existing boathouse and construct a new residential unit with three boat slips underneath.,"['demolish an existing boathouse and replace it with a residential unit', 'three boat slips underneath the residence']",high,
bza-71-22-235ad6936d,cannabis_or_controlled_use,marijuana grower facility,change_of_use,adds_homes_or_activity,industrial_or_freight_oriented,neutral,,Appealing the denial to establish a marijuana grower facility in an existing industrial building.,"['Establish a Marijuana Grower Facility (MGF)', 'existing 4,874 square foot building']",high,
bza-72-18-196a5b43c0,vehicle_oriented,Hand Car Wash,change_of_use,adds_homes_or_activity,automobile_oriented,neutral,,Establish a hand car wash in an existing building.,"['establishment of a Motor Vehicle Washing and Steam Cleaning Facility (Hand Car Wash) in an existing 1,220 square foot building']",high,retail_or_personal_service
bza-72-19-be782cacfd,vehicle_oriented,auto repair shop,change_of_use,adds_homes_or_activity,automobile_oriented,neutral,,"The petitioner requests permission to establish a minor auto repair shop in an existing building, seeking parking variances.","['establish a Minor Auto Repair', 'in an existing 2,370 sq. ft. building']",high,
bza-73-19-34f97db8c8,vehicle_oriented,auto repair shop,expansion,adds_homes_or_activity,automobile_oriented,neutral,,The petitioner appeals the denial of a site plan to expand an existing minor motor vehicle repair shop from three to seven service bays.,"['intensification of the current use Minor Motor Vehicle Repair', 'from three (3) service bays to seven (7) service bays']",high,
bza-73-21-281525e794,cannabis_or_controlled_use,marijuana grower facility,change_of_use,adds_homes_or_activity,industrial_or_freight_oriented,neutral,,The applicant is requesting variances to establish a marijuana grower facility within a portion of a large existing industrial building.,"['establish a Marijuana Grower Facility (MGF)', 'in a 38,326 square foot portion of an existing 231,686 square foot building']",high,industrial_or_logistics
bza-73-22-965d798f67,food_or_beverage,restaurant,change_of_use,adds_homes_or_activity,pedestrian_or_transit_supportive,neutral,0.0,Convert existing commercial and residential buildings into a restaurant with outdoor seating.,"['convert the existing commercial building into a restaurant', 'convert the entire residential building area for restaurant', 'provide a 170 square foot outdoor seating area']",high,
bza-74-19-05e355c7b2,office_or_medical,office,change_of_use,adds_homes_or_activity,mixed_or_neutral,neutral,,"The petitioner requests to change the use of a vacant building, previously retail, to an office use.","['change from the current legal use “Vacant”', 'to another nonconforming use (Office)']",high,
bza-74-21-4b77c7f140,vehicle_oriented,towing service storage yard,expansion,adds_homes_or_activity,automobile_oriented,neutral,,"The applicant is appealing a denial to expand an existing towing storage yard onto adjacent parcels, significantly increasing its vehicle capacity.","['expand an existing Towing Service Storage Yard', 'increase the storage capacity from 100 to 350 cars']",high,industrial_or_logistics
bza-74-22-7d9c062553,housing,townhouse development,new_construction,adds_homes_or_activity,mixed_or_neutral,neutral,6.0,Construct a six-unit townhouse development on vacant land.,['construct a six-unit Townhouse development on existing vacant land'],high,
bza-75-18-7d8e616722,cannabis_or_controlled_use,Medical Marihuana Provisioning Center,change_of_use,adds_homes_or_activity,mixed_or_neutral,neutral,,Establish a medical marijuana provisioning center in an existing building.,['establishment of a Medical Marihuana Provisioning Center Facility (MMPCF) in an existing building'],high,retail_or_personal_service
bza-75-19-9591bc33b1,vehicle_oriented,gas station and carry-out restaurant,site_or_building_alteration,maintains_existing_activity,automobile_oriented,neutral,,The petitioner seeks a waiver for landscaping and screening requirements for an approved gas station with a carry-out restaurant.,"['established Motor Vehicle Filling Station with Carry-out Restaurant', 'petitioner seeking waiver for landscaping and screening']",high,food_or_beverage
bza-75-21-9044d745bd,mixed_use,mixed-use commercial and institutional building,new_construction,adds_homes_or_activity,pedestrian_or_transit_supportive,neutral,,"The applicant is requesting variances to construct a new two-story mixed-use building featuring a grocery, office, banquet hall, and culinary school, along with a surface parking lot.","['proposed construction of a grocery/office/rental/banquet hall and culinary school', 'development of the roughly 30,000 sf, 2 story building']",high,
bza-75-22-e3fe10778e,signage,hotel sign,signage_installation,maintains_existing_activity,mixed_or_neutral,neutral,0.0,Install a sign for a new seven-story hotel.,"['proposed sign at a new seven-story, 142,928 square foot, 227-room hotel']",high,
bza-76-18-cbc171d150,cannabis_or_controlled_use,Medical Marihuana Provisioning Center,change_of_use,adds_homes_or_activity,mixed_or_neutral,neutral,,Establish a medical marijuana provisioning center in an existing building.,['establishment of a Medical Marihuana Provisioning Center Facility (MMPCF) in an existing building'],high,retail_or_personal_service
bza-76-19-5db6a813e8,signage,electronic projecting sign,signage_installation,unclear_or_not_applicable,mixed_or_neutral,neutral,,The petitioner requests dimensional variances to install a large projecting electronic message board sign on a six-story building.,"['sign projecting into the right of way with electronic message board display', '351.4 square feet in area on a 6 story 39,560 square foot building']",high,
bza-76-19-8948b8b0cf,cannabis_or_controlled_use,medical marijuana provisioning center,change_of_use,adds_homes_or_activity,mixed_or_neutral,neutral,,The petitioner appeals the denial of a medical marijuana provisioning center in an existing building due to its proximity to a drug-free zone and outdoor recreation facility.,"['establishment of a Medical Marihuana Provisioning Center Facility', 'within 950 feet of a ""DRUG FREE ZONE"" known as Wells Playground']",high,retail_or_personal_service
bza-76-24-6ee5d23546,vehicle_oriented,auto repair shop,expansion,adds_homes_or_activity,automobile_oriented,neutral,,Request to expand an existing minor auto repair shop by adding adjacent lots and constructing a building addition.,"['expand a legal nonconforming Light Duty Vehicle Service Establishment (Minor Auto Repair)', '1,246 square foot addition']",high,
bza-77-18-95afed9f1e,cannabis_or_controlled_use,Medical Marihuana Provisioning Center,change_of_use,adds_homes_or_activity,mixed_or_neutral,neutral,,Establish a medical marijuana provisioning center in an existing building.,['establishment of a Medical Marihuana Provisioning Center Facility (MMPCF) in an existing building'],high,retail_or_personal_service
bza-77-19-a7f510e04a,parking_only,accessory parking lot,new_construction,adds_homes_or_activity,automobile_oriented,neutral,,The petitioner requests variances to establish an 18-space accessory parking lot on a vacant site to serve an existing restaurant.,"['establish an eighteen space Accessory Parking lot', 'on a vacant 10,600 square foot site', 'to serve an existing restaurant']",high,food_or_beverage
bza-77-21-46450fedf6,housing,townhouses,new_construction,adds_homes_or_activity,pedestrian_or_transit_supportive,neutral,,Construct townhouses in a medium density residential district.,['proposed use of “townhouses”'],medium,
bza-77-24-8710bfed88,mixed_use,mixed-use residential and commercial building,new_construction,adds_homes_or_activity,pedestrian_or_transit_supportive,neutral,32.0,"Request for dimensional variances to construct a four-story, 32-unit mixed-use building with commercial space and accessory parking on a vacant site.","['redevelop a vacant site by constructing a four-story, 32-unit residential building with permitted commercial uses']",high,housing
bza-78-18-85c69b7830,industrial_or_logistics,Office and Storage,change_of_use,maintains_existing_activity,industrial_or_freight_oriented,neutral,,Change a nonconforming sales and service station to an office and storage facility.,['change one nonconforming use (Sales & Service Station Permit #44395 5-15-28) to another non-conforming use (Office & Storage)'],high,office_or_medical
bza-78-19-9477858622,mixed_use,Neighborhood center and residential units,change_of_use,adds_homes_or_activity,pedestrian_or_transit_supportive,neutral,2.0,Establish a nonprofit neighborhood center on the first floor of a building with two residential units on the second floor.,"['establish a Nonprofit Neighborhood Center on the first floor', 'two residential units on the second floor']",high,institutional_or_civic
bza-78-24-65be9f6b24,vehicle_oriented,gas station,continue_or_legalize_existing_condition,adds_homes_or_activity,automobile_oriented,neutral,,Re-establish a motor vehicle fueling station on a site that has been vacant for 10 years.,"['re-establish a Motor Vehicle Fueling Station', 'the site has been vacant 10 years']",high,
bza-79-18-d186bad83f,cannabis_or_controlled_use,Medical Marihuana Caregiver Center,change_of_use,adds_homes_or_activity,mixed_or_neutral,neutral,,Establish a medical marijuana caregiver center.,['establish a Medical Marihuana Caregiver Center (MMCC) at 8052 E. Eight Mile'],high,retail_or_personal_service
bza-79-19-51772cbfc9,cannabis_or_controlled_use,medical marijuana grow and processor facility,expansion,adds_homes_or_activity,industrial_or_freight_oriented,neutral,,The petitioner requests to add a large medical marijuana grow and processor facility to an existing provisioning center in an industrial building.,"['add a 38,862 square foot Medical Marihuana Grow Facility', 'and a 6,407 square foot Medical marihuana Processor Facility', 'excessive in square footage']",high,industrial_or_logistics
bza-79-21-52fddd53d5,cannabis_or_controlled_use,Medical Marihuana Grower and Processor Facility,change_of_use,adds_homes_or_activity,industrial_or_freight_oriented,neutral,,"Establish a medical marijuana grower and processor facility in an existing 72,000 square foot building.","['establish a Medical Marihuana Grower Facility', 'in an existing 72,000 square foot building']",high,
bza-79-24-03fe91ef07,institutional_or_civic,emergency shelter,change_of_use,adds_homes_or_activity,mixed_or_neutral,neutral,,"Request for dimensional variances to establish an emergency shelter in an existing 36,417 square foot building.","['establish an Emergency Shelter in an existing, 36,417 square foot building']",high,housing
bza-8-19-5feed4f6f4,cannabis_or_controlled_use,Medical Marihuana Grower Facility,new_construction,adds_homes_or_activity,industrial_or_freight_oriented,neutral,,Develop a medical marijuana grower facility in a general industrial district.,"['develop a Medical Marihuana Grower Facility (MMGF)', 'in a M3 (General Industrial District)']",high,industrial_or_logistics
bza-8-21-6178c7b555,vehicle_oriented,Car wash,expansion,adds_homes_or_activity,automobile_oriented,adverse,0.0,"Appeal of a denial for an addition to a car wash due to illegal signage, maintenance issues, and negative impacts on adjacent residential properties.","['Construction of an 880 square foot addition to an existing Motor Vehicle Washing', 'aggravate any preexisting physical, social or economic deterioration', 'block windows to the adjacent multiple-family dwelling']",high,
bza-8-22-922c1bb173,institutional_or_civic,Neighborhood Center,new_construction,adds_homes_or_activity,pedestrian_or_transit_supportive,neutral,,Construct a 776 square foot non-profit neighborhood center.,"['Construct an elevated, 776 square foot Neighborhood Center']",high,
bza-8-24-a24c88c868,industrial_or_logistics,rock crushing and processing facility,expansion,adds_homes_or_activity,industrial_or_freight_oriented,neutral,,"Expansion and intensification of a rock, stone, slag, or concrete crushing and processing facility.","['expand and intensify a very high impact manufacturing or processing facility', 'Crushing grading and screening of rock, stone, slag or concrete']",high,
bza-80-17-303a06ac56,cannabis_or_controlled_use,Medical marijuana caregiver center,change_of_use,adds_homes_or_activity,mixed_or_neutral,neutral,,Establishing a medical marijuana caregiver center in an existing commercial building.,"['establish a Medical Marihuana Caregiver Center (MMCC)', 'existing 1,520 square foot building']",high,retail_or_personal_service
bza-80-21-7cf4389d0b,industrial_or_logistics,asphalt mixing facility,new_construction,adds_homes_or_activity,industrial_or_freight_oriented,adverse,,"The applicant is appealing the denial to establish a high-impact asphalt mixing facility, which was cited for potential health, noise, and safety hazards to the adjacent residential neighborhood.","['establishment of an Asphalt Mixing Facility', 'could pose an adverse public health, noise, and safety hazard', 'aggravate any pre-existing physical, social or economic deterioration']",high,
bza-80-24-eb9518e9ff,institutional_or_civic,animal shelter and neighborhood center,new_construction,adds_homes_or_activity,mixed_or_neutral,neutral,,The petitioner proposes to construct or establish an animal shelter in one building and a neighborhood center in another.,"['proposed building A, as an Animal Shelter', 'building B as neighborhood center']",medium,retail_or_personal_service
bza-81-19-7c4a7d5065,food_or_beverage,cabaret and nightclub,change_of_use,adds_homes_or_activity,automobile_oriented,neutral,,"The petitioner requests variances to establish a cabaret with alcohol sales and live entertainment in an existing building, seeking relief from spacing and parking requirements.","[""establish a Cabaret (Group 'A')"", 'sale of alcoholic beverages with dancing and/or live entertainment', '56 spaces are required for parking; 11 are proposed']",high,recreation_or_open_space
bza-81-21-7685eb2595,housing,single-family dwelling with detached garage,new_construction,adds_homes_or_activity,mixed_or_neutral,neutral,1.0,"Requesting dimensional variances to build a 1,200 square foot single-family home with a detached garage.","['1,200 square foot Single-family dwelling', '440 square foot detached accessory garage']",high,
bza-82-19-94ef549a4a,industrial_or_logistics,art studio and fabrication facility,change_of_use,maintains_existing_activity,industrial_or_freight_oriented,neutral,,Change of use from a non-conforming factory to an art studio and low/medium impact fabrication facility.,"['change an existing non-conforming factory', 'to a non-conforming Art Studio/Low/Medium Impact Fabrication']",high,office_or_medical
bza-82-21-76e3fe3dd8,cannabis_or_controlled_use,Marijuana Grower Facility,change_of_use,adds_homes_or_activity,industrial_or_freight_oriented,neutral,,"Establish a marijuana grower facility in an existing 10,175 square foot building.","['establishment of a Marijuana Grower Facility', 'in an existing 10,175 square foot building']",high,
bza-82-24-c4233e3f2a,housing,townhouse buildings,new_construction,adds_homes_or_activity,pedestrian_or_transit_supportive,neutral,18.0,The petitioner proposes to construct four separate three-story townhouse buildings containing a total of 18 residential units on vacant land.,"['construct four, separate, three-story townhouse buildings', 'consisting of 18 units', 'on existing vacant land']",high,
bza-83-24-c9e72204a7,food_or_beverage,cabaret with live entertainment,change_of_use,adds_homes_or_activity,mixed_or_neutral,neutral,,The petitioner proposes to establish a cabaret with alcohol consumption and live entertainment in an existing building.,"['Establish a Cabaret C Alcohol Consumption on Premises with Live Entertainment', 'in an existing 3,930 square foot building']",high,recreation_or_open_space
bza-84-19-5eb320fb4c,housing,townhouse building,new_construction,adds_homes_or_activity,pedestrian_or_transit_supportive,neutral,7.0,Construct a new 7-unit townhouse building with accessory residential parking.,"['construct 7 (seven) unit 10,786 sq. ft. Townhouse building']",high,
bza-84-24-6f5548ffcb,retail_or_personal_service,rental hall,change_of_use,adds_homes_or_activity,mixed_or_neutral,neutral,,The petitioner proposes to utilize a 990-square-foot space within an existing office building as a rental hall.,"['utilize a 990 sq. ft. space for Rental Hall', 'in an existing 3,080 sq. ft. building with office space']",high,recreation_or_open_space
bza-85-19-b0b1323990,food_or_beverage,restaurant walk-in cooler,site_or_building_alteration,maintains_existing_activity,pedestrian_or_transit_supportive,neutral,,Add a shipping container to serve as a walk-in cooler for an existing restaurant.,"['existing Restaurant w/consumption', 'shipping container for walk in cooler']",high,retail_or_personal_service
bza-85-24-ae3e833dfd,vehicle_oriented,light duty vehicle establishment,change_of_use,adds_homes_or_activity,automobile_oriented,neutral,,"The petitioner proposes to establish a light-duty vehicle establishment in an existing 2,250-square-foot building.","['establish a Light Duty Vehicle Establishment', 'in an existing 2,250 square foot building']",high,industrial_or_logistics
bza-86-19-fdba0c918b,housing,garage dwelling,new_construction,adds_homes_or_activity,mixed_or_neutral,neutral,1.0,Construct a new garage dwelling on a residential lot.,['construct a Garage dwelling'],high,
bza-86-24-15baadd557,industrial_or_logistics,outdoor storage and semi-trailer parking,change_of_use,adds_homes_or_activity,industrial_or_freight_oriented,neutral,,Request for dimensional variances for screening and placement of shipping containers for an outdoor storage and semi-trailer parking facility.,"['proposed use of Outdoor Storage and Parking of Semi Trailers', 'screening material of the shipping containers']",high,parking_only
bza-87-19-86a1450728,signage,digital billboard,signage_installation,unclear_or_not_applicable,automobile_oriented,neutral,,Erect a 70-foot-tall digital billboard.,"['erect a billboard', 'digital display area with an overall height of seventy feet']",high,
bza-88-19-07e1969543,retail_or_personal_service,banquet hall,expansion,adds_homes_or_activity,mixed_or_neutral,neutral,,Add a rental/banquet hall to an existing building.,"['add a Rental/Banquet Hall to an existing 3,633 square building']",high,food_or_beverage
bza-89-19-2ba8fd28cf,food_or_beverage,café,change_of_use,adds_homes_or_activity,mixed_or_neutral,neutral,,Change the use of a nonconforming marina boathouse to a café.,"['change a nonconforming Marina Boathouse', 'to a non-conforming Café/Class C']",high,recreation_or_open_space
bza-9-19-4602d22e22,cannabis_or_controlled_use,Medical Marihuana Grower Facility,change_of_use,adds_homes_or_activity,industrial_or_freight_oriented,neutral,,Establish a medical marijuana grower facility in a general industrial district.,"['establish a Medical Marihuana Growers Faculty', 'in a M3 (GENERAL INDUSTRIAL DISTRICT)']",high,industrial_or_logistics
bza-9-20-68007fc307,food_or_beverage,bar with outdoor patio,change_of_use,adds_homes_or_activity,mixed_or_neutral,neutral,,"Establishing a bar with an outdoor seating patio in an existing building, requesting a parking variance.","['Bar Establishment for the sale of beer or intoxicating liquor', 'existing 3,022 sq. ft. bldg', '1,243 sq. ft. outdoor Seating/Patio area']",high,
bza-9-21-310ddefa62,retail_or_personal_service,mini-mart and carry-out restaurant,expansion,adds_homes_or_activity,pedestrian_or_transit_supportive,neutral,,The applicant is requesting to build a 444-square-foot addition to an existing nonconforming mini-mart and carry-out restaurant located in a Traditional Main Street Overlay district.,"['expand an existing nonconforming Mini-Mart and Carryout restaurant', 'add a 444 square foot addition']",high,food_or_beverage
bza-9-22-9fe538539b,housing,carriage house,expansion,adds_homes_or_activity,pedestrian_or_transit_supportive,neutral,,Add living quarters to an existing garage to create a carriage house.,"['add living quarters to existing garage', '(carriage house)']",high,
bza-9-24-bb584396c6,vehicle_oriented,vehicle repair shop,change_of_use,adds_homes_or_activity,automobile_oriented,neutral,,Establishment of a light duty vehicle service and repair shop in an existing building.,"['establish a Light Duty Vehicle Service Establishment in an existing 3,200 square feet building']",high,
bza-9-25-8fbe580481,housing,residential two-car garage,new_construction,maintains_existing_activity,automobile_oriented,neutral,,The petitioner proposes to construct a two-car garage as an accessory building in a residential zone.,"['construction of a Two-Car Garage', 'Accessory buildings or structures in rear setback']",high,parking_only
bza-90-19-38e31cc945,housing,residential carport,continue_or_legalize_existing_condition,maintains_existing_activity,automobile_oriented,neutral,,Requesting setback variances to legalize an existing residential carport.,"['dimensional variances for existing carport', 'Deficient side yard and rear yard setback']",high,
bza-91-19-9b79c42287,vehicle_oriented,Auto repair facility and used car lot,change_of_use,adds_homes_or_activity,automobile_oriented,adverse,,"Proposal to establish an auto repair facility and used car sales lot in an existing building, noted for lacking required catch basins and parking lot lighting.","['establishment of a Major Motor Vehicle Repair Facility with Used Motor Vehicle Sales Lot', 'no catch basins are provided', 'no lighting is provided in the parking lot']",high,
bza-94-17-ef14740afe,cannabis_or_controlled_use,Medical Marihuana Caregiver Center,change_of_use,adds_homes_or_activity,mixed_or_neutral,neutral,,"Establish a Medical Marihuana Caregiver Center in an existing 1,434 square foot building.","['establish a Medical Marihuana Caregiver Center (MMCC)', 'in an existing approximate 1,434 square foot building']",high,
bza-94-19-5002df6378,industrial_or_logistics,junkyard and auto dismantling facility,expansion,adds_homes_or_activity,automobile_oriented,adverse,,"Add a junkyard with dismantling to an existing used auto parts facility, which the department found would be detrimental to the surrounding area.","['add a Junkyard with dismantling', 'proposed Conditional Use will be detrimental', 'impede the normal and orderly development']",high,vehicle_oriented
bza-95-19-765c392d3a,vehicle_oriented,motor vehicle repair facility,change_of_use,adds_homes_or_activity,automobile_oriented,neutral,0.0,Establish a major motor vehicle repair facility with accessory parking in an existing building.,"['establish a Major Motor Vehicle Repair Facility', 'existing 4,171 square foot building and accessory parking']",high,
bza-96-19-4b9e83ce6d,cannabis_or_controlled_use,Medical marijuana grower and processor facility,change_of_use,adds_homes_or_activity,industrial_or_freight_oriented,adverse,,"Proposal to establish a medical marijuana grower and processor facility in an existing industrial building, which faced opposition due to utility concerns and lack of neighborhood engagement.","['establish a Medical Marihuana Grower Facility', 'impede the normal and orderly development', 'applicant has not engaged with the neighborhood']",high,industrial_or_logistics
bza-97-17-ef5e8042d9,vehicle_oriented,Used auto dealer and salvage yard,change_of_use,adds_homes_or_activity,automobile_oriented,neutral,0.0,"Establish a used auto dealer, parts, wrecking, and dismantling salvage use.","['establish a Used Auto Dealer, Parts, Wrecking & Dismantling [Salvage] Use']",high,industrial_or_logistics
bza-97-19-459bd7f671,housing,residential addition,expansion,maintains_existing_activity,automobile_oriented,neutral,,Construct a new second-story garage bay and enclose an outdoor living area at a single-family home.,"['construction project of a new garage bay', 'enclose an outdoor living area']",high,
bza-98-19-99e1df0223,vehicle_oriented,used motor vehicle sales lot,change_of_use,adds_homes_or_activity,automobile_oriented,neutral,0.0,Establish a used motor vehicle sales lot in an existing building.,"['establish a Used Motor Vehicle Sales Lot Facility', 'existing 3,380 square foot building']",high,
bza-99-19-59f6443f73,signage,billboard,signage_installation,unclear_or_not_applicable,automobile_oriented,neutral,,Proposal for a billboard.,['Billboard'],high,
bza-bseed-slu2019-000186-e221339ca6,cannabis_or_controlled_use,Medical marijuana grower facility,change_of_use,adds_homes_or_activity,industrial_or_freight_oriented,adverse,,"Appeal against the approval of a medical marijuana grower facility in an existing industrial building, citing special damages and harm to neighboring property.","['establishment of a Medical Marihuana Grower Facility', 'suffered special damages related to the beneficial use and enjoyment', 'show harm or damages that are unique']",high,industrial_or_logistics
bza-bseed-slu2019-00063-6cba26170a,institutional_or_civic,pre-release adjustment center,new_construction,adds_homes_or_activity,mixed_or_neutral,neutral,,A community association appeals the approval to construct a new building for a pre-release adjustment center.,"['construct a 10,775 square foot building', 'establish a Pre-Release Adjustment Center']",high,housing
bza-bseed-slu2019-00094-community-appeal-74dfdc0253,retail_or_personal_service,liquor store,expansion,adds_homes_or_activity,mixed_or_neutral,neutral,,A church appeals the approval to add a liquor sales license to an existing beer and wine store.,"[""ADD BSEED a Specially Designated Distributor's (SDD) license"", 'to an existing SDM establishment']",high,food_or_beverage
bza-bseed-slu2019-00141-e642903056,recreation_or_open_space,urban farm,change_of_use,adds_homes_or_activity,mixed_or_neutral,neutral,0.0,Establish an urban tree farm on multiple parcels of existing vacant land.,"['establishment of an Urban Farm', 'multiple parcels of existing vacant land']",high,other
bza-bseed-slu2020-00137-78ddfd97ee,retail_or_personal_service,group day care home,change_of_use,adds_homes_or_activity,mixed_or_neutral,neutral,,The petitioner appeals the approval of a group day care home in an existing single-family dwelling.,['Establish a Group Day Care Home in an existing single-family dwelling'],high,institutional_or_civic
bza-bseed-slu2021-00077-bd9c3a9d09,cannabis_or_controlled_use,Marijuana Grower Facility,change_of_use,adds_homes_or_activity,industrial_or_freight_oriented,neutral,,"Establish a marijuana grower facility in an existing 71,179 square foot industrial building.","['establish a Marijuana Grower Facility', 'in an existing 71,179 square foot building']",high,
bza-bseed-slu2022-00038-7072ea4ca4,cannabis_or_controlled_use,marijuana retail facility,change_of_use,adds_homes_or_activity,mixed_or_neutral,neutral,0.0,Establish a marijuana retail facility in a portion of an existing building.,"['establishment of a Marijuana Retail/Provisioning Facility', '2,519 sq. ft. portion of an existing 7,242 sq. ft building']",high,
bza-bseed-slu2022-00042-fcd0ff29b5,cannabis_or_controlled_use,cannabis grow facility,unclear,adds_homes_or_activity,industrial_or_freight_oriented,neutral,,Appeal regarding the approval of a proposed cannabis grow facility in an intensive industrial district.,['Proposed Grow Facility in a M4 Zone'],medium,industrial_or_logistics
bza-bseed-slu2022-00181-f4fb048e7f,retail_or_personal_service,firearms dealership,change_of_use,adds_homes_or_activity,mixed_or_neutral,neutral,,Appeal of a decision approving the establishment of a firearms dealership in an existing building.,"['establish a Firearms Dealership in an existing 28,000 square foot building']",high,
bza-bseed-slu2023-00014-community-appeal-8b680b85f6,cannabis_or_controlled_use,marijuana retail and consumption establishment,change_of_use,adds_homes_or_activity,mixed_or_neutral,neutral,,Appeal of a decision approving the establishment of a marijuana retail and consumption facility in an existing building.,"['Establish a Marijuana Retail/Provisioning Facility (MRPF) and Designated Marijuana Consumption Establishment (DMCE)', 'in an existing 1,500 square foot building']",high,retail_or_personal_service
bza-bseed-slu2023-00053-66b77370f6,housing,townhouses,new_construction,adds_homes_or_activity,pedestrian_or_transit_supportive,neutral,20.0,"Construct four three-story, five-unit townhouse buildings on vacant land.","['Construct four separate three-story, five-unit Townhouse buildings', 'existing vacant land']",high,
bza-bseed-slu2023-00093-1af72b8cea,mixed_use,mixed-use building with apartments and office space,change_of_use,adds_homes_or_activity,pedestrian_or_transit_supportive,neutral,49.0,The appellant is appealing the approval of a project to renovate a vacant building into 49 apartments and ground-floor office space.,"['renovate a vacant 41,040 square foot building', 'establish a 49 unit multi-family residential dwelling', 'ground level commercial office space']",high,
bza-bseed-slu2024-00043-35e34d484b,cannabis_or_controlled_use,marijuana facility,change_of_use,adds_homes_or_activity,industrial_or_freight_oriented,neutral,,Appeal of BSEED approval to establish a marijuana provisioning and processing facility in an industrial district.,['establish a MRPF and MPF in an M2 Restricted Industrial District'],medium,industrial_or_logistics
bza-bseed-slu2024-00062-b94c40c39e,other,cell tower,new_construction,adds_homes_or_activity,mixed_or_neutral,neutral,,Appeal of BSEED approval to construct a 75-foot monopole antenna tower on an existing business site.,['construct a 75 foot tower to add a Monopole Antenna on the site of an existing business'],high,
bza-bseed-slu2024-00101-0b090eb0d2,cannabis_or_controlled_use,marijuana processor facility,change_of_use,adds_homes_or_activity,industrial_or_freight_oriented,neutral,,"Establish a marijuana processor facility in an existing 1,140 square foot building.","['Establish a Marijuana Processor Facility (MPF) in an existing 1,140 square foot building']",high,industrial_or_logistics
bza-bseed-slu2024-0060-b144f712f9,parking_only,accessory parking lot,new_construction,adds_homes_or_activity,automobile_oriented,neutral,,Appeal of BSEED approval to develop a 37-space accessory parking lot to serve a nearby church.,['develop a 37-space off-street accessory parking lot to serve the Macedonia Baptist Church'],high,religious
bza-bseedslu2023-00014-500488c05f,cannabis_or_controlled_use,cannabis dispensary and consumption lounge,change_of_use,adds_homes_or_activity,mixed_or_neutral,neutral,,Appeal regarding the approval to establish a marijuana retail facility and consumption establishment in an existing building.,"['Establish a Marijuana Retail/Provisioning Facility (MRPF) and Designated Marijuana Consumption Establishment (DMCE)', 'in an existing 1,500 square foot building']",high,retail_or_personal_service
bza-bseedslu2023-00014-community-appeal-f0d68c60e5,cannabis_or_controlled_use,marijuana retail and consumption facility,change_of_use,adds_homes_or_activity,mixed_or_neutral,neutral,,"Establish a marijuana retail and consumption facility in an existing 1,500 square foot building.","['Establish a Marijuana Retail/Provisioning Facility', 'Designated Marijuana Consumption Establishment']",high,
bza-bssed-slu2021-00023-spr2021-00009-cb7a323150,office_or_medical,mental health and substance abuse treatment facility,change_of_use,adds_homes_or_activity,mixed_or_neutral,neutral,,Establishment of a mental health and substance abuse treatment facility in an existing building with an accessory parking lot on adjacent vacant land.,"['establishment of a Mental Health Facility with accessory Substance Abuse Treatment Facility', 'in an existing approximately 20,000 square foot building']",high,institutional_or_civic
bza-bza-slu2024-00172-c17cdfcf89,vehicle_oriented,gas station and drive-through restaurant,site_or_building_alteration,maintains_existing_activity,automobile_oriented,neutral,,Partially demolish an existing building to establish a motor vehicle filling station with a drive-through restaurant.,"['partially demolish an existing 10,848 square foot building', 'establish a Motor Vehicle Filling Station that will include a 969 square foot restaurant, carry-out with drive up or drive thru facilities']",high,food_or_beverage
bza-bza2025-00044-8af9060833,vehicle_oriented,gas station,site_or_building_alteration,maintains_existing_activity,automobile_oriented,neutral,,"Demolish existing structures to build a new 2,640-square-foot principal building and replace gas pump islands at an existing gas station.","['demolish the existing structure(s) for new development', 'replacement of the existing (6) gas pump islands with (4) new gas pump islands']",high,retail_or_personal_service
bza-bza2025-00045-d453f7d2bf,parking_only,accessory parking lot,new_construction,adds_homes_or_activity,automobile_oriented,neutral,,Develop an accessory parking lot on vacant land to serve an existing nearby business.,"['Develop an Accessory Parking Lot on existing vacant land', 'serve an existing business']",high,
bza-bza2025-00048-3d30f83bb6,housing,townhouses,new_construction,adds_homes_or_activity,pedestrian_or_transit_supportive,neutral,25.0,Construct five townhouse structures containing a total of 25 dwelling units on a vacant site.,"['construction of five separate townhouse structures', 'contained a total of 25 dwelling units', 'vacant site']",high,
bza-bza2025-00049-131db941ce,industrial_or_logistics,scrap tire storage and recycling facility,change_of_use,adds_homes_or_activity,industrial_or_freight_oriented,neutral,,"Establish a scrap tire storage, processing, or recycling facility.","['Establishment of a Scrap Tire Storage, Processing, or Recycling Facility']",high,
bza-bza2026-00009-e187ef5c5d,housing,single-family dwelling addition,expansion,adds_homes_or_activity,mixed_or_neutral,neutral,,Construct a 720-square-foot front addition to an existing single-family dwelling.,"['construction of a 720 square foot front addition', 'existing single family dwelling']",high,
bza-bza2026-00051-ccc5f5dbb5,vehicle_oriented,auto repair and oil change,expansion,adds_homes_or_activity,automobile_oriented,neutral,,Construct a 729-square-foot addition to expand an existing minor auto repair and oil change business.,"['expand a nonconforming minor auto repair', 'adding a 729 square foot addition', 'existing auto related oil change business']",high,
bza-slu2020-00137-2c185677d8,retail_or_personal_service,group day care,unclear,unclear_or_not_applicable,unclear_or_not_applicable,neutral,,Appeal regarding a group day care facility.,['Group Day Care'],medium,institutional_or_civic
bza-slu2021-00023-547efa3864,office_or_medical,mental health and substance abuse treatment facility,change_of_use,adds_homes_or_activity,mixed_or_neutral,adverse,,"Neighbors appeal the approval of a mental health and substance abuse treatment facility in an existing building, claiming special damages.","['establishment of a Mental Health Facility with accessory Substance Abuse Treatment Facility', 'suffered special damages', 'harm or damages that are unique']",high,institutional_or_civic
