case_history_id,occurrence_id,site_key,site_id,number,street,source_location,street_nodir,parcel_id,address,match_method,Index
bza-116-16-902857b7a3,2019-03-05:116-16:1,14846:W SEVEN MILE,site-2fb81e14fa72,14846,W SEVEN MILE,14846 W. Seven Mile Rd. Between: Robson and Lauder in an B4 Zone (General Business District) Council District #2,SEVEN MILE,22017317-26,14846 W SEVEN MILE,exact,
bza-5-19-2dc104a2e6,2019-03-05:5-19:1,7250:MACK,site-6c3950cb2391,7250,MACK,7250 Mack (aka 7200 Mack) Between: E. Grand Blvd. and Field in an R5 Zone (Medium Density Residential District) – Council District # 6,MACK,15000266.002,7250 MACK,exact,
bza-5-19-2dc104a2e6,2019-03-05:5-19:1,7200:MACK,site-dd2f49c4770e,7200,MACK,7250 Mack (aka 7200 Mack) Between: E. Grand Blvd. and Field in an R5 Zone (Medium Density Residential District) – Council District # 6,MACK,15000266.001,7200 MACK,exact,
bza-72-18-196a5b43c0,2019-03-05:72-18:1,20181:VAN DYKE,site-0649167f79d9,20181,VAN DYKE,20181 Van Dyke Between: Savage and Milbank in a B4 zone (General Business District) – Council District # 3,VAN DYKE,15005176-8,20181 VAN DYKE,exact,
bza-75-18-7d8e616722,2019-03-05:75-18:1,16703:MACK,site-766d622744d8,16703,MACK,16703 Mack Between: Bishop and Yorkshire in a B4 zone (General Business District) City Council District #4,MACK,21001480.,16703 MACK,exact,
bza-116-17-28da9b4180,2019-03-12:116-17:1,13042:VAN DYKE,site-5666383e2f10,13042,VAN DYKE,13042 Van Dyke Ave. Between: Forestlawn St. and Almont St in a B4 Zone (General Business District),VAN DYKE,17009717-19,13042 VAN DYKE,exact,
bza-76-18-cbc171d150,2019-03-12:76-18:1,10345:W EIGHT MILE,site-929301754953,10345,W EIGHT MILE,10345 W. Eight Mile between Birwood and Griggs in a B2 zone (Local Business And Residential District),EIGHT MILE,16009481.000,10345 W EIGHT MILE,exact,
bza-77-18-95afed9f1e,2019-03-12:77-18:1,14730:HARPER,site-1061a52bbe0f,14730,HARPER,14730 Harper between Outer Drive and Manistique in a B4 zone (General Business District),HARPER,21003951-2,14730 HARPER,exact,
bza-78-18-85c69b7830,2019-03-12:78-18:1,2950:ROSA PARKS,site-6f3fb5624d31,2950,ROSA PARKS,2950 Rosa Parks Blvd. between Elm St and Temple St in a R3 zone (Low Density Residential District),ROSA PARKS,08007477.,2950 ROSA PARKS BLVD,exact,
bza-01-19-6ca8bb24fa,2019-03-19:01-19:1,32:MONROE,site-4d6c230a8ba6,32,MONROE,32 Monroe Ave. Between: Farmer St and Woodward Ave in a B5 Zone (Major Business District),MONROE,01003958-83,32 MONROE,exact,
bza-49-18-7931dced47,2019-03-19:49-18:1,13510:E EIGHT MILE,site-8427f5376eae,13510,E EIGHT MILE,13510 E. Eight Mile Rd. Between: Pelkey St. and Schoenherr Rd in a B4 Zone (General Business District) – Council District#3,EIGHT MILE,21028271-6,13510 E EIGHT MILE,exact,
bza-53-18-249a9f612c,2019-03-19:53-18:1,3930:E EIGHT MILE,site-c7ad20d9b393,3930,E EIGHT MILE,3930 E. Eight Mile Rd. Between: Wexford and Binder in a B4 Zone (General Business District) - Council District #3,EIGHT MILE,13009134-8,3930 E EIGHT MILE,exact,
bza-79-18-d186bad83f,2019-03-19:79-18:1,8052:E EIGHT MILE,site-cfb3dc1bf641,8052,E EIGHT MILE,8052 E. Eight Mile Rd Between: Terrell and Stotter in a B4 Zone (General Business District) – Council District #3,EIGHT MILE,17005740.004L,8052 E EIGHT MILE,exact,
bza-06-17-1938c13e88,2019-03-26:06-17:1,15500:E EIGHT MILE,site-525135ef50dc,15500,E EIGHT MILE,15500 E. Eight Mile Rd Between: Crusade Ave. and Brock Ave. in a B4 zone (General Business District) – Council District #3,EIGHT MILE,21028046-7,15500 E EIGHT MILE,exact,
bza-2-19-dafba32633,2019-03-26:2-19:1,5604:FLORIDA,site-c9df2676e2b4,5604,FLORIDA,"5604, 5610 & 5614 Florida Between: McGraw and Wagner in a R2 Zone (Two-Family Residential District) - Council District #6",FLORIDA,18012914.,5604 FLORIDA,exact,
bza-2-19-dafba32633,2019-03-26:2-19:1,5610:FLORIDA,site-463a093d8ac4,5610,FLORIDA,"5604, 5610 & 5614 Florida Between: McGraw and Wagner in a R2 Zone (Two-Family Residential District) - Council District #6",FLORIDA,18012915.,5610 FLORIDA,exact,
bza-2-19-dafba32633,2019-03-26:2-19:1,5614:FLORIDA,site-27fd65a447cd,5614,FLORIDA,"5604, 5610 & 5614 Florida Between: McGraw and Wagner in a R2 Zone (Two-Family Residential District) - Council District #6",FLORIDA,18012916.,5614 FLORIDA,exact,
bza-4-19-9704261508,2019-03-26:4-19:1,2505:GREEN,site-448338467b17,2505,GREEN,"2505, 2511, 2517, 2523, 2529 & 2535 Green St Between: Pitt and Vernor in a R2 Zone (Two-Family Residential District) - Council District #6",GREEN,18008990-5,2505 GREEN,exact,
bza-57-18-3495b99b21,2019-03-26:57-18:1,16060:E EIGHT MILE,site-991305255575,16060,E EIGHT MILE,16060 E. Eight Mile Rd. Between: Redmond St and Boulder St in a B4 Zone (General Business District) – Council District#3,EIGHT MILE,21027967-8,16060 E EIGHT MILE,exact,
bza-7-19-8a6c93d171,2019-04-02:7-19:1,8002:KERCHEVAL,site-6cb10efe0928,8002,KERCHEVAL,8002 Kercheval between Van Dyke Ave and Parker St in a B4-H (General Business District - Historic) City Council District #5,KERCHEVAL,17000118.,8002 KERCHEVAL,exact,
bza-8-19-5feed4f6f4,2019-04-02:8-19:1,4404:OAKMAN,site-449f62f3b1c8,4404,OAKMAN,4404 Oakman Blvd between W Chicago Ave Grand River in a M3 (General Industrial District) City Council District #7,OAKMAN,18016335-9,4404 OAKMAN BLVD,exact,
bza-9-19-4602d22e22,2019-04-02:9-19:1,10371:NORTHLAWN,site-a77f2972adc5,10371,NORTHLAWN,10371 Northlawn between Oakman Blvd and Plymouth Rd in a M3 (GENERAL INDUSTRIAL DISTRICT) City Council District #7,NORTHLAWN,18014713.001,10371 NORTHLAWN,exact,
bza-12-19-8f68a059f3,2019-04-23:12-19:1,18845:W MCNICHOLS,site-ff96640ece8a,18845,W MCNICHOLS,18845 W. McNichols Rd. between Stahelin Ave. and Avon Ave. in a B4 zone (General Business District),MCNICHOLS,22013200.,18845 W MCNICHOLS,exact,
bza-15-19-dccd43859a,2019-04-23:15-19:1,14290:GODDARD,site-58fef1915258,14290,GODDARD,14290 Goddard between Modern St. and E. McNichols in a M4 zone (Intensive Industrial District ),GODDARD,09013939.,14290 GODDARD,exact,
bza-16-19-80a654a895,2019-05-07:16-19:1,18900:WOODWARD,site-af18bd5b8734,18900,WOODWARD,18900 Woodward between W. Hollywood and W. Brentwood in a B4 Zone (General Business District),WOODWARD,01009794-5,18900 WOODWARD AVE,exact,
bza-17-19-f5959a3b07,2019-05-07:17-19:1,6445:E HILDALE,site-1c1e6fe7f0ec,6445,E HILDALE,6445 E. Hildale between Filer Ave. and Sherwood St in a M4 Zone (Intensive Industrial District),HILDALE,15004628.004,6445 E HILDALE,exact,
bza-94-17-ef14740afe,2019-05-07:94-17:1,13624:E EIGHT MILE,site-021be42c169f,13624,E EIGHT MILE,13624 E. EIGHT MILE RD. between Schoenherr st and Reno st in a B4 zone (General Business District),EIGHT MILE,21028267-70,13624 E EIGHT MILE,exact,
bza-20-19-f02fd63021,2019-05-14:20-19:1,15514:W WARREN,site-28ddc1cd2cc1,15514,W WARREN,15512-15514 W. Warren between Winthrop and Greenfield in a B4 zone (General Business District).- City Council District #7,WARREN,22000923-4,15514 W WARREN,exact,
bza-30-19-9c0b26b104,2019-05-14:30-19:1,4004:PORTER,site-a3b262b873fb,4004,PORTER,4004 Porter between Scotten Ave and Hubbard St in an R2 TWO-FAMILY RESIDENTIAL DISTRICT- City Council District #6,PORTER,14009452-3,4004 PORTER,exact,
bza-24-19-98cd3d897f,2019-06-11:24-19:1,1786:W WILLIS,site-6de3ba740a5a,1786,W WILLIS,1786 W. WILLIS between Rosa Parks Blvd. and Avery St. in a R2 Zone (Two-Family Residential District)-City Council District #6,WILLIS,08001199.001,1786 W WILLIS UNIT 1,exact,
bza-24-19-98cd3d897f,2019-06-11:24-19:1,1786:W WILLIS,site-6de3ba740a5a,1786,W WILLIS,1786 W. WILLIS between Rosa Parks Blvd. and Avery St. in a R2 Zone (Two-Family Residential District)-City Council District #6,WILLIS,08001199.002,1786 W WILLIS UNIT 2,exact,
bza-24-19-98cd3d897f,2019-06-11:24-19:1,1786:W WILLIS,site-6de3ba740a5a,1786,W WILLIS,1786 W. WILLIS between Rosa Parks Blvd. and Avery St. in a R2 Zone (Two-Family Residential District)-City Council District #6,WILLIS,08001199.003,1786 W WILLIS UNIT 3,exact,
bza-24-19-98cd3d897f,2019-06-11:24-19:1,1786:W WILLIS,site-6de3ba740a5a,1786,W WILLIS,1786 W. WILLIS between Rosa Parks Blvd. and Avery St. in a R2 Zone (Two-Family Residential District)-City Council District #6,WILLIS,08001199.004,1786 W WILLIS UNIT 4,exact,
bza-24-19-98cd3d897f,2019-06-11:24-19:1,1786:W WILLIS,site-6de3ba740a5a,1786,W WILLIS,1786 W. WILLIS between Rosa Parks Blvd. and Avery St. in a R2 Zone (Two-Family Residential District)-City Council District #6,WILLIS,08001199.006,1786 W WILLIS UNIT 6,exact,
bza-24-19-98cd3d897f,2019-06-11:24-19:1,1786:W WILLIS,site-6de3ba740a5a,1786,W WILLIS,1786 W. WILLIS between Rosa Parks Blvd. and Avery St. in a R2 Zone (Two-Family Residential District)-City Council District #6,WILLIS,08001199.005,1786 W WILLIS UNIT 5,exact,
bza-24-19-98cd3d897f,2019-06-11:24-19:1,1786:W WILLIS,site-6de3ba740a5a,1786,W WILLIS,1786 W. WILLIS between Rosa Parks Blvd. and Avery St. in a R2 Zone (Two-Family Residential District)-City Council District #6,WILLIS,08001199.007,1786 W WILLIS UNIT 7,exact,
bza-24-19-98cd3d897f,2019-06-11:24-19:1,1786:W WILLIS,site-6de3ba740a5a,1786,W WILLIS,1786 W. WILLIS between Rosa Parks Blvd. and Avery St. in a R2 Zone (Two-Family Residential District)-City Council District #6,WILLIS,08001199.008,1786 W WILLIS UNIT 8,exact,
bza-27-19-79df09a810,2019-06-11:27-19:1,611:HILLGER,site-6a77d1a5293b,611,HILLGER,611 HILLGER between E. Jefferson Ave. and Freud St. in a M4 Zone (Intensive Industrial District) City Council District #5,HILLGER,21045233.,611 HILLGER,exact,
bza-28-19-9c30f8d441,2019-06-11:28-19:1,14415:FORDHAM,site-881d7da51cd6,14415,FORDHAM,14415 FORDHAM between Chalmers St and Celestine Ave. in a R2 Zone (Two-Family Residential District)-City Council District #4,FORDHAM,21019864.,14415 FORDHAM,exact,
bza-29-19-be10fad016,2019-06-18:29-19:1,13224:JOY,site-27a566b0bf2a,13224,JOY,13224 Joy Rd. (aka 13200 Joy Rd.) between Littlefield and Cheyenne in a B2 Zone (Local Business and Residential District)-City Council District #7,JOY,22003201-2,13224 JOY RD,exact,
bza-29-19-be10fad016,2019-06-18:29-19:1,13200:JOY,site-1ee36bbc2f5b,13200,JOY,13224 Joy Rd. (aka 13200 Joy Rd.) between Littlefield and Cheyenne in a B2 Zone (Local Business and Residential District)-City Council District #7,JOY,22003203-7,13200 JOY RD,exact,
bza-31-19-2cf7ef7116,2019-06-18:31-19:1,6811:CHARLEVOIX,site-863ddedf5468,6811,CHARLEVOIX,6811 Charlevoix between Canton and Concord in a R2 Zone (Two-Family Residential District) City Council District #4,CHARLEVOIX,15000259.001,6811 CHARLEVOIX,exact,
bza-33-19-ccbe2c0b37,2019-06-18:33-19:1,20136:BRIARCLIFF,site-0fd872d8dc1e,20136,BRIARCLIFF,20136 Briarcliff Rd. between Bloomfield and Norfolk in a R1 Zone (Single-Family Residential District) - City Council District #2,BRIARCLIFF,02005718.,20136 BRIARCLIFF RD,exact,
bza-34-19-e402408898,2019-07-09:34-19:1,2135:MICHIGAN,site-bb4d0c3a2c2d,2135,MICHIGAN,2135 Michigan Ave. between 14th and Wabash St. in a B4-H zone (General Business District-Historic),MICHIGAN,10000226.,2135 MICHIGAN AVE,exact,
bza-44-19-3332e2b636,2019-07-09:44-19:1,2119:FIELD,site-3809fbeb95f7,2119,FIELD,2119 Field St. between Kercheval Ave. and E. Vernor Hwy. in a R2 (TWO-FAMILY RESIDENTIAL DISTRICT),FIELD,15007454.002L,2119 FIELD,exact,
bza-48-19-35b257663a,2019-07-09:48-19:1,14470:LIVERNOIS,site-f89caa7d84aa,14470,LIVERNOIS,14470 Livernois,LIVERNOIS,12013095.00A,14470 LIVERNOIS,exact,
bza-13-19-d1848d1cb5,2019-07-23:13-19:1,12730:JOY,site-afc8270998fd,12730,JOY,"12730 Joy Rd (aka 12726, 12734 & 12738 Joy Rd.) between Appoline St and Meyers in a B4 zone (General Business District)- City Council District 7",JOY,22003261-5,12730 JOY RD,exact,
bza-41-19-e5976ad285,2019-07-23:41-19:1,3303:COCHRANE,site-faa94b64505c,3303,COCHRANE,3303 Cochrane between Ash and Sycamore in a R2 (TWO-FAMILY RESIDENTIAL DISTRICT)-City Council #5,COCHRANE,08006537.001,3303 COCHRANE,exact,
bza-80-17-303a06ac56,2019-07-23:80-17:1,201:W EIGHT MILE,site-5d0c53ae2816,201,W EIGHT MILE,201 W. Eight Mile Rd. Between: Danbury St. and Exeter St. in a B4 Zone (General Business District)- City Council District #3,EIGHT MILE,09008311-15,201 W EIGHT MILE,exact,
bza-35-19-a7022fa187,2019-08-13:35-19:1,19321:GREENFIELD,site-fe8b2710ef2c,19321,GREENFIELD,19321 Greenfield between Vassar and Cambridge in a R2 (Two-Family Residential District)-City Council District #2,GREENFIELD,22050540-2,19321 GREENFIELD,exact,
bza-36-19-2ede43fee8,2019-08-13:36-19:1,1563:HALE,site-cfe7426a4d8c,1563,HALE,1563 & 1575 Hale St.,HALE,07000970.,1563 HALE,exact,
bza-36-19-2ede43fee8,2019-08-13:36-19:1,1575:HALE,site-c82863bb35d3,1575,HALE,1563 & 1575 Hale St.,HALE,07000971-2,1575 HALE,exact,
bza-39-19-5ad28b381f,2019-08-13:39-19:1,11630:RUSSELL,site-c4f0ec44e3f8,11630,RUSSELL,11630 Russell,RUSSELL,07001818.,11630 RUSSELL,exact,
bza-54-19-b25700d41d,2019-08-13:54-19:1,61:CLAIRMOUNT,site-d94d83fe695c,61,CLAIRMOUNT,61 Clairmount between Second Ave. and Woodward in a R5 zone (MEDIUM DENSITY RESIDENTIAL DISTRICT)-City Council District 5,CLAIRMOUNT,02001414.002,61 CLAIRMOUNT UNIT 2,exact,
bza-38-19-f657c9531f,2019-08-20:38-19:1,7924:MICHIGAN,site-ffe4f118e07e,7924,MICHIGAN,7900 Michigan Ave. (aka 7924 Michigan) between Springwells and Elmer in a B4 zone (GENERAL BUSINESS DISTRICT)-City Council District #6,MICHIGAN,20004732-6,7924 MICHIGAN AVE,exact,
bza-40-19-aae5d99948,2019-08-20:40-19:1,173:E GRAND,site-7b0e642f76f0,173,E GRAND,173 E. Grand Blvd. between E. Lafayette and Jefferson in a R5 (MEDIUM DENSITY RESIDENTIAL DISTRICT)-City Council District #5,GRAND,15008116.,173 E GRAND BLVD,exact,
bza-43-19-df0b0c111b,2019-08-20:43-19:1,15146:GRATIOT,site-3c7eaa1390ab,15146,GRATIOT,15146 Gratiot between Bringard and Eastburn in a B4 (General Business District)-City Council District #3,GRATIOT,21028475-6,15146 GRATIOT,exact,
bza-46-19-c14dfe54e8,2019-08-27:46-19:1,4130:TRUMBULL,site-6b2cfdffbd08,4130,TRUMBULL,4130 Trumbull between W. Willis St and W Alexandrine St Ave in a R3-H Zone (Low-Density Residential District-Historic),TRUMBULL,06005934.001,4130 TRUMBULL UNIT 1,exact,
bza-46-19-c14dfe54e8,2019-08-27:46-19:1,4130:TRUMBULL,site-6b2cfdffbd08,4130,TRUMBULL,4130 Trumbull between W. Willis St and W Alexandrine St Ave in a R3-H Zone (Low-Density Residential District-Historic),TRUMBULL,06005934.002,4130 TRUMBULL UNIT 2,exact,
bza-46-19-c14dfe54e8,2019-08-27:46-19:1,4130:TRUMBULL,site-6b2cfdffbd08,4130,TRUMBULL,4130 Trumbull between W. Willis St and W Alexandrine St Ave in a R3-H Zone (Low-Density Residential District-Historic),TRUMBULL,06005934.003,4130 TRUMBULL UNIT 3,exact,
bza-46-19-c14dfe54e8,2019-08-27:46-19:1,4130:TRUMBULL,site-6b2cfdffbd08,4130,TRUMBULL,4130 Trumbull between W. Willis St and W Alexandrine St Ave in a R3-H Zone (Low-Density Residential District-Historic),TRUMBULL,06005934.004,4130 TRUMBULL UNIT 4,exact,
bza-46-19-c14dfe54e8,2019-08-27:46-19:1,4130:TRUMBULL,site-6b2cfdffbd08,4130,TRUMBULL,4130 Trumbull between W. Willis St and W Alexandrine St Ave in a R3-H Zone (Low-Density Residential District-Historic),TRUMBULL,06005934.005,4130 TRUMBULL UNIT 5,exact,
bza-46-19-c14dfe54e8,2019-08-27:46-19:1,4130:TRUMBULL,site-6b2cfdffbd08,4130,TRUMBULL,4130 Trumbull between W. Willis St and W Alexandrine St Ave in a R3-H Zone (Low-Density Residential District-Historic),TRUMBULL,06005934.006,4130 TRUMBULL UNIT 6,exact,
bza-49-19-171a94dba8,2019-08-27:49-19:1,4218:4TH,site-892b557478ec,4218,4TH,4218 & 4228 Fourth Street between W. Willis and Calumet in an R2 zone (Two-Family Residential District),4TH,04003972.008,4218 FOURTH,exact,
bza-49-19-171a94dba8,2019-08-27:49-19:1,4228:4TH,site-d287ca048de8,4228,4TH,4218 & 4228 Fourth Street between W. Willis and Calumet in an R2 zone (Two-Family Residential District),4TH,04003972.009,4228 FOURTH,exact,
bza-50-19-a14aec6068,2019-08-27:50-19:1,4213:4TH,site-2e74d7a4eec0,4213,4TH,"4213, 4219 and 4225 Fourth Street between W. Willis and Calumet in an R2 zone (Two Family Residential District)",4TH,04003972.005,4213 FOURTH,exact,
bza-50-19-a14aec6068,2019-08-27:50-19:1,4219:4TH,site-a3392a020fa1,4219,4TH,"4213, 4219 and 4225 Fourth Street between W. Willis and Calumet in an R2 zone (Two Family Residential District)",4TH,04003972.002,4219 FOURTH,exact,
bza-65-19-ece5db0d26,2019-08-27:65-19:1,1620:MICHIGAN,site-658fbac40aa1,1620,MICHIGAN,1620 Michigan Ave. between Trumbull Ave. and Cochrane St. in a B4 zone (General Business District),MICHIGAN,08000590-1,1620 MICHIGAN AVE,exact,
bza-67-18-3e522c88c3,2019-08-27:67-18:1,13300:SYRACUSE,site-27b22e4063f2,13300,SYRACUSE,13300 Syracuse St (aka 13291 Mound) between Rupert and Luce in a R5 (Medium-Density Residential District),SYRACUSE,13013223.004,13300 SYRACUSE,exact,
bza-67-18-3e522c88c3,2019-08-27:67-18:1,13291:MOUND,site-e009f7a29269,13291,MOUND,13300 Syracuse St (aka 13291 Mound) between Rupert and Luce in a R5 (Medium-Density Residential District),MOUND,13013223.003,13291 MOUND,exact,
bza-184-17-b3de95c28c,2019-09-17:184-17:1,2037:11TH,site-3f7ebf781b4c,2037,11TH,"2031, 2037, 2043 & 2047 11th Street between Michigan Ave. and Church St. in a B4 zone (General Business District)-City Council District #6",11TH,08007252.014,2037 11TH ST UNIT 14,exact,
bza-184-17-b3de95c28c,2019-09-17:184-17:1,2037:11TH,site-3f7ebf781b4c,2037,11TH,"2031, 2037, 2043 & 2047 11th Street between Michigan Ave. and Church St. in a B4 zone (General Business District)-City Council District #6",11TH,08007252.013,2037 11TH ST UNIT 13,exact,
bza-184-17-b3de95c28c,2019-09-17:184-17:1,2037:11TH,site-3f7ebf781b4c,2037,11TH,"2031, 2037, 2043 & 2047 11th Street between Michigan Ave. and Church St. in a B4 zone (General Business District)-City Council District #6",11TH,08007252.012,2037 11TH ST UNIT 12,exact,
bza-184-17-b3de95c28c,2019-09-17:184-17:1,2037:11TH,site-3f7ebf781b4c,2037,11TH,"2031, 2037, 2043 & 2047 11th Street between Michigan Ave. and Church St. in a B4 zone (General Business District)-City Council District #6",11TH,08007252.011,2037 11TH ST UNIT 11,exact,
bza-184-17-b3de95c28c,2019-09-17:184-17:1,2037:11TH,site-3f7ebf781b4c,2037,11TH,"2031, 2037, 2043 & 2047 11th Street between Michigan Ave. and Church St. in a B4 zone (General Business District)-City Council District #6",11TH,08007252.010,2037 11TH ST UNIT 10,exact,
bza-184-17-b3de95c28c,2019-09-17:184-17:1,2037:11TH,site-3f7ebf781b4c,2037,11TH,"2031, 2037, 2043 & 2047 11th Street between Michigan Ave. and Church St. in a B4 zone (General Business District)-City Council District #6",11TH,08007252.009,2037 11TH ST UNIT 9,exact,
bza-184-17-b3de95c28c,2019-09-17:184-17:1,2037:11TH,site-3f7ebf781b4c,2037,11TH,"2031, 2037, 2043 & 2047 11th Street between Michigan Ave. and Church St. in a B4 zone (General Business District)-City Council District #6",11TH,08007252.008,2037 11TH ST UNIT 8,exact,
bza-184-17-b3de95c28c,2019-09-17:184-17:1,2037:11TH,site-3f7ebf781b4c,2037,11TH,"2031, 2037, 2043 & 2047 11th Street between Michigan Ave. and Church St. in a B4 zone (General Business District)-City Council District #6",11TH,08007252.001,2037 11TH ST UNIT 1,exact,
bza-184-17-b3de95c28c,2019-09-17:184-17:1,2037:11TH,site-3f7ebf781b4c,2037,11TH,"2031, 2037, 2043 & 2047 11th Street between Michigan Ave. and Church St. in a B4 zone (General Business District)-City Council District #6",11TH,08007252.002,2037 11TH ST UNIT 2,exact,
bza-184-17-b3de95c28c,2019-09-17:184-17:1,2037:11TH,site-3f7ebf781b4c,2037,11TH,"2031, 2037, 2043 & 2047 11th Street between Michigan Ave. and Church St. in a B4 zone (General Business District)-City Council District #6",11TH,08007252.003,2037 11TH ST UNIT 3,exact,
bza-184-17-b3de95c28c,2019-09-17:184-17:1,2037:11TH,site-3f7ebf781b4c,2037,11TH,"2031, 2037, 2043 & 2047 11th Street between Michigan Ave. and Church St. in a B4 zone (General Business District)-City Council District #6",11TH,08007252.004,2037 11TH ST UNIT 4,exact,
bza-184-17-b3de95c28c,2019-09-17:184-17:1,2037:11TH,site-3f7ebf781b4c,2037,11TH,"2031, 2037, 2043 & 2047 11th Street between Michigan Ave. and Church St. in a B4 zone (General Business District)-City Council District #6",11TH,08007252.005,2037 11TH ST UNIT 5,exact,
bza-184-17-b3de95c28c,2019-09-17:184-17:1,2037:11TH,site-3f7ebf781b4c,2037,11TH,"2031, 2037, 2043 & 2047 11th Street between Michigan Ave. and Church St. in a B4 zone (General Business District)-City Council District #6",11TH,08007252.006,2037 11TH ST UNIT 6,exact,
bza-184-17-b3de95c28c,2019-09-17:184-17:1,2037:11TH,site-3f7ebf781b4c,2037,11TH,"2031, 2037, 2043 & 2047 11th Street between Michigan Ave. and Church St. in a B4 zone (General Business District)-City Council District #6",11TH,08007252.007,2037 11TH ST UNIT 7,exact,
bza-184-17-b3de95c28c,2019-09-17:184-17:1,2047:11TH,site-f6f6f491c675,2047,11TH,"2031, 2037, 2043 & 2047 11th Street between Michigan Ave. and Church St. in a B4 zone (General Business District)-City Council District #6",11TH,08007250-1,2047 11TH ST,exact,
bza-47-19-c50f5d7e9b,2019-09-17:47-19:1,12750:MANSFIELD,site-4cc36a54e302,12750,MANSFIELD,12750 Mansfield between Glendale and Fullerton in an M4 zone (Intensive Industrial District)-City Council District #1,MANSFIELD,22057121.001,12750 MANSFIELD,exact,
bza-51-19-16581fdd54,2019-09-17:51-19:1,8700:MILITARY,site-4634492455d7,8700,MILITARY,8700 Military between Linsdale and Joy Rd. in an M4 Zone (Intensive Industrial District)-City Council District #6,MILITARY,16016104.002,8700 MILITARY,exact,
bza-52-19-7051e12b93,2019-09-17:52-19:1,15225:JOY,site-655b8e51fb73,15225,JOY,"15225 Joy Rd. (aka 15217, 15221 & 15235 Joy Rd.) between Sussex and Whitcomb in a B4 Zone (General Business District) City Council District #7",JOY,22002262-9,15225 JOY RD,exact,
bza-22-19-e564f573b6,2019-09-24:22-19:1,22251:W GRAND RIVER,site-3e21eab33339,22251,W GRAND RIVER,22251 W Grand River between Cooley and Redford in a B4 Zone (General Business District),GRAND RIVER,22007494.,22251 W GRAND RIVER,exact,
bza-53-19-966124a009,2019-09-24:53-19:1,5569:14TH,site-e710f83c4e7a,5569,14TH,5569 14th between I-94 Service Dr. and Hudson St. in a B4 zone (General Business District),14TH,10005149.,5569 14TH ST,exact,
bza-56-19-d21ffb627f,2019-10-01:56-19:1,10:W MCNICHOLS,site-e1d6720c8537,10,W MCNICHOLS,10 thru 36 W McNichols Rd between Woodward and John R in a B4 Zone (General Business District)-City Council District #2,MCNICHOLS,01004397-402,10 W MCNICHOLS,exact,
bza-57-19-8dd8e8bb14,2019-10-01:57-19:1,14520:HARBOR ISLAND,site-58e59c2e017a,14520,HARBOR ISLAND,14520 Harbor Island between Alter Rd and Lakewood in a R1 zone (Single-Family Residential District)-City Council District #4,HARBOR ISLAND,21000197.,14520 HARBOR ISLAND,exact,
bza-71-19-ed59cd56e2,2019-10-01:71-19:1,14600:HARBOR ISLAND,site-d71923f8a495,14600,HARBOR ISLAND,14600 Harbor Island between Alter Rd and Lakewood in a R1 zone (Single-Family Residential District)-City Council District #4,HARBOR ISLAND,21000188.,14600 HARBOR ISLAND,exact,
bza-58-19-df53c91db1,2019-10-08:58-19:1,7235:GREENVIEW,site-9bea29d4e8ef,7235,GREENVIEW,7235 GREENVIEW between W. Warren and Sawyer in a R1 zone (Single-Family Residential District)-City Council District #1,GREENVIEW,22080705-6,7235 GREENVIEW,exact,
bza-60-19-c1f3b6a77d,2019-10-08:60-19:1,12727:GREENFIELD,site-235fd53448ea,12727,GREENFIELD,12727 GREENFIELD between Glendale and Fullerton in a M4 Zone (Intensive Industrial District)-City Council District #2,GREENFIELD,22050983-4,12727 GREENFIELD,exact,
bza-78-19-9477858622,2019-10-08:78-19:1,12830:ESSEX,site-cbb984d34af5,12830,ESSEX,12830 ESSEX between Kitchner and Continental in a R2 zone (Two-Family Residential District)-City Council District #4,ESSEX,21048250.,12830 ESSEX,exact,
bza-62-19-80921f9b24,2019-10-15:62-19:1,7446:W WARREN,site-06fda5a86649,7446,W WARREN,"7410, 7414, 7418, 7422, 7432, 7438 & 7446 W. Warren between Prairie and American in a B4 zone (General Business District)-City Council District #6",WARREN,18003588-96,7446 W WARREN,exact,
bza-63-19-7f94d4aa9b,2019-10-15:63-19:1,7041:W WARREN,site-17360d0e9c4f,7041,W WARREN,"7041, 7047, 7051, 7101, 7111 W. Warren between Proctor and Weatherby in a B4 zone (General Business District).-City Council District #6",WARREN,18003511-5,7041 W WARREN,exact,
bza-97-17-ef5e8042d9,2019-10-15:97-17:1,18700:FITZPATRICK,site-5737da3a7829,18700,FITZPATRICK,18700 Fitzpatrick St Between: Warwick St and Brace St in a M2 Zone (Restricted Industrial District) City Council District #7,FITZPATRICK,22068081-2,18700 FITZPATRICK,exact,
bza-67-19-dd6df5c915,2019-10-22:67-19:1,17405:LAHSER,site-c49387187648,17405,LAHSER,17405 Lahser & 17371 Redford between Redford and Willmarth in a B4 zone (General Business District),LAHSER,22014197.,17405 LAHSER,exact,
bza-67-19-dd6df5c915,2019-10-22:67-19:1,17371:REDFORD,site-51efcc4b375f,17371,REDFORD,17405 Lahser & 17371 Redford between Redford and Willmarth in a B4 zone (General Business District),REDFORD,22014196.,17371 REDFORD,exact,
bza-73-19-34f97db8c8,2019-11-19:73-19:1,16980:W WARREN,site-48ab51b8c9f1,16980,W WARREN,16980 W. Warren between Clayburn and Rutland in a B4 zone (General Business District).-City Council District #5,WARREN,22000775-80,16980 W WARREN,exact,
bza-74-19-05e355c7b2,2019-11-19:74-19:1,1326:18TH,site-358efd1c203d,1326,18TH,1326 18th Street between Porter St and Howard St in a R2 Zone (Two-Family Residential District)-City Council District #5,18TH,10007160.002L,1326 18TH ST,exact,
bza-75-19-9591bc33b1,2019-11-19:75-19:1,5996:WOODWARD,site-c039fab5c18b,5996,WOODWARD,5996 Woodward between Harper Ave. and Edsel Ford Service Dr. in a B4 (General Business District).-City Council District #5,WOODWARD,01004253.,5996 WOODWARD AVE,exact,
bza-72-19-be782cacfd,2019-11-26:72-19:1,14411:JOY,site-0bc91f87c691,14411,JOY,14411 JOY RD. between Mark Twain and Strathmoor in a B4 zone (General Business District).,JOY,22002166-75,14411 JOY RD,exact,
bza-76-19-5db6a813e8,2019-11-26:76-19:1,6001:CASS,site-45955887fea8,6001,CASS,"6001 CASS AVE. between York and Burroughs in a SD2-H Zone (Special Development District, Mixed-Use Historic)",CASS,02002158.,6001 CASS,exact,
bza-76-19-8948b8b0cf,2019-11-26:76-19:2,10345:W EIGHT MILE,site-929301754953,10345,W EIGHT MILE,10345 W. EIGHT MILE RD. Between: Birwood Ave. and Griggs Ave. in a B2 Zone (Local Business and Residential District),EIGHT MILE,16009481.000,10345 W EIGHT MILE,exact,
bza-bseed-slu2019-00094-community-appeal-74dfdc0253,2019-11-26:BSEED SLU2019-00094-COMMUNITY APPEAL:1,4809:E SEVEN MILE,site-257d0b15a606,4809,E SEVEN MILE,4809 E. SEVEN MILE between Healy and Lamont in a B4 (General Business District),SEVEN MILE,13008532-4,4809 E SEVEN MILE,exact,
bza-77-19-a7f510e04a,2019-12-03:77-19:1,1118:CENTRAL,site-9b0bb1cd2fa6,1118,CENTRAL,1118-1126 Central St. between W. Lafayette Blvd. and Pershing St. in a R2 (Two-Family Residential District)-City Council District #6,CENTRAL,18009618.,1118 CENTRAL,exact,
bza-77-19-a7f510e04a,2019-12-03:77-19:1,1126:CENTRAL,site-a8dac4565906,1126,CENTRAL,1118-1126 Central St. between W. Lafayette Blvd. and Pershing St. in a R2 (Two-Family Residential District)-City Council District #6,CENTRAL,18009619.,1126 CENTRAL,exact,
bza-79-19-51772cbfc9,2019-12-03:79-19:1,20580:HOOVER,site-d63c53be3420,20580,HOOVER,20580 Hoover between E. Eight Mile and Collingham in a M3 (General Industrial District)-City Council District #3,HOOVER,21036382.,20580 HOOVER,exact,
bza-81-19-7c4a7d5065,2019-12-10:81-19:1,15630:W SEVEN MILE,site-a1efb3e74a46,15630,W SEVEN MILE,15630 W. Seven Mile Rd. between Winthrop and Forrer in a B4 (General Business District)-City Council District #2,SEVEN MILE,22017242-8,15630 W SEVEN MILE,exact,
bza-82-19-94ef549a4a,2019-12-10:82-19:1,4101:GRANDY,site-2f2df17763de,4101,GRANDY,4101 Grandy (4801 Grandy) between Superior and E. Alexandrine Ave in a R2 (Two-Family Residential District).-City Council District 5,GRANDY,11003964.,4101 GRANDY,exact,
bza-84-19-5eb320fb4c,2019-12-10:84-19:1,1546:ELM,site-c2ff410e6d44,1546,ELM,1546 Elm between Cochrane and Trumbull in an R2 (Two-Family Residential District).-City Council District #5,ELM,08000798-800,1546 ELM,exact,
bza-85-19-b0b1323990,2019-12-17:85-19:1,19416:LIVERNOIS,site-63c0889d93c3,19416,LIVERNOIS,19416 Livernois between Outer Dr. and St. Martins in a B2 (Local Business and Residential District)-City Council District #2,LIVERNOIS,02004431.003L,19416 LIVERNOIS,exact,
bza-86-19-fdba0c918b,2019-12-17:86-19:1,408:E BETHUNE,site-d8143353b317,408,E BETHUNE,408 E. Bethune between Beaubien and Brush in R3 (Low Density Residential District).-City Council District #5,BETHUNE,01002084.,408 E BETHUNE,exact,
bza-89-19-2ba8fd28cf,2019-12-17:89-19:1,414:ASHLAND,site-941657d680b0,414,ASHLAND,414 Ashland between Avondale and Essex in a R2 (Two-Family Residential District)-City Council District #4,ASHLAND,21061907-9,414 ASHLAND,exact,
bza-97-19-459bd7f671,2019-12-17:97-19:1,1760:LINCOLNSHIRE,site-d2b56e56c309,1760,LINCOLNSHIRE,1760 Lincolnshire Dr. between Balmoral and Lucerne in a R1 (Single-Family Residential District)-City Council District #5,LINCOLNSHIRE,02004856.,1760 LINCOLNSHIRE,exact,
bza-6-19-2b90e3b9d9,2020-02-11:6-19:1,8836:MCGRAW,site-cbe727013386,8836,MCGRAW,8836 McGraw Between: Addison and Cabot in a R2 Zone (Two-Family Residential District),MCGRAW,20010904.,8836 MCGRAW,exact,
bza-87-19-86a1450728,2020-02-11:87-19:1,850:W FISHER,site-74925eed43f9,850,W FISHER,850 W. Fisher Fwy. Between: 4th and 3rd in a B4 Zone (General Business District),FISHER,04000454.,850 W FISHER,exact,
bza-88-19-07e1969543,2020-02-11:88-19:1,4535:E SEVEN MILE,site-d4760008716e,4535,E SEVEN MILE,4535 E. Seven Mile Rd. Between: Eureka and Justine B4 Zone (General Business District),SEVEN MILE,13008511-14,4535 E SEVEN MILE,exact,
bza-105-19-6f26fdbf3e,2020-02-18:105-19:1,2004:SCOTTEN,site-84fc1fd129ef,2004,SCOTTEN,"1992, 2000 & 2004 Scotten and 4111 Wolff Between: Wolff and W Vernor R2 Zone (Two-Family Residential Distrcit)",SCOTTEN,14009537-9,2004 SCOTTEN,exact,
bza-94-19-5002df6378,2020-02-18:94-19:1,13777:PLYMOUTH,site-01efbca4cb88,13777,PLYMOUTH,13777 Plymouth Between: Freeland and Schaefer in a M4 Zone (Intensive Industrial District),PLYMOUTH,22004939-40,13777 PLYMOUTH,exact,
bza-106-17-de942bc315,2020-02-25:106-17:1,10325:W EIGHT MILE,site-cf5dd4d04045,10325,W EIGHT MILE,10325 W. Eight Mile Rd. Between: Birwood Ave. and Griggs Ave in a B2 Zone (Local Business & Residential District)-City Council District #2,EIGHT MILE,16009477.000,10325 W EIGHT MILE,exact,
bza-110-19-6035ce5f01,2020-02-25:110-19:1,17567:HUBBELL,site-9b8da619d5f4,17567,HUBBELL,17567 Hubbell Between: Thatcher and Outer Dr. in a R1 Zone (Single Family Residential District)-City Council District #2,HUBBELL,22125511.000,17567 HUBBELL,exact,
bza-5-20-fc09d791a0,2020-04-14:5-20:1,7316:W MCNICHOLS,site-2dc5fd81bcfc,7316,W MCNICHOLS,7316 W. McNichols Rd. Between: Prarire and Monica in a B2 Zone (Local Business and Residential District),MCNICHOLS,16008274.,7316 W MCNICHOLS,exact,
bza-68-18-995664bec8,2020-04-14:68-18:1,16711:MACK,site-741fb8e6cf48,16711,MACK,16711 MACK AVE. Between: Bishop and Yorkshire in a B4 Zone (General Business District),MACK,21001481-2,16711 MACK,exact,
bza-95-19-765c392d3a,2020-04-14:95-19:1,7706:TIREMAN,site-c0a21271d36b,7706,TIREMAN,7706 TIREMAN AVE. Between: Alpine and Central in a B4 Zone (General Business District),TIREMAN,16002028-34,7706 TIREMAN,exact,
bza-bseed-slu2019-00141-e642903056,2020-04-14:BSEED SLU2019-00141:1,8519:JOHN C LODGE,site-59569cb0424d,8519,JOHN C LODGE,"1657 Gladstone, 1503 Blaine, 1426 Pingree and 8519 John C Lodge Surrounding Streets: Rosa Parks Blvd., Gladstone St., W. Euclid St and John C. Lodge in a R2 Zone (Two-Family Residential District) & R3 Zone (Low Density Residential District)",JOHN C LODGE,06004351.,8519 JOHN C LODGE,exact,
bza-111-19-7252fe4512,2020-04-21:111-19:1,12500:MITCHELL,site-95c278408fcd,12500,MITCHELL,12500 Mitchell Between: Halleck and Lawley in a R2 Zone (Two-Family Residential District)-City Council District #3,MITCHELL,09010775.,12500 MITCHELL,exact,
bza-7-20-39fc390e6c,2020-04-21:7-20:1,1249:WASHINGTON,site-43479bf44991,1249,WASHINGTON,1249 and 1265 Washington Blvd. Between: Grand River and State Street in a B5-H Zone (Major Business District-Historic)-City Council District #5,WASHINGTON,02000298-9,1249 WASHINGTON BLVD,exact,
bza-98-19-99e1df0223,2020-04-21:98-19:1,11318:WOODWARD,site-a5bd7393e89a,11318,WOODWARD,11318 Woodward Ave. Between: Rosedale Ct and Harmon in a B4 Zone (General Business District)-City Council District #5,WOODWARD,01004364-5,11318 WOODWARD AVE,exact,
bza-10-20-4e6d17ae69,2020-04-28:10-20:1,1208:WOODWARD,site-cf658bd53e1d,1208,WOODWARD,1208 Woodward between Grand River and Gratiot in B5 Major Business District Historic,WOODWARD,01004110-9,1208 WOODWARD AVE,exact,
bza-100-19-fe808d91c8,2020-04-28:100-19:1,4600:E NEVADA,site-2b0c603a20bc,4600,E NEVADA,4600 E. Nevada between Nevada and Minnesota Ave in a M4 (Intensive Industrial District),NEVADA,13007886.002L,4600 E NEVADA,exact,
bza-96-19-4b9e83ce6d,2020-04-28:96-19:1,14400:PRAIRIE,site-44f5834b087e,14400,PRAIRIE,14400 Prairie between Lyndon and Interval in a M4 Zone (Intensive Industrial District),PRAIRIE,16005902.011,14400 PRAIRIE,exact,
bza-101-19-2b70c94d41,2020-05-12:101-19:1,2905:BEAUFAIT,site-ba9143cfaa01,2905,BEAUFAIT,2905 Beaufait Between: Charlevoix and Benson in a M4 Zone (Intensive Industrial District),BEAUFAIT,15013354.,2905 BEAUFAIT,exact,
bza-102-19-118cde75ec,2020-05-12:102-19:1,5602:MARTIN,site-a5456b532e08,5602,MARTIN,5602 Martin Between: Pittsburg and McGraw R2 Zone (Two-Family Residential District),MARTIN,18011040.,5602 MARTIN,exact,
bza-6-20-21fe579224,2020-05-12:6-20:1,3985:COMMONWEALTH,site-f0b4c93190cf,3985,COMMONWEALTH,3985 Commonwealth Between: W. Alexandria and Selden St. in a R3 Zone (Major Business District-Historic),COMMONWEALTH,08006262.,3985 COMMONWEALTH,exact,
bza-104-19-3f504bb48a,2020-05-19:104-19:1,8611:GRINNELL,site-ac3c4e820044,8611,GRINNELL,8611 Grinnell between Erwin and McClellan in a M2 (INTENSIVE INDUSTRIAL DISTRICT),GRINNELL,17002205.,8611 GRINNELL,exact,
bza-106-19-ac2502a929,2020-05-19:106-19:1,2141:E JEFFERSON,site-8a2495df85a4,2141,E JEFFERSON,2141 & 2151 E. Jefferson between St. Aubin and Chene in a B4 (GENERAL BUSINESS DISTRICT),JEFFERSON,09000107.,2141 E JEFFERSON,exact,
bza-106-19-ac2502a929,2020-05-19:106-19:1,2151:E JEFFERSON,site-ce4bc5918a65,2151,E JEFFERSON,2141 & 2151 E. Jefferson between St. Aubin and Chene in a B4 (GENERAL BUSINESS DISTRICT),JEFFERSON,09000108-10,2151 E JEFFERSON,exact,
bza-91-19-9b79c42287,2020-05-19:91-19:1,7041:W WARREN,site-17360d0e9c4f,7041,W WARREN,"7041, 7047, 7051, 7101, 7111 W. Warren between Proctor and Weatherby in an R2 Two-Family Residential District & B4 (General Business District)",WARREN,18003511-5,7041 W WARREN,exact,
bza-107-19-7c49964699,2020-05-26:107-19:1,7940:MICHIGAN,site-e160690d3e78,7940,MICHIGAN,7940 Michigan between Lumley and Springwells in a B4 (General Business District).,MICHIGAN,20004730.,7940 MICHIGAN AVE,exact,
bza-108-19-9b26eee3a4,2020-05-26:108-19:1,15216:CASTLETON,site-e5e4978abf07,15216,CASTLETON,15216 Castleton between Sussex and Coyle in a M4 (Intensive Industrial District).,CASTLETON,22006550.,15216 CASTLETON,exact,
bza-109-19-877243d9d6,2020-05-26:109-19:1,14420:LIVERNOIS,site-cb08e15f0750,14420,LIVERNOIS,14354 & 14420 Livernois between Doris and Bourke in (M4 Intensive Industrial District)-,LIVERNOIS,14013236-7,14420 LIVERNOIS,exact,
bza-1-20-b402ab3506,2020-06-09:1-20:1,2051:W DAVISON,site-dd814e92b868,2051,W DAVISON,2051 W. Davison between Rosa Parks Blvd and 14th St in a R3 (Low Density Residential District)- City Council District #5,DAVISON,08004465-8,2051 W DAVISON,exact,
bza-2-20-b0139b3b1f,2020-06-09:2-20:1,4210:E EIGHT MILE,site-b3eb42da715d,4210,E EIGHT MILE,4210 & 4236 E. Eight Mile Rd. between Dean and Sunset in B4 (General Business District)- City Council District #2,EIGHT MILE,13009118-27,4210 E EIGHT MILE,exact,
bza-4-20-e38716d808,2020-06-09:4-20:1,8825:HUBBELL,site-9fb36a822909,8825,HUBBELL,8825 & 8829 Hubbell between Joy Rd. and Westfield in B4 (General Business District)- City Council District 7,HUBBELL,22040311.,8825 HUBBELL,exact,
bza-4-20-e38716d808,2020-06-09:4-20:1,8829:HUBBELL,site-83857ed64e36,8829,HUBBELL,8825 & 8829 Hubbell between Joy Rd. and Westfield in B4 (General Business District)- City Council District 7,HUBBELL,22040309-10,8829 HUBBELL,exact,
bza-103-19-b51a4c7926,2020-06-16:103-19:1,2442:MICHIGAN,site-b98c49af7b04,2442,MICHIGAN,2442 Michigan Ave. between 16th St and 17th St in a B4 zone (General Business District)- City Council District #6,MICHIGAN,10000272-3,2442 MICHIGAN AVE,exact,
bza-9-20-68007fc307,2020-06-16:9-20:1,611:W PHILADELPHIA,site-44ddbeb0320b,611,W PHILADELPHIA,611 W. Philadelphia between 2nd and 3rd in B4 Zone (General Business District)-City Council District #5,PHILADELPHIA,04001995-6,611 W PHILADELPHIA,exact,
bza-90-19-38e31cc945,2020-06-16:90-19:1,1737:MILITARY,site-6fd8b6030b7b,1737,MILITARY,1737 Military between Vernor Hwy and Cadet St in a R1 Zone (Single-Family Residential District)-City Council District #6,MILITARY,16016406.,1737 MILITARY,exact,
bza-1-19-b17dd09224,2020-06-23:1-19:1,32:MONROE,site-4d6c230a8ba6,32,MONROE,32 Monroe Ave between Farmer St and Cadillac Square in a B5 zone (Major Business District)- Council District #6,MONROE,01003958-83,32 MONROE,exact,
bza-11-20-6f01bb250d,2020-06-23:11-20:1,10001:W SEVEN MILE,site-17ea47980f14,10001,W SEVEN MILE,10001 W. Seven Mile Rd. between Kentucky and Ilene in a B2 Zone (Local Business and Residential District)- City Council District #2,SEVEN MILE,16008642-5,10001 W SEVEN MILE,exact,
bza-14-17-07ea6a1a53,2020-07-21:14-17:1,13815:W EIGHT MILE,site-f3e8e7e39724,13815,W EIGHT MILE,13815 W. Eight Mile Rd. Between: Lesure St and Stansbury Ave in a B4 Zone (General Business District) - City Council District #3,EIGHT MILE,22018600.,13815 W EIGHT MILE,exact,
bza-17-20-4f7a090036,2020-07-21:17-20:1,17370:MEYERS,site-06e35313aff7,17370,MEYERS,17370 Meyers between Santa Maria and Santa Clare in a R1 (Single-Family Residential District)-City Council District #2,MEYERS,16046187.003,17370 MEYERS,exact,
bza-34-20-ee36e5ccb2,2021-01-26:34-20:1,1441:BROOKLYN,site-5e70a1e8af5f,1441,BROOKLYN,1441 Brooklyn Street between Porter and Labrosse in a R3 (Low Density Residential District)-City Council District #6,BROOKLYN,06005352.,1441 BROOKLYN,exact,
bza-38-20-ee1ac31af4,2021-01-26:38-20:1,19505:W GRAND RIVER,site-c0f708532338,19505,W GRAND RIVER,19505 W Grand River between Minock and Auburn in a B4 General Business District- City Council District #1,GRAND RIVER,22007297.001,19505 W GRAND RIVER,exact,
bza-38-20-ee1ac31af4,2021-01-26:38-20:1,19505:W GRAND RIVER,site-c0f708532338,19505,W GRAND RIVER,19505 W Grand River between Minock and Auburn in a B4 General Business District- City Council District #1,GRAND RIVER,22007297.002,19505 W GRAND RIVER,exact,
bza-04-21-d519a3c5a2,2021-02-16:04-21:1,19830:W SEVEN MILE,site-2939c07b3602,19830,W SEVEN MILE,19830 W. Seven Mile between Plainview and Evergreen in a B4 zone (General Business District)-City Council District #1,SEVEN MILE,22016923-32,19830 W SEVEN MILE,exact,
bza-bseed-slu2019-000186-e221339ca6,2021-02-16:BSEED SLU2019-000186:1,14313:WYOMING,site-c48eb202867b,14313,WYOMING,14313 Wyoming between Intervale and Lyndon in a M4 (Intensive Industrial District)- City Council District #7,WYOMING,16038548-9,14313 WYOMING,exact,
bza-06-21-e118eb8f66,2021-02-23:06-21:1,7631:E LAFAYETTE,site-d732414f2698,7631,E LAFAYETTE,7631 E. Lafayette between Townsend and Baldwin in an R3 (Low Density Residential District)-City Council District #5,LAFAYETTE,17011820-1,7631 E LAFAYETTE,exact,
bza-29-20-787a86c963,2021-02-23:29-20:1,2051:W DAVISON,site-dd814e92b868,2051,W DAVISON,2051 W. Davison between Rosa Parks Blvd and 14th St in a R3 Low Density Residential District-City Council District #5,DAVISON,08004465-8,2051 W DAVISON,exact,
bza-44-20-29912dcf2c,2021-02-23:44-20:1,18601:VAN DYKE,site-b7296a565036,18601,VAN DYKE,18601 thru 18635 Van Dyke between Hildale and Quinn in a B4 zone (GENERAL BUSINESS DISTRICT)-City Council District #3,VAN DYKE,15005357-62,18601 VAN DYKE,exact,
bza-1-21-97e069a509,2021-03-09:1-21:1,2736:HARRISON,site-0058ff267597,2736,HARRISON,"2722, 2728, 2736, 2746 Harrison St. between Perry and Spruce in a R2 - (Two-Family Residential District)-City Council District #6",HARRISON,08006674.005,2736 HARRISON,exact,
bza-10-21-ae57d08409,2021-03-09:10-21:1,2802:HARRISON,site-56c46b364671,2802,HARRISON,"2802, 2806, 2808 & 2812 Harrison between Perry and Temple in R2 - (Two-Family Residential District)-City Council District #6",HARRISON,08006678.001,2802 HARRISON,exact,
bza-10-21-ae57d08409,2021-03-09:10-21:1,2806:HARRISON,site-9c24637493af,2806,HARRISON,"2802, 2806, 2808 & 2812 Harrison between Perry and Temple in R2 - (Two-Family Residential District)-City Council District #6",HARRISON,08006678.002L,2806 HARRISON,exact,
bza-10-21-ae57d08409,2021-03-09:10-21:1,2808:HARRISON,site-02a72f1078a0,2808,HARRISON,"2802, 2806, 2808 & 2812 Harrison between Perry and Temple in R2 - (Two-Family Residential District)-City Council District #6",HARRISON,08006679.,2808 HARRISON,exact,
bza-10-21-ae57d08409,2021-03-09:10-21:1,2812:HARRISON,site-2df401b5aa22,2812,HARRISON,"2802, 2806, 2808 & 2812 Harrison between Perry and Temple in R2 - (Two-Family Residential District)-City Council District #6",HARRISON,08006680.,2812 HARRISON,exact,
bza-42-20-373295a30e,2021-03-09:42-20:1,509:E EUCLID,site-3c6293c6c17e,509,E EUCLID,509 & 515 E. Euclid St. between Beaubien and Oakland in a R2 - (Two Family Residential District)-City Council District #5,EUCLID,03002191.,509 E EUCLID,exact,
bza-42-20-373295a30e,2021-03-09:42-20:1,515:E EUCLID,site-88a1ef871ca6,515,E EUCLID,509 & 515 E. Euclid St. between Beaubien and Oakland in a R2 - (Two Family Residential District)-City Council District #5,EUCLID,03002192.,515 E EUCLID,exact,
bza-11-21-2065af5007,2021-03-16:11-21:1,1720:CRANE,site-d5f843134803,1720,CRANE,"1714, 1720, 1728 & 1734 Crane between St. Paul St. and Kercheval Ave. in an R2 Two-Family Residential District -City Council District #5",CRANE,19009606-7,1720 CRANE,exact,
bza-11-21-2065af5007,2021-03-16:11-21:1,1728:CRANE,site-fd0b819c63bf,1728,CRANE,"1714, 1720, 1728 & 1734 Crane between St. Paul St. and Kercheval Ave. in an R2 Two-Family Residential District -City Council District #5",CRANE,19009608-9,1728 CRANE,exact,
bza-25-20-0c7c6c8bde,2021-03-16:25-20:1,18520:W SEVEN MILE,site-b30aaecef99f,18520,W SEVEN MILE,18520 W. Seven Mile between Greenview Ave and Glastonbury Rd. in an B1 (Restricted Business District) and B4 (General Business District)-City Council District #1,SEVEN MILE,22017033.000,18520 W SEVEN MILE,exact,
bza-8-21-6178c7b555,2021-03-16:8-21:1,12101:MORANG,site-151a5dc0b8d2,12101,MORANG,12101 Morang between Whitehill and Laing in B4 Zone General Business District-City Council District #4,MORANG,21076856-7,12101 MORANG,exact,
bza-12-21-ad158761eb,2021-03-23:12-21:1,2028:24TH,site-9fd45a83fc71,2028,24TH,2020-2028 24th St. (AKA 2024 and 2026 24th St) between Michigan and Dalzelle in an R2 Zone Two-Family Residential District -City Council District #6,24TH,12008570.,2028 24TH ST,exact,
bza-05-21-9b7c537c06,2021-03-30:05-21:1,4001:W MCNICHOLS,site-08920dfe8f22,4001,W MCNICHOLS,"4001 W. McNichols between Livernois and Fairfiled in to the north of the subject site, across McNichols Rd., there are commercial, residential and institutional structures zoned R1 and R2. The campus extends south to Puritan where there are commercial uses zoned B2, multi-family structures zoned PD, Institutional uses zoned B2, commercial uses zoned B2 and B4. East across Fairfield St. are single-family homes zoned R2. To the west, across Livernois Ave., there are commercial structures and vacant land zoned B2 and B4",MCNICHOLS,12005617.,4001 W MCNICHOLS,exact,
bza-bseed-slu2020-00137-78ddfd97ee,2021-03-30:BSEED SLU2020-00137:1,13266:E OUTER,site-acb169a3cc30,13266,E OUTER,13266 E. Outer Dr. between Mack and Rosewood in a R1 (Single-Family Residential District,OUTER,21081236.,13266 E OUTER DR,exact,
bza-16-21-6706391ca7,2021-04-13:16-21:1,1586:MONTEREY,site-fbcba9b8c6ea,1586,MONTEREY,"1586 Monterey, between Woodrow Wilson and John C Lodge in a B4 - (General Business District)-City Council District #5",MONTEREY,06006169.,1586 MONTEREY,exact,
bza-18-21-2fef649f8a,2021-04-13:18-21:1,13675:PLYMOUTH,site-0045e9f2b8ac,13675,PLYMOUTH,"13675 Plymouth, between Decatur and Schaefer in a M4 (Intensive Industrial District)-City Council District #7",PLYMOUTH,22004934.,13675 PLYMOUTH,exact,
bza-13-21-993080da6c,2021-04-20:13-21:1,2257:PARKER,site-6be222dc8361,2257,PARKER,2257 Parker between E. Vernor and Durand in an R2 Zone Two-Family Residential District.-City Council District #5,PARKER,17009099.,2257 PARKER,exact,
bza-20-21-d70f25cae4,2021-04-27:20-21:1,10345:W EIGHT MILE,site-929301754953,10345,W EIGHT MILE,10345 W. Eight Mile between Griggs and Birwood in B2 (Local Business and Residential District)-City Council District #2,EIGHT MILE,16009481.000,10345 W EIGHT MILE,exact,
bza-40-20-36fcdb76ae,2021-04-27:40-20:1,1005:NAVAHOE,site-7bc1e9456c0b,1005,NAVAHOE,"1005, 1010, 1018 & 1033 Navahoe between Jefferson and Freud in a R1 (Single-Family Residential District)-City Council District #4",NAVAHOE,21046659.,1005 NAVAHOE,exact,
bza-40-20-36fcdb76ae,2021-04-27:40-20:1,1010:NAVAHOE,site-606ff01e4d9d,1010,NAVAHOE,"1005, 1010, 1018 & 1033 Navahoe between Jefferson and Freud in a R1 (Single-Family Residential District)-City Council District #4",NAVAHOE,21046650.,1010 NAVAHOE,exact,
bza-40-20-36fcdb76ae,2021-04-27:40-20:1,1018:NAVAHOE,site-65672457f096,1018,NAVAHOE,"1005, 1010, 1018 & 1033 Navahoe between Jefferson and Freud in a R1 (Single-Family Residential District)-City Council District #4",NAVAHOE,21046651.,1018 NAVAHOE,exact,
bza-40-20-36fcdb76ae,2021-04-27:40-20:1,1033:NAVAHOE,site-19740f33aae3,1033,NAVAHOE,"1005, 1010, 1018 & 1033 Navahoe between Jefferson and Freud in a R1 (Single-Family Residential District)-City Council District #4",NAVAHOE,21046655.,1033 NAVAHOE,exact,
bza-3-21-cee9bd7f02,2021-05-11:3-21:1,5875:W VERNOR,site-e6e83d806265,5875,W VERNOR,5875 W. Vernor between Calvary and Campbell in a B4 (General Business District - TMSO)- City Council District #6,VERNOR,16000685.,5875 W VERNOR,exact,
bza-4-21-25f351c9e7,2021-05-11:4-21:1,19830:W SEVEN MILE,site-2939c07b3602,19830,W SEVEN MILE,19830 W. Seven Mile between Plainview and Evergreen in a B4 zone (General Business District)-City Council District #1,SEVEN MILE,22016923-32,19830 W SEVEN MILE,exact,
bza-22-21-a0cae37c6a,2021-05-18:22-21:1,2627:AUSTIN,site-d6323bcf1381,2627,AUSTIN,2627 Austin Street between 17th and 18th in a R3 - (Low Density Residential District)-City Council District #6,AUSTIN,10000147.,2627 AUSTIN,exact,
bza-23-21-67b09caf30,2021-05-18:23-21:1,7303:W MCNICHOLS,site-a3bc42afce76,7303,W MCNICHOLS,7303 W. McNichols between Prairie and Monica in a B2 - (Local Business and Residential District) (TMSO)-City Council District #6,MCNICHOLS,16007950.002,7303 W MCNICHOLS UNIT 2,exact,
bza-23-21-67b09caf30,2021-05-18:23-21:1,7303:W MCNICHOLS,site-a3bc42afce76,7303,W MCNICHOLS,7303 W. McNichols between Prairie and Monica in a B2 - (Local Business and Residential District) (TMSO)-City Council District #6,MCNICHOLS,16007950.001,7303 W MCNICHOLS UNIT 1,exact,
bza-17-21-b8c081e0c9,2021-05-25:17-21:1,20703:PEMBROKE,site-8eb849fec537,20703,PEMBROKE,"20703 Pembroke between Burt and Braille in a to the east, south are residential structures zoned R1 (Single-Family Residential District). To the west is an Institutional use zoned R1. To the north of the subject site are residential structures zoned R2 (Two-Family Residential District)-City Council District #1",PEMBROKE,22017853.,20703 PEMBROKE,exact,
bza-27-21-a56d8905f7,2021-06-08:27-21:1,1401:RIVARD,site-7910d8c3fc02,1401,RIVARD,1401 Rivard between Nicolet Pl and Joliet Pl in an R6 (High Density Residential District),RIVARD,05003760.036,1401 RIVARD UNIT 36,exact,
bza-27-21-a56d8905f7,2021-06-08:27-21:1,1401:RIVARD,site-7910d8c3fc02,1401,RIVARD,1401 Rivard between Nicolet Pl and Joliet Pl in an R6 (High Density Residential District),RIVARD,05003760.037,1401 RIVARD UNIT 37,exact,
bza-27-21-a56d8905f7,2021-06-08:27-21:1,1401:RIVARD,site-7910d8c3fc02,1401,RIVARD,1401 Rivard between Nicolet Pl and Joliet Pl in an R6 (High Density Residential District),RIVARD,05003760.022,1401 RIVARD UNIT 22,exact,
bza-27-21-a56d8905f7,2021-06-08:27-21:1,1401:RIVARD,site-7910d8c3fc02,1401,RIVARD,1401 Rivard between Nicolet Pl and Joliet Pl in an R6 (High Density Residential District),RIVARD,05003760.015,1401 RIVARD UNIT 15,exact,
bza-27-21-a56d8905f7,2021-06-08:27-21:1,1401:RIVARD,site-7910d8c3fc02,1401,RIVARD,1401 Rivard between Nicolet Pl and Joliet Pl in an R6 (High Density Residential District),RIVARD,05003760.009,1401 RIVARD UNIT 9,exact,
bza-27-21-a56d8905f7,2021-06-08:27-21:1,1401:RIVARD,site-7910d8c3fc02,1401,RIVARD,1401 Rivard between Nicolet Pl and Joliet Pl in an R6 (High Density Residential District),RIVARD,05003760.017,1401 RIVARD UNIT 17,exact,
bza-26-21-b04c2ad13b,2021-06-15:26-21:1,7506:BUHR,site-f71a31fc32cb,7506,BUHR,7506 & 7512 Buhr between Cliff St. and School Ave. in a R1 Zone (Single Family Residential District).,BUHR,15003905.,7506 BUHR,exact,
bza-26-21-b04c2ad13b,2021-06-15:26-21:1,7512:BUHR,site-7609946be476,7512,BUHR,7506 & 7512 Buhr between Cliff St. and School Ave. in a R1 Zone (Single Family Residential District).,BUHR,15003904.,7512 BUHR,exact,
bza-28-21-05880fccc0,2021-06-15:28-21:1,2060:WABASH,site-0341f6370c2f,2060,WABASH,2060 Wabash between Dalzelle St. and Marantette St. in a R2 Zone (Two Family Residential District).,WABASH,08008724.,2060 WABASH,exact,
bza-23-21-5de6ae3a94,2021-06-29:23-21:1,10351:W FORT,site-8e43557ad55b,10351,W FORT,10351 W. Fort between Miller and Forman in M4 (Intensive Industrial District),FORT,20001655.,10351 W FORT,exact,
bza-33-21-ebd11a8b91,2021-06-29:33-21:1,9515:MICHIGAN,site-9b4997bcb5b7,9515,MICHIGAN,9515 Michigan Ave. between Stecher St. and Wyoming Ave. in an B4 (General Business District),MICHIGAN,20004609-10,9515 MICHIGAN AVE,exact,
bza-bssed-slu2021-00023-spr2021-00009-cb7a323150,2021-06-29:BSSED SLU2021-00023 & SPR2021-00009:1,8726:WOODWARD,site-593620a0e4de,8726,WOODWARD,8726 Woodward & 95 Alger in a B4 Zone (General Business District and R3 Zone (Low Density Residential District),WOODWARD,01004336.,8726 WOODWARD AVE,exact,
bza-bssed-slu2021-00023-spr2021-00009-cb7a323150,2021-06-29:BSSED SLU2021-00023 & SPR2021-00009:1,95:ALGER,site-be61ed101a0f,95,ALGER,8726 Woodward & 95 Alger in a B4 Zone (General Business District and R3 Zone (Low Density Residential District),ALGER,01002726-30,95 ALGER,exact,
bza-29-21-cd232a5ef8,2021-07-13:29-21:1,1749:MERRICK,site-1e6165b15df3,1749,MERRICK,"1727, 1749, 1803, 1807, 1813, 1819, 1825 Merrick and 5135, 5141 Avery, bordered by Avery , Putnam and Rosa Parks in a R2 - (Two-Family Residential District)",MERRICK,08001456.009,1749 MERRICK UNIT 9,exact,
bza-29-21-cd232a5ef8,2021-07-13:29-21:1,1813:MERRICK,site-8419fc4bec5d,1813,MERRICK,"1727, 1749, 1803, 1807, 1813, 1819, 1825 Merrick and 5135, 5141 Avery, bordered by Avery , Putnam and Rosa Parks in a R2 - (Two-Family Residential District)",MERRICK,08001456.004,1813 MERRICK UNIT 4,exact,
bza-29-21-cd232a5ef8,2021-07-13:29-21:1,1825:MERRICK,site-196b7163c64e,1825,MERRICK,"1727, 1749, 1803, 1807, 1813, 1819, 1825 Merrick and 5135, 5141 Avery, bordered by Avery , Putnam and Rosa Parks in a R2 - (Two-Family Residential District)",MERRICK,08001456.001,1825 MERRICK UNIT 1,exact,
bza-29-21-cd232a5ef8,2021-07-13:29-21:1,5135:AVERY,site-a834251e24f3,5135,AVERY,"1727, 1749, 1803, 1807, 1813, 1819, 1825 Merrick and 5135, 5141 Avery, bordered by Avery , Putnam and Rosa Parks in a R2 - (Two-Family Residential District)",AVERY,08001456.022,5135 AVERY UNIT 22,exact,
bza-30-21-d888c96eb5,2021-07-13:30-21:1,3939:THIRD,site-5e268d35eb26,3939,THIRD,"3939 Third Ave. between Selden St and W. Alexandrine St in a SD1 - (Special Development District, Small-Scale, Mixed-Use)",THIRD,04003544.,3939 THIRD,exact,
bza-36-21-dce8b705cb,2021-07-20:36-21:1,3701:LINCOLN,site-ac1be7bb243b,3701,LINCOLN,3700 Trumbull & 3701 Lincoln between Selden & Brainard in a R3-H - (LOW DENSITY RESIDENTIAL DISTRICT - Historic)-City Council District #6,LINCOLN,06005913.051,3701 LINCOLN,exact,
bza-41-21-988b579aea,2021-08-30:41-21:1,503:HORTON,site-0ddd3cbceea2,503,HORTON,"503, 509, 515, 521 Horton and 7414 Beaubien, between Beaubien and Oakland in a R3 - (Low Density Residential District)",HORTON,03001849-50,503 HORTON,exact,
bza-99-19-59f6443f73,2021-08-30:99-19:1,5680:FRENCH,site-2c717f22d44d,5680,FRENCH,5680 French Rd.,FRENCH,21040220-5,5680 FRENCH RD,exact,
bza-slu2020-00137-2c185677d8,2021-08-30:SLU2020-00137:1,13266:E OUTER,site-acb169a3cc30,13266,E OUTER,13266 E. Outer Dr.,OUTER,21081236.,13266 E OUTER DR,exact,
bza-slu2021-00023-547efa3864,2021-08-30:SLU2021-00023:1,8726:WOODWARD,site-593620a0e4de,8726,WOODWARD,8726 Woodward & 95 Alger in a B4 Zone (General Business District and R3 Zone (Low Density Residential District),WOODWARD,01004336.,8726 WOODWARD AVE,exact,
bza-slu2021-00023-547efa3864,2021-08-30:SLU2021-00023:1,95:ALGER,site-be61ed101a0f,95,ALGER,8726 Woodward & 95 Alger in a B4 Zone (General Business District and R3 Zone (Low Density Residential District),ALGER,01002726-30,95 ALGER,exact,
bza-44-21-19025a6ffc,2021-09-21:44-21:1,2601:HARRISON,site-736fcd15a499,2601,HARRISON,2601 Harrison between Pine and Spruce in R2 Zone (Two-Family Residential District). - City Council District #6,HARRISON,08006933.,2601 HARRISON,exact,
bza-45-21-6ac1bdcc56,2021-09-21:45-21:1,2623:COCHRANE,site-1de83c186444,2623,COCHRANE,2623 Cochrane between Pine and Spruce in a R2 Zone - (Two-Family Residential District) - City Council District #6,COCHRANE,08006585.,2623 COCHRANE,exact,
bza-3-20-ab5d59efc6,2021-10-12:3-20:1,2540:ROSA PARKS,site-45db306e55e6,2540,ROSA PARKS,2540 Rosa Parks,ROSA PARKS,08000640-2,2540 ROSA PARKS BLVD,exact,
bza-49-21-1a9cf8794a,2021-10-12:49-21:1,15514:W WARREN,site-28ddc1cd2cc1,15514,W WARREN,15510 & 15514 W. Warren between Greenfield and Winthrop in a B4 Zone (General Business District),WARREN,22000923-4,15514 W WARREN,exact,
bza-55-21-48ef6cb9d1,2021-10-12:55-21:1,1650:BAGLEY,site-918b908248e1,1650,BAGLEY,"1628, 1632, 1638, 1644 & 1650 Bagley between Rosa Parks and Trumbull in a B2-H Zone (Local Business and Residential District - Historic)",BAGLEY,08000384.001,1650 BAGLEY UNIT 1,exact,
bza-55-21-48ef6cb9d1,2021-10-12:55-21:1,1650:BAGLEY,site-918b908248e1,1650,BAGLEY,"1628, 1632, 1638, 1644 & 1650 Bagley between Rosa Parks and Trumbull in a B2-H Zone (Local Business and Residential District - Historic)",BAGLEY,08000384.002,1650 BAGLEY UNIT 2,exact,
bza-55-21-48ef6cb9d1,2021-10-12:55-21:1,1650:BAGLEY,site-918b908248e1,1650,BAGLEY,"1628, 1632, 1638, 1644 & 1650 Bagley between Rosa Parks and Trumbull in a B2-H Zone (Local Business and Residential District - Historic)",BAGLEY,08000384.003,1650 BAGLEY UNIT 3,exact,
bza-55-21-48ef6cb9d1,2021-10-12:55-21:1,1650:BAGLEY,site-918b908248e1,1650,BAGLEY,"1628, 1632, 1638, 1644 & 1650 Bagley between Rosa Parks and Trumbull in a B2-H Zone (Local Business and Residential District - Historic)",BAGLEY,08000384.004,1650 BAGLEY UNIT 4,exact,
bza-55-21-48ef6cb9d1,2021-10-12:55-21:1,1650:BAGLEY,site-918b908248e1,1650,BAGLEY,"1628, 1632, 1638, 1644 & 1650 Bagley between Rosa Parks and Trumbull in a B2-H Zone (Local Business and Residential District - Historic)",BAGLEY,08000384.005,1650 BAGLEY UNIT 5,exact,
bza-55-21-48ef6cb9d1,2021-10-12:55-21:1,1650:BAGLEY,site-918b908248e1,1650,BAGLEY,"1628, 1632, 1638, 1644 & 1650 Bagley between Rosa Parks and Trumbull in a B2-H Zone (Local Business and Residential District - Historic)",BAGLEY,08000384.006,1650 BAGLEY UNIT 6,exact,
bza-55-21-48ef6cb9d1,2021-10-12:55-21:1,1650:BAGLEY,site-918b908248e1,1650,BAGLEY,"1628, 1632, 1638, 1644 & 1650 Bagley between Rosa Parks and Trumbull in a B2-H Zone (Local Business and Residential District - Historic)",BAGLEY,08000384.007,1650 BAGLEY UNIT 7,exact,
bza-55-21-48ef6cb9d1,2021-10-12:55-21:1,1650:BAGLEY,site-918b908248e1,1650,BAGLEY,"1628, 1632, 1638, 1644 & 1650 Bagley between Rosa Parks and Trumbull in a B2-H Zone (Local Business and Residential District - Historic)",BAGLEY,08000384.008,1650 BAGLEY UNIT 8,exact,
bza-28-20-22cfec2a50,2021-10-19:28-20:1,2640:S FORT,site-00e8b17b4c8e,2640,S FORT,2640 S. Fort St. between Conway and Omaha St in a R1 (Single Family Residential District)-City Council District #6,FORT,20018496.,2640 S FORT,exact,
bza-48-21-6842fc0027,2021-10-19:48-21:1,19055:W DAVISON,site-b63e4f5644b1,19055,W DAVISON,19055 W. Davison between Westwood and Artesian in M4 Zone (Intensive Industrial District)-City Council District #1,DAVISON,22008541.,19055 W DAVISON,exact,
bza-40-21-241d47ced9,2021-10-26:40-21:1,422:E GRAND,site-e426d0d46f02,422,E GRAND,422 E. Grand Blvd. between Kercheval and St. Paul in a R5 - (Medium Density Residential District),GRAND,15007565.,422 E GRAND BLVD,exact,
bza-42-21-7411c236b8,2021-10-26:42-21:1,127:WOODLAND,site-65f3bd39359c,127,WOODLAND,127 Woodland between John R and Woodward in a R1 (Single-Family Residential District).,WOODLAND,01003642.,127 WOODLAND,exact,
bza-9-21-310ddefa62,2021-10-26:9-21:1,7631:E WARREN,site-ca5fcc072cd7,7631,E WARREN,7631 E Warren between Townsend and Baldwin in a R2 (Two-Family Residential District - TMSO),WARREN,17011508.,7631 E WARREN,exact,
bza-59-21-1c38dd3618,2021-11-09:59-21:1,2713:W GRAND RIVER,site-dff2a05f8e88,2713,W GRAND RIVER,"2713, 2721 & 2737 W. Grand River between Spruce and Temple in a B4 zone (General Business District)-City Council District #6",GRAND RIVER,06000867-71,2713 W GRAND RIVER,exact,
bza-60-21-edd97a26a1,2021-11-09:60-21:1,1408:PORTER,site-6b8e38e750f0,1408,PORTER,1400 Porter (aka 1408 Porter) between Trumbull and 8th in a B4 zone (General Business District)-City Council District #6,PORTER,06000224-5,1408 PORTER,exact,
bza-74-21-4b77c7f140,2021-12-21:74-21:1,6380:MARCUS,site-7e593ebca344,6380,MARCUS,6380 Marcus between Mt. Elliott and Pease St. in a (M4 Intensive Industrial District)- City Council District #5,MARCUS,15001914.002,6380 MARCUS,exact,
bza-75-21-9044d745bd,2021-12-21:75-21:1,8324:WOODWARD,site-b69c4e3b14d2,8324,WOODWARD,"8324 Woodward Ave. and 50,60,66,72,78,82,90,96,100 E. Euclid between Woodward and John R in an R3 - (Low Density Residential District)-City Council District #5",WOODWARD,01004322.,8324 WOODWARD AVE,exact,
bza-75-21-9044d745bd,2021-12-21:75-21:1,50:E EUCLID,site-1358923de1af,50,E EUCLID,"8324 Woodward Ave. and 50,60,66,72,78,82,90,96,100 E. Euclid between Woodward and John R in an R3 - (Low Density Residential District)-City Council District #5",EUCLID,01002527-35,50 E EUCLID,exact,
bza-25-21-6318646cda,2022-02-15:25-21:1,10833:W SEVEN MILE,site-a83f5e3879fb,10833,W SEVEN MILE,10833 W. Seven Mile between Meyers and Wyoming in a B2 Zone (Local Business and Residential District),SEVEN MILE,16008688.,10833 W SEVEN MILE,exact,
bza-80-21-7cf4389d0b,2022-02-15:80-21:1,12155:SOUTHFIELD,site-592566be1b1a,12155,SOUTHFIELD,12155 Southfield Fwy. Freeway between Plainview and Evergreen in a M4 Zone (Intensive Industrial District),SOUTHFIELD,22074261.004,12155 SOUTHFIELD,exact,
bza-70-21-c405bd7cdb,2022-03-29:70-21:1,6401:E DAVISON,site-2234849004a9,6401,E DAVISON,6401 E. Davison St. between Sherwood St. and mt. Elliott St. in a M4 Zone - (Intensive Industrial District).,DAVISON,15003804.001,6401 E DAVISON,exact,
bza-01-22-5580a4e30b,2022-04-19:01-22:1,20569:VAUGHAN,site-aa9fd87e2f68,20569,VAUGHAN,"20569 and 20577 Vaughan, between Heyden and Evergreen in a (R1 Single-Family Residential District)- City Council District #1",VAUGHAN,22098022.,20569 VAUGHAN,exact,
bza-01-22-5580a4e30b,2022-04-19:01-22:1,20577:VAUGHAN,site-a21e0521559c,20577,VAUGHAN,"20569 and 20577 Vaughan, between Heyden and Evergreen in a (R1 Single-Family Residential District)- City Council District #1",VAUGHAN,22098021.,20577 VAUGHAN,exact,
bza-79-21-52fddd53d5,2022-04-19:79-21:1,2600:E GRAND,site-d2859268c180,2600,E GRAND,2600 E. Grand Blvd. between Hamtramck Dr. and Chrysler Freeway in M4 Intensive Industrial District -City Council District #5,GRAND,07001901-2,2600 E GRAND BLVD,exact,
bza-bseed-slu2021-00077-bd9c3a9d09,2022-04-19:BSEED SLU2021-00077:1,19460:MT ELLIOTT,site-fd98a8cfed42,19460,MT ELLIOTT,19460 Mt. Elliott between Emery and E. Lantz in a M4 (Intensive Industrial District)-City Council District #7,MT ELLIOTT,15014445-65,19460 MT ELLIOTT,exact,
bza-67-21-1beb30943a,2022-04-26:67-21:1,16711:BURT,site-4f14479ee74a,16711,BURT,16711 Burt Rd. between Pierson and Trinity in a (R5 - Medium Density Residential District)-City Council District #1,BURT,22107870.002L,16711 BURT,exact,
bza-7-22-e8bc45c9d7,2022-04-26:7-22:1,10345:W EIGHT MILE,site-929301754953,10345,W EIGHT MILE,10345 W. Eight Mile Rd. between Birwood and Griggs in a (B2 District).-City Council District #2,EIGHT MILE,16009481.000,10345 W EIGHT MILE,exact,
bza-82-21-76e3fe3dd8,2022-04-26:82-21:1,6773:E DAVISON,site-8c65f83406f3,6773,E DAVISON,6773 E. Davison between Carrie Ave and Sherwood St. in a M4 (Intensive Industrial District)-City Council District #3,DAVISON,15003822-7,6773 E DAVISON,exact,
bza-3-22-cd12f2bbc2,2022-05-10:3-22:1,8817:LYNDON,site-f43ec5be7edc,8817,LYNDON,8817 Lyndon between Wyoming and Cloverdale in a M4 Zone (Intensive Industrial District) - City Council District #6,LYNDON,16005903.046,8817 LYNDON,exact,
bza-61-21-d38fa68bf4,2022-05-10:61-21:1,14442:HARBOR ISLAND,site-7e18d5d4538b,14442,HARBOR ISLAND,14442 Harbor Island between Lakewood and Alter Rd. in R1 Zone (Single-Family Residential District) – City Council District #4,HARBOR ISLAND,21000208.,14442 HARBOR ISLAND,exact,
bza-8-22-922c1bb173,2022-05-10:8-22:1,225:MANISTIQUE,site-1b2c993fcab3,225,MANISTIQUE,225 Manistique between Korte and Scripps in a R2 Zone (Two-Family Residential District) - City Council District #4,MANISTIQUE,21061843-4,225 MANISTIQUE,exact,
bza-9-22-9fe538539b,2022-05-10:9-22:1,3985:COMMONWEALTH,site-f0b4c93190cf,3985,COMMONWEALTH,3985 Commonwealth between Selden and W. Alexandrine in a R2 Zone (Two-Family Residential District) - City Council District #6,COMMONWEALTH,08006262.,3985 COMMONWEALTH,exact,
bza-11-22-50abfc40df,2022-05-17:11-22:1,7741:LYNDON,site-fff199719979,7741,LYNDON,7741 Lyndon between Livernois and Cloverdale in a M4 Zone (Intensive Industrial District) - City Council District #5,LYNDON,16005903.017,7741 LYNDON,exact,
bza-13-22-b4f37988c4,2022-05-17:13-22:1,18017:E WARREN,site-3922f9ef5405,18017,E WARREN,18017 E. Warren Ave. between Farmbrook and Radnor in a B4 Zone (General Business District) - City Council District #4,WARREN,21077997.000,18017 E WARREN,exact,
bza-42-22-b5f8284c87,2022-08-30:42-22:1,8325:LANE,site-4f951333bd38,8325,LANE,8325 Lane St. between Mullane and Lawndale in an R2 (Two-Family Residential District)-City Council District #6,LANE,20003319.,8325 LANE,exact,
bza-43-22-cb2a611acd,2022-08-30:43-22:1,2978:ANDERDON,site-7e27dd4cec40,2978,ANDERDON,"2978, 2984, 2992, 3014, 3020, 3030, 3034, 3042, 3050,3056 & 3060 Anderdon, between Charlevoix St. and Goethe St. in an R2 (Two-Family Residential District)-City Council District #4",ANDERDON,21047296-8,2978 ANDERDON,exact,
bza-43-22-cb2a611acd,2022-08-30:43-22:1,3030:ANDERDON,site-0c30a2d6044a,3030,ANDERDON,"2978, 2984, 2992, 3014, 3020, 3030, 3034, 3042, 3050,3056 & 3060 Anderdon, between Charlevoix St. and Goethe St. in an R2 (Two-Family Residential District)-City Council District #4",ANDERDON,21047301-8,3030 ANDERDON,exact,
bza-44-22-b4c125acb3,2022-08-30:44-22:1,20569:VAUGHAN,site-aa9fd87e2f68,20569,VAUGHAN,20569 & 20577 Vaughan between Hessell and Eight Mile Rd. in an R1 (Single-Family Residential Zoning District)-City Council District #1,VAUGHAN,22098022.,20569 VAUGHAN,exact,
bza-44-22-b4c125acb3,2022-08-30:44-22:1,20577:VAUGHAN,site-a21e0521559c,20577,VAUGHAN,20569 & 20577 Vaughan between Hessell and Eight Mile Rd. in an R1 (Single-Family Residential Zoning District)-City Council District #1,VAUGHAN,22098021.,20577 VAUGHAN,exact,
bza-45-22-ac51806c35,2022-08-30:45-22:1,19303:GIRARDIN,site-66b1765fc2bd,19303,GIRARDIN,19303 Girardin (aka 6561 E. Seven Mile Rd.) between E. Outer Drive and W. seven Mile Rd. in an M4 (Intensive Industrial District)-City Council District #3,GIRARDIN,15004951.003,19303 GIRARDIN AVE,exact,
bza-45-22-ac51806c35,2022-08-30:45-22:1,6561:E SEVEN MILE,site-a7e893a758ea,6561,E SEVEN MILE,19303 Girardin (aka 6561 E. Seven Mile Rd.) between E. Outer Drive and W. seven Mile Rd. in an M4 (Intensive Industrial District)-City Council District #3,SEVEN MILE,15004951.001,6561 E SEVEN MILE,exact,
bza-38-22-38ba18ce36,2022-09-13:38-22:1,20411:PRAIRIE,site-c2b840477d0d,20411,PRAIRIE,"20411 Prairie St., between W. Eight Mile Rd and Norfolk in an R1 Zone (Single-Family Residential District)- City Council District #3",PRAIRIE,16023048-9,20411 PRAIRIE,exact,
bza-40-22-1bccc643ae,2022-09-13:40-22:1,3471:JOY,site-78fd3fdb0a6d,3471,JOY,"3471 JOY RD., between Dexter and Clairmount in an R2 Zone (Two-Family Residential District)- City Council District #5",JOY,12010455.,3471 JOY RD,exact,
bza-bseed-slu2022-00038-7072ea4ca4,2022-09-13:BSEED SLU2022-00038:1,16890:TELEGRAPH,site-3b53543c9cc5,16890,TELEGRAPH,"16890 Telegraph, between W. McNichols and Grove in a B4 zone. City Council District #1",TELEGRAPH,22122525.,16890 TELEGRAPH,exact,
bza-41-22-15dfb8ba06,2022-09-20:41-22:1,5834:HARRELL,site-0bc39ddb1275,5834,HARRELL,5828/5834 Harrell between Hern and Olga in an R2 Zone (Two-Family Residential District)- City Council District #4,HARRELL,21036793.,5834 HARRELL,exact,
bza-48-22-a38616f516,2022-09-20:48-22:1,14620:TIREMAN,site-5dc38ca83206,14620,TIREMAN,14620 Tireman between Marlowe and Hubbell in a B4 General Business District - City Council District #7,TIREMAN,22040411-4,14620 TIREMAN,exact,
bza-50-22-e2dd6e5b59,2022-09-20:50-22:1,2734:HURON,site-69a6502ad0ef,2734,HURON,"2734, 2738, 2742, 2758, 2764, 2776 Huron & 2025 Temple, between Temple and Spruce in an R2 Zone (Two-Family Residential District)- City Council District #6",HURON,08008698.,2734 HURON,exact,
bza-50-22-e2dd6e5b59,2022-09-20:50-22:1,2738:HURON,site-ba0a18552715,2738,HURON,"2734, 2738, 2742, 2758, 2764, 2776 Huron & 2025 Temple, between Temple and Spruce in an R2 Zone (Two-Family Residential District)- City Council District #6",HURON,08008699.,2738 HURON,exact,
bza-50-22-e2dd6e5b59,2022-09-20:50-22:1,2742:HURON,site-263aae1d8b4b,2742,HURON,"2734, 2738, 2742, 2758, 2764, 2776 Huron & 2025 Temple, between Temple and Spruce in an R2 Zone (Two-Family Residential District)- City Council District #6",HURON,08008700.,2742 HURON,exact,
bza-50-22-e2dd6e5b59,2022-09-20:50-22:1,2758:HURON,site-db65f6d70856,2758,HURON,"2734, 2738, 2742, 2758, 2764, 2776 Huron & 2025 Temple, between Temple and Spruce in an R2 Zone (Two-Family Residential District)- City Council District #6",HURON,08008701.,2758 HURON,exact,
bza-50-22-e2dd6e5b59,2022-09-20:50-22:1,2764:HURON,site-adaeda385c24,2764,HURON,"2734, 2738, 2742, 2758, 2764, 2776 Huron & 2025 Temple, between Temple and Spruce in an R2 Zone (Two-Family Residential District)- City Council District #6",HURON,08008702.,2764 HURON,exact,
bza-50-22-e2dd6e5b59,2022-09-20:50-22:1,2776:HURON,site-3c887a7934a0,2776,HURON,"2734, 2738, 2742, 2758, 2764, 2776 Huron & 2025 Temple, between Temple and Spruce in an R2 Zone (Two-Family Residential District)- City Council District #6",HURON,08008703.,2776 HURON,exact,
bza-50-22-e2dd6e5b59,2022-09-20:50-22:1,2025:TEMPLE,site-fa187fa8ae0a,2025,TEMPLE,"2734, 2738, 2742, 2758, 2764, 2776 Huron & 2025 Temple, between Temple and Spruce in an R2 Zone (Two-Family Residential District)- City Council District #6",TEMPLE,08008704.,2025 TEMPLE,exact,
bza-49-22-8cce07fda5,2022-09-27:49-22:1,5730:E EIGHT MILE,site-ec2219c32aa8,5730,E EIGHT MILE,5730 E. Eight Mile (Unit C) between Syracuse and Mound in a B4 (General Business District)-City Council District #3,EIGHT MILE,13009087.003,5730 E EIGHT MILE,exact,
bza-51-22-07f10681c0,2022-09-27:51-22:1,1310:LABROSSE,site-752eabd6e5ac,1310,LABROSSE,1310 Labrosse between John C. Lodge and Brooklyn in an R3 (Low Density Residential District)-City Council District #6,LABROSSE,06000302.,1310 LABROSSE,exact,
bza-58-22-943196124c,2022-09-27:58-22:1,2607:14TH,site-df24cef728c7,2607,14TH,"2607-2627 14th & 2616-2668 15th, between Perry. and W. Fisher Service Drive in an M3 Zone General Industrial District)- City Council District #6",14TH,10005295-304,2607 14TH ST,exact,
bza-58-22-943196124c,2022-09-27:58-22:1,2627:14TH,site-0310f602e49e,2627,14TH,"2607-2627 14th & 2616-2668 15th, between Perry. and W. Fisher Service Drive in an M3 Zone General Industrial District)- City Council District #6",14TH,10005293.,2627 14TH ST,exact,
bza-58-22-943196124c,2022-09-27:58-22:1,2616:15TH,site-98fa38d06cdd,2616,15TH,"2607-2627 14th & 2616-2668 15th, between Perry. and W. Fisher Service Drive in an M3 Zone General Industrial District)- City Council District #6",15TH,10005395.001,2616 15TH ST,exact,
bza-58-22-943196124c,2022-09-27:58-22:1,2668:15TH,site-6343d065d7b3,2668,15TH,"2607-2627 14th & 2616-2668 15th, between Perry. and W. Fisher Service Drive in an M3 Zone General Industrial District)- City Council District #6",15TH,10005401.,2668 15TH ST,exact,
bza-53-22-f89cd6be57,2022-10-25:53-22:1,2442:RIOPELLE,site-1e01f77ac434,2442,RIOPELLE,2442 Riopelle between Winder. and E. Fisher Service Drive in an M3 (Zone General Industrial District),RIOPELLE,07001964.,2442 RIOPELLE,exact,
bza-56-22-ec38b25482,2022-10-25:56-22:1,16750:TELEGRAPH,site-b40f82802d76,16750,TELEGRAPH,16750 Telegraph between Dehner and McNichols in a B4 (General Business District),TELEGRAPH,22122517-8,16750 TELEGRAPH,exact,
bza-57-22-29d327c7bd,2022-10-25:57-22:1,2108:BURNS,site-d704661d4230,2108,BURNS,2108 Burns between Vernor and Kercheval in an R1 (Single-Family Residential District),BURNS,17006165-6,2108 BURNS,exact,
bza-52-22-dbe49059e9,2022-11-15:52-22:1,19011:LIVERNOIS,site-6eadc0052558,19011,LIVERNOIS,19011 Livernois & 18982 Stoepel between Seven Mile Rd. and Clarita in an B2 Zone (Local Business and Residential District) City Council District #2,LIVERNOIS,16017573.,19011 LIVERNOIS,exact,
bza-52-22-dbe49059e9,2022-11-15:52-22:1,18982:STOEPEL,site-a74de5404725,18982,STOEPEL,19011 Livernois & 18982 Stoepel between Seven Mile Rd. and Clarita in an B2 Zone (Local Business and Residential District) City Council District #2,STOEPEL,16019147.,18982 STOEPEL,exact,
bza-46-22-492c5e629d,2023-01-30:46-22:1,8808:FALCON,site-c0ea6a697614,8808,FALCON,8808 Falcon between Elsmere and Lawndale in an R2 (Two-Family Residential District)-City Council District #6,FALCON,20003219-20,8808 FALCON,exact,
bza-60-22-958ec66e06,2023-01-30:60-22:1,708:CHARLOTTE,site-a40bb18f6539,708,CHARLOTTE,708 Charlotte between 2nd and 3rd in an B4 (General Business District)-City Council District #6,CHARLOTTE,04000595.,708 CHARLOTTE,exact,
bza-61-22-401fb1319a,2023-01-30:61-22:1,2935:WEBB,site-5f093cf92a93,2935,WEBB,2935 Webb St between Lawton and Wildemere in an R2 (Two-Family Residential District)-City Council District #5,WEBB,12003411.,2935 WEBB,exact,
bza-62-22-fb5b5b77b1,2023-01-30:62-22:1,10241:JOY,site-17824324faa6,10241,JOY,10241 Joy Rd. between Griggs and Oakman in an B2 (Local Business and Residential District)-City Council District #6,JOY,18005112-6,10241 JOY RD,exact,
bza-63-22-01da7e63d3,2023-01-30:63-22:1,2616:HARRISON,site-ef8155c1a771,2616,HARRISON,2616 Harrison between Woodrow Wilson and W. Churchill in an R3 (Low Density Residential District)-City Council District #5,HARRISON,08006665.,2616 HARRISON,exact,
bza-66-22-a6e0b1dc18,2023-01-30:66-22:1,4116:AVERY,site-6e8c816b24bd,4116,AVERY,4116 Avery between Willis and Alexandrine in an R3 (Low Density Residential District)-City Council District #6,AVERY,08006978.,4116 AVERY,exact,
bza-70-22-983cbd4b8b,2023-01-30:70-22:1,4514:BURNS,site-ab9a7215f284,4514,BURNS,4514 Burns between Forest and E. Canfield in an R1 Single-Family Residential District)-City Council District #5,BURNS,17006266.,4514 BURNS,exact,
bza-37-22-b17d680e46,2023-02-13:37-22:1,3532:FARNSWORTH,site-3868585b8b1f,3532,FARNSWORTH,3532 Farnsworth between Moran and Ellery in an R2 (Two-Family Residential District)-City Council District #5,FARNSWORTH,13002943-4,3532 FARNSWORTH,exact,
bza-73-22-965d798f67,2023-02-13:73-22:1,3620:PORTER,site-f277926e6e8d,3620,PORTER,3620 Porter between 25th and W. Grand Blvd. in an (R2 Two-Family Residential District)-City Council District #6,PORTER,12009660.,3620 PORTER,exact,
bza-74-22-7d9c062553,2023-02-13:74-22:1,161:GLADSTONE,site-13c7754fae25,161,GLADSTONE,151 & 161 Gladstone between Woodward Ave. and Second in an B4 (General Business District)-City Council District #5,GLADSTONE,02001342.002,161 GLADSTONE UNIT 2,exact,
bza-01-23-b0171819a2,2023-02-20:01-23:1,4445:LAWTON,site-38ac566fb435,4445,LAWTON,4445 Lawton between W. Hancock and Buchanan in a M4 (Intensive Industrial District),LAWTON,12000553-6,4445 LAWTON,exact,
bza-06-23-06ef82a262,2023-02-20:06-23:1,15300:FULLERTON,site-75a3d7308b65,15300,FULLERTON,15300 Fullerton between Sussex and Whitcomb in a M2 (Restricted Industrial District),FULLERTON,22049862.,15300 FULLERTON,exact,
bza-05-23-5a53c91971,2023-02-27:05-23:1,411:PIQUETTE,site-b15664664fdf,411,PIQUETTE,411 Piquette between Brush and Beaubien in an M4 (Intensive Industrial District),PIQUETTE,01001800.003,411 PIQUETTE,exact,
bza-75-22-e3fe10778e,2023-02-27:75-22:1,1401:MICHIGAN,site-d9107ab462fb,1401,MICHIGAN,1401 Michigan between Church and Leverette in an B4 (General Business District),MICHIGAN,06000400-2,1401 MICHIGAN AVE,exact,
bza-02-23-09191613e4,2023-03-13:02-23:1,14290:SCHAEFER,site-746f5f939904,14290,SCHAEFER,14290 Schaefer between Intervale and Lyndon in an M4 (Intensive Industrial District)-City Council District #1,SCHAEFER,22029853.001,14290 SCHAEFER,exact,
bza-07-23-9b431ff07a,2023-03-13:07-23:1,3435:PULFORD,site-9d32d00c2bc8,3435,PULFORD,"3435, 3453, 3459 & 3473 Pulford between Mack and Gratiot in an R2 (Two-Family Residential District)-City Council District #5",PULFORD,13001703.,3435 PULFORD,exact,
bza-07-23-9b431ff07a,2023-03-13:07-23:1,3459:PULFORD,site-f18e17eedd2c,3459,PULFORD,"3435, 3453, 3459 & 3473 Pulford between Mack and Gratiot in an R2 (Two-Family Residential District)-City Council District #5",PULFORD,13001706-8,3459 PULFORD,exact,
bza-81-21-7685eb2595,2023-03-13:81-21:1,6760:GRANDVILLE,site-acb61b6183ef,6760,GRANDVILLE,6760 Grandville between W. Warren and Whitlock in an R1 (Single-Family Residential District)-City Council District #7,GRANDVILLE,22088057.,6760 GRANDVILLE,exact,
bza-06-22-239afc0021,2023-03-20:06-22:1,4885:15TH,site-1d23f1ee3514,4885,15TH,4885 15th between Warren and Grand River in an B4 General Business District)-City Council District #5,15TH,10005729.002L,4885 15TH ST,exact,
bza-32-21-04cdb9c55b,2023-03-20:32-21:1,15018:HOUSTON WHITTIER,site-6372931e7b35,15018,HOUSTON WHITTIER,15018 Houston Whittier between Hayes and Queen in a B3 Shopping District)-City Council District #3,HOUSTON WHITTIER,21014333-4,15018 HOUSTON-WHITTIER,exact,
bza-71-22-235ad6936d,2023-03-20:71-22:1,4527:MICHIGAN,site-67d6b3a1db40,4527,MICHIGAN,"4527, 4535 & 4545 Michigan between 28th and 29th in a M4 (Intensive Industrial District)-City Council District #6",MICHIGAN,14000688.,4527 MICHIGAN AVE,exact,
bza-71-22-235ad6936d,2023-03-20:71-22:1,4535:MICHIGAN,site-859a977adc34,4535,MICHIGAN,"4527, 4535 & 4545 Michigan between 28th and 29th in a M4 (Intensive Industrial District)-City Council District #6",MICHIGAN,14000689.001,4535 MICHIGAN AVE,exact,
bza-71-22-235ad6936d,2023-03-20:71-22:1,4545:MICHIGAN,site-009b71fb4c04,4545,MICHIGAN,"4527, 4535 & 4545 Michigan between 28th and 29th in a M4 (Intensive Industrial District)-City Council District #6",MICHIGAN,14000689.002L,4545 MICHIGAN AVE,exact,
bza-08-23-aa01dd18f0,2023-03-27:08-23:1,20232:LIVERNOIS,site-94b62937c54d,20232,LIVERNOIS,20232 Livernois between 8 Mile Rd. and Chippewa in an B2 (Local Business and Residential District)-City Council District #2,LIVERNOIS,02004507-10,20232 LIVERNOIS,exact,
bza-09-23-2b90c325ff,2023-03-27:09-23:1,2229:LAMOTHE,site-0b26d5747127,2229,LAMOTHE,2229 Lamothe between 14th and LaSalle in an R1 (Single-Family Residential District)-City Council District #5,LAMOTHE,10001184.,2229 LAMOTHE,exact,
bza-11-23-100fdb0043,2023-05-01:11-23:1,3274:JUNCTION,site-681f0e12c13e,3274,JUNCTION,"3274 Junction, between St. Hedwig and Knonkel in a R2 (Two-Family Residential District.)-City Council #5",JUNCTION,16012953.,3274 JUNCTION,exact,
bza-13-23-fa2355c165,2023-05-01:13-23:1,21610:ORCHARD,site-56759ffd6ee0,21610,ORCHARD,"21652, 21636, 21624, 21610, 21604, 21566, 21556 Orchard & 21535 and 21525 Santa Clara between Lahser and Bentler in an R3 zone ( Low Density Residential District). City Council #1",ORCHARD,22014265-71,21610 ORCHARD,exact,
bza-13-23-fa2355c165,2023-05-01:13-23:1,21525:SANTA CLARA,site-7174aab053f2,21525,SANTA CLARA,"21652, 21636, 21624, 21610, 21604, 21566, 21556 Orchard & 21535 and 21525 Santa Clara between Lahser and Bentler in an R3 zone ( Low Density Residential District). City Council #1",SANTA CLARA,22014361-3,21525 SANTA CLARA,exact,
bza-17-23-eb9c5fba42,2023-05-15:17-23:1,1931:25TH,site-fe5fcf64968f,1931,25TH,"1931 & 1935 25TH Street, between Vernor and Toledo in a R2 zone (Two Family Residential District).",25TH,12009633-4,1931 25TH ST,exact,
bza-64-22-591273173f,2023-05-15:64-22:1,4505:LODEWYCK,site-694a6f30c48f,4505,LODEWYCK,"4505 Lodewyck, between Cornwall and Munich in a R1 (Single-Family Residential District)",LODEWYCK,21077544.,4505 LODEWYCK,exact,
bza-20-23-dab8c7b9c0,2023-05-22:20-23:1,1115:MILITARY,site-a9ea60565058,1115,MILITARY,"1115 MILITARY, between Army and E. Lafayette in an R2 District. Two Family Residential District.",MILITARY,16016453.,1115 MILITARY,exact,
bza-21-23-1b926e9998,2023-05-22:21-23:1,1537:TAYLOR,site-3c49fc76dd08,1537,TAYLOR,"1537, 1538 & 1557 Taylor, between Woodrow Wilson and Byron in an R3 Low Density Residential District.",TAYLOR,06002194-6,1537 TAYLOR,exact,
bza-22-23-4eb0024be7,2023-06-12:22-23:1,1815:CHURCH,site-3ec46e1842ad,1815,CHURCH,"1815 Church, between 11th St. and Rosa Parks Blvd. in an R2 Two-Family Residential District.",CHURCH,08000477.,1815 CHURCH,exact,
bza-23-23-d43e4e845a,2023-06-12:23-23:1,3400:MICHIGAN,site-2fc70cc0d7e1,3400,MICHIGAN,"3400 MICHIGAN, between Butternut and Risdon in an B4 District. General Business District.",MICHIGAN,12000375-6,3400 MICHIGAN AVE,exact,
bza-bseed-slu2023-00014-community-appeal-8b680b85f6,2023-06-12:BSEED SLU2023-00014 (COMMUNITY APPEAL):1,19347:MT ELLIOTT,site-4bec95a0f73d,19347,MT ELLIOTT,"19347 Mt. Elliott, between Emery and E. Lantz in an M2 Restricted Industrial District.",MT ELLIOTT,13009287-8,19347 MT ELLIOTT,exact,
bza-19-23-ed15514286,2023-06-26:19-23:1,13501:GRATIOT,site-9a07ff584f61,13501,GRATIOT,"13501 Gratiot, between Pelkey and E. McNichols in a B4 Zone - (General Business District)",GRATIOT,21029013.,13501 GRATIOT,exact,
bza-24-23-39f2ee37b3,2023-06-26:24-23:1,5238:AVERY,site-8a900b7ed294,5238,AVERY,5214-5238 Avery and 1632 Merrick between Merrick and Edsel Ford Fwy Service Drive in a B4 Zone - (General Business District),AVERY,08007046.001,5238 AVERY,exact,
bza-bseed-slu2022-00181-f4fb048e7f,2023-06-26:BSEED SLU2022-00181:1,6401:E SEVEN MILE,site-4250ee61aef6,6401,E SEVEN MILE,"6401 E. Seven Mile, between Filer and Giradin in a M4 Restricted Industrial District.",SEVEN MILE,15004949.,6401 E SEVEN MILE,exact,
bza-27-23-9c40617de8,2023-07-17:27-23:1,3222:PURITAN,site-3169d39b7c23,3222,PURITAN,"3222 Puritan, between Fairfield and Muirland in a B2 Zone - (Local Business and Residential District)",PURITAN,12005535.,3222 PURITAN,exact,
bza-25-23-d87a52a78b,2023-07-24:25-23:1,16621:W WARREN,site-06ba59bf0f7d,16621,W WARREN,"16621 W Warren Ave., between Abington and Grandmount in a B4 Zone - (General Business District)",WARREN,22000176.,16621 W WARREN,exact,
bza-28-23-32856cc88a,2023-07-24:28-23:1,6821:ARCHDALE,site-6502d58af70b,6821,ARCHDALE,"6821 Archdale, between W. Warren and Whitlock in a R1 zone. Single Family Residential District)-City Council District #7",ARCHDALE,22072194.,6821 ARCHDALE,exact,
bza-36-23-eb4390b021,2023-08-14:36-23:1,5636:PLUMER,site-38f94f960cdc,5636,PLUMER,"5630-36 PLUMER, between Junction and McKinstry in an R3 Low Density Residential District.",PLUMER,16001215-6,5636 PLUMER,exact,
bza-39-23-9f515fc65e,2023-08-14:39-23:1,1452:W ALEXANDRINE,site-bc942cf2a510,1452,W ALEXANDRINE,"1452 W. ALEXANDRINE, between Trumbull and Lincoln St. in an R3-H District Low Density Residential Historic District.",ALEXANDRINE,06005931.,1452 W ALEXANDRINE,exact,
bza-bseedslu2023-00014-500488c05f,2023-08-14:BSEEDSLU2023-00014:1,19347:MT ELLIOTT,site-4bec95a0f73d,19347,MT ELLIOTT,"19347 Mt. Elliott, between Emery and E. Lantz in an M2 Restricted Industrial District.",MT ELLIOTT,13009287-8,19347 MT ELLIOTT,exact,
bza-29-23-1e6ae3ddb9,2023-08-21:29-23:1,202:SMITH,site-f4cf1d14a7ef,202,SMITH,"202 Smith, between John R and Brush in an R3 District. Low Density Residential District.",SMITH,01002184-209,202 SMITH,exact,
bza-30-23-0932bf1f77,2023-08-21:30-23:1,309:E BETHUNE,site-6c3c309834ab,309,E BETHUNE,"309, 313, 319 & 331 E Bethune, between John R and Brush in an R3 District. Low Density Residential District.",BETHUNE,01002145.,309 E BETHUNE,exact,
bza-30-23-0932bf1f77,2023-08-21:30-23:1,313:E BETHUNE,site-97cfe3915bab,313,E BETHUNE,"309, 313, 319 & 331 E Bethune, between John R and Brush in an R3 District. Low Density Residential District.",BETHUNE,01002146.,313 E BETHUNE,exact,
bza-30-23-0932bf1f77,2023-08-21:30-23:1,319:E BETHUNE,site-a0cc1c6eda19,319,E BETHUNE,"309, 313, 319 & 331 E Bethune, between John R and Brush in an R3 District. Low Density Residential District.",BETHUNE,01002147.,319 E BETHUNE,exact,
bza-30-23-0932bf1f77,2023-08-21:30-23:1,331:E BETHUNE,site-8266085ebab0,331,E BETHUNE,"309, 313, 319 & 331 E Bethune, between John R and Brush in an R3 District. Low Density Residential District.",BETHUNE,01002148.,331 E BETHUNE,exact,
bza-31-23-4dc13ed6eb,2023-08-21:31-23:1,299:SMITH,site-6aa37edac0bb,299,SMITH,"299, 303, 307, 313, 319, & 325 Smith and 7719 Brush, between Brush and John R. in an R3 zone (Low Density-Family Residential District). City Council District #5",SMITH,01002225.001,299 SMITH,exact,
bza-31-23-4dc13ed6eb,2023-08-21:31-23:1,303:SMITH,site-08683022e392,303,SMITH,"299, 303, 307, 313, 319, & 325 Smith and 7719 Brush, between Brush and John R. in an R3 zone (Low Density-Family Residential District). City Council District #5",SMITH,01002225.002L,303 SMITH,exact,
bza-31-23-4dc13ed6eb,2023-08-21:31-23:1,307:SMITH,site-3ec13dcb02d3,307,SMITH,"299, 303, 307, 313, 319, & 325 Smith and 7719 Brush, between Brush and John R. in an R3 zone (Low Density-Family Residential District). City Council District #5",SMITH,01002226.,307 SMITH,exact,
bza-31-23-4dc13ed6eb,2023-08-21:31-23:1,313:SMITH,site-9a26f761a388,313,SMITH,"299, 303, 307, 313, 319, & 325 Smith and 7719 Brush, between Brush and John R. in an R3 zone (Low Density-Family Residential District). City Council District #5",SMITH,01002227.,313 SMITH,exact,
bza-31-23-4dc13ed6eb,2023-08-21:31-23:1,319:SMITH,site-d2c24adca192,319,SMITH,"299, 303, 307, 313, 319, & 325 Smith and 7719 Brush, between Brush and John R. in an R3 zone (Low Density-Family Residential District). City Council District #5",SMITH,01002228.,319 SMITH,exact,
bza-31-23-4dc13ed6eb,2023-08-21:31-23:1,325:SMITH,site-363cc0036f13,325,SMITH,"299, 303, 307, 313, 319, & 325 Smith and 7719 Brush, between Brush and John R. in an R3 zone (Low Density-Family Residential District). City Council District #5",SMITH,01002229.,325 SMITH,exact,
bza-31-23-4dc13ed6eb,2023-08-21:31-23:1,7719:BRUSH,site-07ad300b0999,7719,BRUSH,"299, 303, 307, 313, 319, & 325 Smith and 7719 Brush, between Brush and John R. in an R3 zone (Low Density-Family Residential District). City Council District #5",BRUSH,01002230.,7719 BRUSH,exact,
bza-32-23-5510e7b99d,2023-08-21:32-23:1,404:CHANDLER,site-e3eba6828380,404,CHANDLER,"404-410 Chandler, between Brush and John R in an R3 Low Density Residential District",CHANDLER,01002246.,404 CHANDLER,exact,
bza-32-23-5510e7b99d,2023-08-21:32-23:1,410:CHANDLER,site-1520546a7682,410,CHANDLER,"404-410 Chandler, between Brush and John R in an R3 Low Density Residential District",CHANDLER,01002245.,410 CHANDLER,exact,
bza-33-23-9df1fa2044,2023-08-21:33-23:1,203:SMITH,site-7ad3a1126cb4,203,SMITH,"203, 259, 267, 271, 277 Smith, between Brush and John R in an R3 Low Density Residential District",SMITH,01002210-22,203 SMITH,exact,
bza-34-23-b9a318fe90,2023-08-21:34-23:1,501:E BETHUNE,site-940788c6c7fb,501,E BETHUNE,"501, 511, 519, 525, 529, 535, 545, 555, & 561 E. Bethune, between John R and Brush in an R3 District. Low Density Residential District.",BETHUNE,03001900-7,501 E BETHUNE,exact,
bza-35-23-80eeb47028,2023-08-21:35-23:1,282:SMITH,site-9af50125c52d,282,SMITH,"282, 290, 296, 302, 306, 312 Smith, between John R and Brush in an R3 District. Low Density Residential District.",SMITH,01002175.,282 SMITH,exact,
bza-35-23-80eeb47028,2023-08-21:35-23:1,290:SMITH,site-c10cb4a9ecf8,290,SMITH,"282, 290, 296, 302, 306, 312 Smith, between John R and Brush in an R3 District. Low Density Residential District.",SMITH,01002174.,290 SMITH,exact,
bza-35-23-80eeb47028,2023-08-21:35-23:1,296:SMITH,site-711b2795398b,296,SMITH,"282, 290, 296, 302, 306, 312 Smith, between John R and Brush in an R3 District. Low Density Residential District.",SMITH,01002173.,296 SMITH,exact,
bza-35-23-80eeb47028,2023-08-21:35-23:1,302:SMITH,site-09de9817ed8c,302,SMITH,"282, 290, 296, 302, 306, 312 Smith, between John R and Brush in an R3 District. Low Density Residential District.",SMITH,01002172.,302 SMITH,exact,
bza-35-23-80eeb47028,2023-08-21:35-23:1,306:SMITH,site-d48e2ec2fc7d,306,SMITH,"282, 290, 296, 302, 306, 312 Smith, between John R and Brush in an R3 District. Low Density Residential District.",SMITH,01002171.,306 SMITH,exact,
bza-35-23-80eeb47028,2023-08-21:35-23:1,312:SMITH,site-6d7f9119378a,312,SMITH,"282, 290, 296, 302, 306, 312 Smith, between John R and Brush in an R3 District. Low Density Residential District.",SMITH,01002170.,312 SMITH,exact,
bza-bseedslu2023-00014-community-appeal-f0d68c60e5,2023-08-21:BSEEDSLU2023-00014 (COMMUNITY APPEAL):1,19347:MT ELLIOTT,site-4bec95a0f73d,19347,MT ELLIOTT,"19347 Mt. Elliott, between Emery and E. Lantz in an M2 Restricted Industrial District.",MT ELLIOTT,13009287-8,19347 MT ELLIOTT,exact,
bza-37-23-9ef40df08c,2023-08-28:37-23:1,7351:LYNDON,site-ffcc0f86ab2f,7351,LYNDON,"7351 LYNDON, between Prairie and Monica in a M4 Intensive Industrial District.",LYNDON,16005902.009,7351 LYNDON,exact,
bza-4-23-9c77a16125,2023-08-28:4-23:1,16000:PEMBROKE,site-fbdb322913f7,16000,PEMBROKE,"16000 Pembroke, between Prevost and Mansfield in a R1 Single-Family Residential District.",PEMBROKE,22057501.067,16000 PEMBROKE,exact,
bza-41-23-556360fc27,2023-08-28:41-23:1,6401:E SEVEN MILE,site-4250ee61aef6,6401,E SEVEN MILE,"6401 E. SEVEN MILE RD., between Filer and Sherwood in a M4 Intensive Industrial District.",SEVEN MILE,15004949.,6401 E SEVEN MILE,exact,
bza-38-23-2b956d227e,2023-09-11:38-23:1,11720:BRUSH,site-468a2cbf22eb,11720,BRUSH,11720 Brush between Woodward and Tennyson in R1 Zone (Single Family Residential District).,BRUSH,03002955.,11720 BRUSH,exact,
bza-40-23-012c2b298a,2023-09-11:40-23:1,8830:MARK TWAIN,site-5d02ac4cb0c1,8830,MARK TWAIN,"8830 MARK TWAIN, between Joy Rd. and Ellis in a M4 (Intensive Industrial District).",MARK TWAIN,22036520-2,8830 MARK TWAIN,exact,
bza-bseed-slu2023-00053-66b77370f6,2023-09-11:BSEED SLU2023-00053:1,1429:17TH,site-01e395e5f92f,1429,17TH,"1429,1435,1437,1441 17th Street & 1426 and 1438 18th Street, between Porter and Bagley in a R2 (Two Family Residential District).",17TH,10007115-6,1429 17TH ST,exact,
bza-bseed-slu2023-00053-66b77370f6,2023-09-11:BSEED SLU2023-00053:1,1435:17TH,site-d8e7594e16f2,1435,17TH,"1429,1435,1437,1441 17th Street & 1426 and 1438 18th Street, between Porter and Bagley in a R2 (Two Family Residential District).",17TH,10007114.,1435 17TH ST,exact,
bza-bseed-slu2023-00053-66b77370f6,2023-09-11:BSEED SLU2023-00053:1,1437:17TH,site-ae5dda0aeb1b,1437,17TH,"1429,1435,1437,1441 17th Street & 1426 and 1438 18th Street, between Porter and Bagley in a R2 (Two Family Residential District).",17TH,10007113.,1437 17TH ST,exact,
bza-bseed-slu2023-00053-66b77370f6,2023-09-11:BSEED SLU2023-00053:1,1441:17TH,site-db0a85cade44,1441,17TH,"1429,1435,1437,1441 17th Street & 1426 and 1438 18th Street, between Porter and Bagley in a R2 (Two Family Residential District).",17TH,10007112.,1441 17TH ST,exact,
bza-bseed-slu2023-00053-66b77370f6,2023-09-11:BSEED SLU2023-00053:1,1438:18TH,site-3b4020ba66cb,1438,18TH,"1429,1435,1437,1441 17th Street & 1426 and 1438 18th Street, between Porter and Bagley in a R2 (Two Family Residential District).",18TH,10007162.,1438 18TH ST,exact,
bza-2-24-a52a3386d9,2024-01-29:2-24:1,17150:W MCNICHOLS,site-caff65037000,17150,W MCNICHOLS,"17150 W MCNICHOLS, between Ferguson and Oakfield in a B2 zone (Local Business and Residential District).",MCNICHOLS,22013886.,17150 W MCNICHOLS,exact,
bza-3-24-b561a47236,2024-01-29:3-24:1,949:CHICAGO,site-6c1bfb525111,949,CHICAGO,"949 Chicago, between Hamilton and 3rd in a R1 zone (Single Family Residential District).",CHICAGO,04002709.,949 CHICAGO,exact,
bza-4-24-1781607356,2024-02-12:4-24:1,648:TAYLOR,site-57e621a2050c,648,TAYLOR,"648 TAYLOR, between 2nd and 3rd in an R1 zone (Single Family Residential District).",TAYLOR,04002424.,648 TAYLOR,exact,
bza-5-24-129e13df5d,2024-02-12:5-24:1,5268:AVERY,site-338bc01efc17,5268,AVERY,"5268 Avery, between I-94 Service Drive and Merrick in a R2 zone (Two Family Residential District).",AVERY,08007054.,5268 AVERY,exact,
bza-56-23-c15a6bc544,2024-02-12:56-23:1,8009:E JEFFERSON,site-39334dd59bc6,8009,E JEFFERSON,"8005 aka 8009 E. Jefferson, between Van Dyke and Parker in a B4-H General Business District Historic",JEFFERSON,17000050.,8009 E JEFFERSON,exact,
bza-7-24-5ad1c5fa16,2024-02-19:7-24:1,3736:23RD,site-3c1073f6086e,3736,23RD,"3736 23rd Street, between Magnolia and Selden in a R2 zone (Two Family Residential District).",23RD,12008105.,3736 23RD ST,exact,
bza-8-24-a24c88c868,2024-02-19:8-24:1,12660:MANSFIELD,site-b336f9db2a7b,12660,MANSFIELD,"12621, 12625, 12627 Greenfield, 15775 Glendale, 16000 Fullerton and 12660 Mansfield, between Glendale and Fullerton in a M4 (Intensive Industrial District)",MANSFIELD,22057120.002,12660 MANSFIELD,exact,
bza-9-24-bb584396c6,2024-02-19:9-24:1,12244:MORANG,site-ecbede2ef865,12244,MORANG,"12244 MORANG, between Duchess and Laing in an B4 zone (General Business District).",MORANG,21076591-6,12244 MORANG,exact,
bza-10-24-4e76e64453,2024-03-11:10-24:1,2961:E MCNICHOLS,site-b15703750a4f,2961,E MCNICHOLS,"2961 E. McNICHOLS, between Reynolds and Mitchell in a M4 zone (Intensive Industrial District).",MCNICHOLS,09011086.000,2961 E MCNICHOLS,exact,
bza-13-24-797c117868,2024-03-11:13-24:1,3639:MAXWELL,site-8c24e8bb50c8,3639,MAXWELL,"3639 MAXWELL, between Mack and Sylvester in an R2 zone (Two Family Residential District).",MAXWELL,17008627.,3639 MAXWELL,exact,
bza-14-24-3f7d9a8551,2024-03-11:14-24:1,17761:MACK,site-c57533caa2de,17761,MACK,"17761 Mack Ave, between Parker and Van Dyke in a B4 (General Business District)",MACK,21001579.002L,17761 MACK,exact,
bza-4-22-321d323913,2024-03-11:4-22:1,4500:CADIEUX,site-a11d181a3f82,4500,CADIEUX,4500 Cadieux,CADIEUX,21074975.,4500 CADIEUX,exact,
bza-54-23-6eab1a3ade,2024-03-11:54-23:1,5730:E EIGHT MILE,site-ec2219c32aa8,5730,E EIGHT MILE,5730 E. 8 Mile Rd.,EIGHT MILE,13009087.003,5730 E EIGHT MILE,exact,
bza-65-33-781a0accb3,2024-03-11:65-33:1,6533:GLADYS,site-90ccd7296191,6533,GLADYS,6533 Gladys,GLADYS,18003015.,6533 GLADYS,exact,
bza-16-24-5938101fbe,2024-03-18:16-24:1,1038:CLAY,site-e2636f3af182,1038,CLAY,"1038 CLAY, between Melrose and Cameron in a B4 (General Business District).",CLAY,05002575-7,1038 CLAY,exact,
bza-17-24-ce52cb3966,2024-03-18:17-24:1,16225:E WARREN,site-36f9fc21848b,16225,E WARREN,"16225 E. WARREN, between Bedford and 3 Mile Rd. in a B4 (General Business District).",WARREN,21002873.,16225 E WARREN,exact,
bza-18-24-b7d9862137,2024-03-18:18-24:1,6615:GREENFIELD,site-4cc67b0324e0,6615,GREENFIELD,"6615 GREENFIELD, between Arthur and Radcliffe in a B4 (General Business District).",GREENFIELD,22051399-401,6615 GREENFIELD,exact,
bza-20-24-2cf05e2c11,2024-03-25:20-24:1,4210:E EIGHT MILE,site-b3eb42da715d,4210,E EIGHT MILE,"4210 E Eight Mile, between Dean and Sunset in an B4 General Business District",EIGHT MILE,13009118-27,4210 E EIGHT MILE,exact,
bza-21-24-b752b33f22,2024-03-25:21-24:1,4730:16TH,site-a1fdcf1ce590,4730,16TH,"4730 16th Street, between Hancock and W. Forest in a B4 Zone - (General Business District)",16TH,10006113.,4730 16TH ST,exact,
bza-12-24-a6fc69b387,2024-04-08:12-24:1,3702:E WARREN,site-061d40370a69,3702,E WARREN,"3702 E. WARREN, between Mt. Elliott and Ellery in a R2 Zone - (Two Family Residential District)",WARREN,13002690-1,3702 E WARREN,exact,
bza-22-24-5c0940c4c3,2024-04-08:22-24:1,18650:FORD,site-87d3ee0d876c,18650,FORD,"18650 FORD RD., between Brace and Greenview in an B4 General Business District",FORD,22080808-9,18650 FORD RD,exact,
bza-23-24-52267c8cf9,2024-04-08:23-24:1,6117:MARTIN,site-175a8a480c2c,6117,MARTIN,"6117 MARTIN, between Crowley and Kirkwood in an R2 Zone Two Family District",MARTIN,18011102.,6117 MARTIN,exact,
bza-24-24-ba03fb1f1d,2024-04-15:24-24:1,14916:CHATHAM,site-6ab467778178,14916,CHATHAM,"14916 Chatham, between Chalfonte and Eaton in a R1 Zone – (Single Family Residential District)",CHATHAM,22116895-6,14916 CHATHAM,exact,
bza-25-24-e30fbc8699,2024-04-15:25-24:1,13200:FENKELL,site-71710c54e494,13200,FENKELL,13200 Fenkell between Littlefield and Cheyenne in an B2 Zone - (Local Business and Residential District),FENKELL,22011519-21,13200 FENKELL,exact,
bza-26-24-8498a9e0ce,2024-05-13:26-24:1,20119:WISCONSIN,site-e47db1f10c79,20119,WISCONSIN,"20119 WISCONSIN, between Chippewa and Pembroke in an R3-H Zone (Low Density Residential District-Historic)",WISCONSIN,16035808.000,20119 WISCONSIN,exact,
bza-27-24-014e8967b0,2024-05-13:27-24:1,17155:SUNSET,site-1c6f4b8dd22b,17155,SUNSET,17125-55 Sunset between McNichols and Nancy in an R1 Zone (Single-Family Residential District),SUNSET,13019872-7,17155 SUNSET,exact,
bza-28-24-a82f3aaf57,2024-05-13:28-24:1,2200:LIVERNOIS,site-8bb15d0beb79,2200,LIVERNOIS,"2200 LIVERNOIS, between Toledo and Bivouac in an B4 Zone (General Business District)",LIVERNOIS,16017037.003L,2200 LIVERNOIS,exact,
bza-11-24-fe29e0d378,2024-05-20:11-24:1,8633:MICHIGAN,site-1304f6ea03ae,8633,MICHIGAN,"8633 MICHIGAN AVE, between Landale and Trenton in a B4 zone (General Business District).",MICHIGAN,20004563-73,8633 MICHIGAN AVE,exact,
bza-29-24-6d70f0b779,2024-05-20:29-24:1,9740:MCKINNEY,site-be800f61a7ff,9740,MCKINNEY,"9404 & 9740 McKinney, between Whittier and Courville in an R1 zone (Single Family Residential District).",MCKINNEY,21072609-20,9740 MCKINNEY,exact,
bza-31-24-5f6ef1ba25,2024-05-20:31-24:1,2929:CARPENTER,site-750205ea3a22,2929,CARPENTER,"2929 CARPENTER, between Mitchell and Jos. Campau in a B4 zone (General Business District).",CARPENTER,09005212-5,2929 CARPENTER,exact,
bza-32-24-9d20f69e4b,2024-05-20:32-24:1,12835:CONANT,site-3f6783744501,12835,CONANT,"12835 CONANT, between Halleck and Lawley in a B4 zone (General Business District).",CONANT,09008847-9,12835 CONANT,exact,
bza-33-24-f8b434d5ad,2024-06-10:33-24:1,2012:WABASH,site-0a32531a4a68,2012,WABASH,"2012 WABASH, between Dalzelle and Marantette in a R2 zone (Two Family Residential District).",WABASH,08008718.001,2012 WABASH,exact,
bza-35-24-7b8306b2c9,2024-06-17:35-24:1,6338:LAMBERT,site-4650a9d41748,6338,LAMBERT,"6338 LAMBERT, between Edsel Ford Service Drive and Holborn in a M4 zone (Intensive Industrial District).",LAMBERT,15000680-2,6338 LAMBERT,exact,
bza-36-24-25e89f7eb8,2024-06-17:36-24:1,12010:GREENFIELD,site-6da5881d7c77,12010,GREENFIELD,12010 Greenfield between Plymouth and Wadsworth in a B4 General Business District.,GREENFIELD,22049833-6,12010 GREENFIELD,exact,
bza-39-24-fc8328dfcb,2024-06-24:39-24:1,2660:W FORT,site-436284ea05d0,2660,W FORT,"2600-2660 W. Fort, between W. Lafayette and Fort in an R2 Two Family District",FORT,10000050.000,2660 W FORT,exact,
bza-40-24-8e2b4f04b1,2024-07-08:40-24:1,19416:LIVERNOIS,site-63c0889d93c3,19416,LIVERNOIS,"19416 LIVERNOIS, between Santa Clara and Santa Maria in a B2 zone (Local Business and Residential District).",LIVERNOIS,02004431.003L,19416 LIVERNOIS,exact,
bza-41-24-ea692df8b1,2024-07-08:41-24:1,9026:WOODWARD,site-a9a0031d4f5b,9026,WOODWARD,"9026 WOODWARD, between Owen Josephine in a R5 zone (Medium Density Residential District).",WOODWARD,01004340.,9026 WOODWARD AVE,exact,
bza-37-24-f961ca02ca,2024-07-15:37-24:1,2535:TOWNSEND,site-d22bb22898fd,2535,TOWNSEND,"2535 TOWNSEND, between Charlevoix and E. Vernor Hwy in a R2 zone (Two Family Residential District).",TOWNSEND,17012453.,2535 TOWNSEND,exact,
bza-42-24-3db62ad7f6,2024-07-15:42-24:1,8811:GREENFIELD,site-9a893906b91e,8811,GREENFIELD,"8811 GREENFIELD, between Ellis and Joy Rd in a R2 zone (Two Family Residential District).",GREENFIELD,22003044.003,8811 GREENFIELD,exact,
bza-44-24-a72911911c,2024-07-15:44-24:1,650:GLADSTONE,site-3ad5aafb9197,650,GLADSTONE,"652 AKA 650 GLADSTONE, between 2nd and 3rd in a R5 zone (Medium Density Residential District).",GLADSTONE,04002288.,650 GLADSTONE,exact,
bza-47-24-192327b733,2024-07-15:47-24:1,14901:KERCHEVAL,site-7f54284f2cad,14901,KERCHEVAL,"14901, 14911 & 14925 Kercheval between Alter and Wayburn in a B4 General Business District.",KERCHEVAL,21000849-51,14901 KERCHEVAL,exact,
bza-38-24-5cdec3b56e,2024-07-22:38-24:1,1777:RADEMACHER,site-9f6c2966b38e,1777,RADEMACHER,"1777 Rademacher, between Desmond and Cadet in an M4 Intensive Industrial District",RADEMACHER,18008161.006,1777 RADEMACHER,exact,
bza-45-24-0ac7b21e08,2024-07-22:45-24:1,6480:E EIGHT MILE,site-0992baa89e08,6480,E EIGHT MILE,"6480 E. EIGHT MILE RD., between Mt. Elliott and Sherwood in an M4 zone (Intensive Industrial District).",EIGHT MILE,15005121.004,6480 E EIGHT MILE,exact,
bza-45-24-0ac7b21e08,2024-07-22:45-24:1,6480:E EIGHT MILE,site-0992baa89e08,6480,E EIGHT MILE,"6480 E. EIGHT MILE RD., between Mt. Elliott and Sherwood in an M4 zone (Intensive Industrial District).",EIGHT MILE,15005121.005L,6480 E EIGHT MILE,exact,
bza-46-24-04961161fb,2024-07-22:46-24:1,4190:BELLEVUE,site-124bbc36a19c,4190,BELLEVUE,"4190 & 4194 BELLEVUE, between E. Canfield and Stuart in an M3 zone (General Industrial District).",BELLEVUE,15013180-9,4190 BELLEVUE,exact,
bza-46-24-04961161fb,2024-07-22:46-24:1,4194:BELLEVUE,site-9b0c493864b0,4194,BELLEVUE,"4190 & 4194 BELLEVUE, between E. Canfield and Stuart in an M3 zone (General Industrial District).",BELLEVUE,15013190.,4194 BELLEVUE,exact,
bza-48-24-4a6b166e25,2024-08-12:48-24:1,440:MARTIN LUTHER KING,site-e97254c9cf34,440,MARTIN LUTHER KING,"440 Martin Luther King between Cass and Second in an SD2 Special Development District, Mixed-Use.",MARTIN LUTHER KING,02000737.,440 MARTIN LUTHER KING JR BLVD,exact,
bza-51-24-646801293c,2024-08-12:51-24:1,12900:LYNDON,site-42051db2c3cb,12900,LYNDON,"12900 & 12950 LYNDON, between Littlefield and Steel in an M4 Intensive Industrial District",LYNDON,22020437.,12900 LYNDON,exact,
bza-51-24-646801293c,2024-08-12:51-24:1,12950:LYNDON,site-c07f6e55eee7,12950,LYNDON,"12900 & 12950 LYNDON, between Littlefield and Steel in an M4 Intensive Industrial District",LYNDON,22020436.,12950 LYNDON,exact,
bza-53-24-56e59115b1,2024-08-19:53-24:1,2728:ROSA PARKS,site-613b852b0cb0,2728,ROSA PARKS,"2728-38 ROSA PARKS BLVD, between Spruce and Perry in an SD2 Zone Special Development District Mixed Use",ROSA PARKS,08007462.,2728 ROSA PARKS BLVD,exact,
bza-53-24-56e59115b1,2024-08-19:53-24:1,2738:ROSA PARKS,site-7a4add530b9b,2738,ROSA PARKS,"2728-38 ROSA PARKS BLVD, between Spruce and Perry in an SD2 Zone Special Development District Mixed Use",ROSA PARKS,08007463.,2738 ROSA PARKS BLVD,exact,
bza-54-24-ed802c4239,2024-08-19:54-24:1,14691:KLENK,site-77b87f4f96c9,14691,KLENK,"14691 KLENK ISLAND, between Alter Rd and dead-end street in an R1 Zone (Single Family Residential District)",KLENK,21000175.,14691 KLENK,exact,
bza-58-24-6532bebb8a,2024-08-19:58-24:1,2150:BAGLEY,site-3a60c4f8a5c4,2150,BAGLEY,"2150 BAGLEY STREET, between 14th and Wabash in an M3 Zone (Single-Family Residential District)",BAGLEY,10004862.,2150 BAGLEY,exact,
bza-57-24-083f13055b,2024-09-23:57-24:1,469:BRAINARD,site-3a8c6cb6d806,469,BRAINARD,"469 Brainard, between 2nd and Cass Ave. in an SD1 Special Development District",BRAINARD,02000771.,469 BRAINARD,exact,
bza-60-24-fc667bdd68,2024-09-23:60-24:1,9301:OAKLAND,site-4d7274936bb9,9301,OAKLAND,"9301 OAKLAND, between Kenilworth and Leicester in an B4 General Business District",OAKLAND,03002993.,9301 OAKLAND,exact,
bza-61-24-a638176bcc,2024-09-23:61-24:1,14439:WADE,site-17aee9b951bf,14439,WADE,"14439 WADE, between Hayes and Chalmers in an R2 Zone Two-Family Residential District",WADE,21006369.,14439 WADE,exact,
bza-64-24-a56bb532d6,2024-09-23:64-24:1,637:LEICESTER,site-cbe3239755cc,637,LEICESTER,"637, 643 & 649 LEICESTER COURT, between Brush and John R. in an R3 Low Density Residential District",LEICESTER,03002574.,637 LEICESTER CT,exact,
bza-64-24-a56bb532d6,2024-09-23:64-24:1,643:LEICESTER,site-9951700d82e3,643,LEICESTER,"637, 643 & 649 LEICESTER COURT, between Brush and John R. in an R3 Low Density Residential District",LEICESTER,03002575.,643 LEICESTER CT,exact,
bza-64-24-a56bb532d6,2024-09-23:64-24:1,649:LEICESTER,site-31255202d737,649,LEICESTER,"637, 643 & 649 LEICESTER COURT, between Brush and John R. in an R3 Low Density Residential District",LEICESTER,03002576.,649 LEICESTER CT,exact,
bza-56-24-ac697c2a02,2024-09-30:56-24:1,735:GRISWOLD,site-8e57372ae5f0,735,GRISWOLD,"735 GRISWOLD, between Lafayette and W. Congress in an B5 zone. Major Business District",GRISWOLD,02002013.,735 GRISWOLD,exact,
bza-62-24-e9793916e2,2024-09-30:62-24:1,2625:VERMONT,site-9cb7691c2a70,2625,VERMONT,"2662 Huron, 2654 Huron, 2648 Huron, 2642 Huron, 2628 Huron, 2622 Huron, 2031 Spruce, 2025 Spruce, 2658 Vermont, 2661 Vermont, 2657 Vermont, 2653 Vermont, 2652 Vermont, 2647 Vermont, 2642 Vermont, 2639 Vermont, 2631 Vermont; 2628 Vermont & 2625 Vermont, between Pine and Spruce in an R2 Two Family Residential District",VERMONT,08008626-7,2625 VERMONT,exact,
bza-65-24-4abb08cb2f,2024-10-21:65-24:1,12789:INDIANA,site-79c34a2992de,12789,INDIANA,"12789 & 12795 INDIANA, between Buena Vista and Fullerton in an R1 zone (Single Family Residential District).",INDIANA,16036236-7,12789 INDIANA,exact,
bza-66-24-27cac6bb0f,2024-10-21:66-24:1,1415:GLYNN,site-e2b0e283f754,1415,GLYNN,"1415 GLYNN COURT, between Byron and Lodge Service Drive in an R3 Low Density Residential District",GLYNN,06002654-6,1415 GLYNN CT,exact,
bza-68-24-956bfd6d3d,2024-10-21:68-24:1,926:W WILLIS,site-788621f537fa,926,W WILLIS,"926 W. WILLIS, between 14TH and John C. Lodge in an R2 zone (Two Family Residential District).",WILLIS,04000858.,926 W WILLIS,exact,
bza-49-24-176da3f813,2024-10-28:49-24:1,20483:WOODINGHAM,site-f1048eec5c29,20483,WOODINGHAM,"20483 Woodingham, between Chippewa and Eight Mile in an M2 Restricted Industrial District",WOODINGHAM,16028618-20,20483 WOODINGHAM,exact,
bza-55-24-5abfd2ee33,2024-10-28:55-24:1,7535:GREENFIELD,site-71696e07d30a,7535,GREENFIELD,"7535 and 7521 Greenfield, between Diversity and Majestic in an B4 General Business District",GREENFIELD,22051280-3,7535 GREENFIELD,exact,
bza-55-24-5abfd2ee33,2024-10-28:55-24:1,7521:GREENFIELD,site-9ded39931904,7521,GREENFIELD,"7535 and 7521 Greenfield, between Diversity and Majestic in an B4 General Business District",GREENFIELD,22051284.,7521 GREENFIELD,exact,
bza-bseed-slu2024-0060-b144f712f9,2024-10-28:BSEED SLU2024-0060:1,14358:ASHTON,site-0ef2127adf15,14358,ASHTON,"14358 ASHTON RD., between Lyndon and Acacia in a R1 zone. (Single Family Residential District).",ASHTON,22074992.002L,14358 ASHTON,exact,
bza-bseed-slu2024-00062-b94c40c39e,2025-01-27:BSEED SLU2024-00062:1,2201:W MCNICHOLS,site-67412eaf6f38,2201,W MCNICHOLS,"2201 W. McNichols, between Log Cabin and Inverness in a B4 General Business District.",MCNICHOLS,08005552-7,2201 W MCNICHOLS,exact,
bza-67-24-6a04eb879d,2025-02-17:67-24:1,4831:CANYON,site-1f2682c29693,4831,CANYON,"4831 Canyon, between E. Warren and Mack in a R5 Medium Density Residential District",CANYON,21002153.002,4831 CANYON,exact,
bza-76-24-6ee5d23546,2025-02-17:76-24:1,856:BEARD,site-96fc23e09c3f,856,BEARD,"856 Beard, between W Lafayette and Fisher Freeway in a R2 Two Family Residential District",BEARD,18008478-80,856 BEARD,exact,
bza-bseed-slu2024-00043-35e34d484b,2025-02-17:BSEED SLU2024-00043:1,7103:E DAVISON,site-757f714ae562,7103,E DAVISON,7103 E. Davison between Cliff and Sherwood in a M2 Restricted Industrial District.,DAVISON,15003848-9,7103 E DAVISON,exact,
bza-77-24-8710bfed88,2025-02-24:77-24:1,4028:WESSON,site-47dd3ec192eb,4028,WESSON,5840 Michigan and 4028 Wesson between 25TH and w. Grand Blvd. in an R2 Two-Family Residential District & B4 General Business District,WESSON,16015321-5,4028 WESSON,exact,
bza-79-24-03fe91ef07,2025-02-24:79-24:1,15063:GRATIOT,site-e5087d496431,15063,GRATIOT,"15063 GRATIOT, between Fairmont and Eastburn in a B4 General Business District",GRATIOT,21029193-200,15063 GRATIOT,exact,
bza-86-24-15baadd557,2025-02-24:86-24:1,12155:SOUTHFIELD,site-592566be1b1a,12155,SOUTHFIELD,"12155 SOUTHFIELD RD, between I-96 and Capitol in a M4 Intensive Industrial District",SOUTHFIELD,22074261.004,12155 SOUTHFIELD,exact,
bza-50-24-10e21a7cea,2025-03-10:50-24:1,1530:BAGLEY,site-945c4702a181,1530,BAGLEY,"1530 BAGLEY, aka 1530-1550 Bagley between Trumbull and 10th in an R3 District (Low Density Residential District).",BAGLEY,08000394-7,1530 BAGLEY,exact,
bza-1-25-e8e3ff71db,2025-03-17:1-25:1,7131:MICHIGAN,site-326cdd9ee50f,7131,MICHIGAN,"7131 MICHIGAN AVE, between Ewers and Parkinson in a B4 General Business District",MICHIGAN,18002347.,7131 MICHIGAN AVE,exact,
bza-59-24-7f6f8d4dde,2025-03-17:59-24:1,13110:W SEVEN MILE,site-0b55967bffbd,13110,W SEVEN MILE,13110 W. Seven Mile Rd. between Littlefield and W. Outer Drive in a B2 Zone Local Business and Residential District,SEVEN MILE,22017446-8,13110 W SEVEN MILE,exact,
bza-80-24-eb9518e9ff,2025-03-17:80-24:1,16211:HARPER,site-5d3f2826ee51,16211,HARPER,"16211 HARPER, between 3 Mile Dr and Bedford in a B4 General Business District.",HARPER,21004533-6,16211 HARPER,exact,
bza-83-24-c9e72204a7,2025-03-17:83-24:1,12869:ARTESIAN,site-e5ee9e0a5f6d,12869,ARTESIAN,"12869 ARTESIAN, between W. Davison and I-96 Freeway in an M4 Intensive Industrial District (Historic).",ARTESIAN,22085244.009,12869 ARTESIAN,exact,
bza-85-24-ae3e833dfd,2025-03-17:85-24:1,5742:MT ELLIOTT,site-70ce6fbb5954,5742,MT ELLIOTT,"5742 MT ELLIOTT, between E Grand Blvd and E Palmer in an M4 Intensive Industrial District (Historic).",MT ELLIOTT,15000597.,5742 MT ELLIOTT,exact,
bza-4-25-34d6c95571,2025-03-24:4-25:1,11501:E SEVEN MILE,site-17f2afa6dcf4,11501,E SEVEN MILE,"11501 E 7 MILE RD, between Albion and Hoover in an B4 General Business District",SEVEN MILE,17005197-207,11501 E SEVEN MILE,exact,
bza-82-24-c4233e3f2a,2025-03-24:82-24:1,1429:17TH,site-01e395e5f92f,1429,17TH,"1429,1435,1437,1441 17th Street & 1426 and 1438 18th Street, between Porter and Bagley in a R2 (Two Family Residential District).",17TH,10007115-6,1429 17TH ST,exact,
bza-82-24-c4233e3f2a,2025-03-24:82-24:1,1435:17TH,site-d8e7594e16f2,1435,17TH,"1429,1435,1437,1441 17th Street & 1426 and 1438 18th Street, between Porter and Bagley in a R2 (Two Family Residential District).",17TH,10007114.,1435 17TH ST,exact,
bza-82-24-c4233e3f2a,2025-03-24:82-24:1,1437:17TH,site-ae5dda0aeb1b,1437,17TH,"1429,1435,1437,1441 17th Street & 1426 and 1438 18th Street, between Porter and Bagley in a R2 (Two Family Residential District).",17TH,10007113.,1437 17TH ST,exact,
bza-82-24-c4233e3f2a,2025-03-24:82-24:1,1441:17TH,site-db0a85cade44,1441,17TH,"1429,1435,1437,1441 17th Street & 1426 and 1438 18th Street, between Porter and Bagley in a R2 (Two Family Residential District).",17TH,10007112.,1441 17TH ST,exact,
bza-82-24-c4233e3f2a,2025-03-24:82-24:1,1438:18TH,site-3b4020ba66cb,1438,18TH,"1429,1435,1437,1441 17th Street & 1426 and 1438 18th Street, between Porter and Bagley in a R2 (Two Family Residential District).",18TH,10007162.,1438 18TH ST,exact,
bza-84-24-6f5548ffcb,2025-03-24:84-24:1,19036:W MCNICHOLS,site-33e98d7da51d,19036,W MCNICHOLS,"19036 W MCNICHOLS, between Sunderland and Warwick in an B4 General Business District",MCNICHOLS,22013722-3,19036 W MCNICHOLS,exact,
bza-3-25-36721a5eeb,2025-04-14:3-25:1,2710:HARRISON,site-f91d4d333246,2710,HARRISON,2710 HARRISON Between: Spruce and Perry in an R2 Zone (Two Family Residential District).,HARRISON,08006672-3,2710 HARRISON,exact,
bza-5-25-489295d35a,2025-04-14:5-25:1,1435:LAWNDALE,site-ae3f77355f48,1435,LAWNDALE,1435 LAWNDALE Between: Homer and Longworth in an B4 Zone (General Business District).,LAWNDALE,20006571.,1435 LAWNDALE,exact,
bza-7-25-6f5b94d140,2025-04-14:7-25:1,15433:MACK,site-1d746bca9c41,15433,MACK,15433 MACK AVE aka 15435 MACK Between: Beaconsfield and Nottingham in an B4 Zone (General Business District).,MACK,21001420.,15433 MACK,exact,
bza-9-25-8fbe580481,2025-04-14:9-25:1,7500:HOLMES,site-38f9f87a6632,7500,HOLMES,7500 HOLMES Between: Proctor and Central in an R2 Zone (Two Family Residential District).,HOLMES,18004161.,7500 HOLMES,exact,
bza-43-24-4bc5821238,2025-04-21:43-24:1,5873:TRENTON,site-9d336456c713,5873,TRENTON,5873 Trenton Between: Dennison and Henderson in an R2 Zone (Two Family Residential District).,TRENTON,20010487.,5873 TRENTON,exact,
bza-10-25-d76fac624f,2025-05-12:10-25:1,18845:MACK,site-810fe126741b,18845,MACK,"18845 MACK AVE, between Lannoo and Hillcrest in a B4 Zone (General Business District).",MACK,21001663-75,18845 MACK,exact,
bza-63-24-ee881c1b59,2025-05-19:63-24:1,15303:FENKELL,site-0a1e86310fd0,15303,FENKELL,"15303 FENKELL, between Whitcomb and Prest in a B2 zone (Local Business and Residential District).",FENKELL,22010756.,15303 FENKELL,exact,
bza-6-25-1d092416b3,2025-06-09:6-25:1,4564:OAKMAN,site-05170387f246,4564,OAKMAN,"4564, 4580 & 4600 Oakman between Chicago and Grand River in a M3 GENERAL INDUSTRIAL DISTRICT.",OAKMAN,18016347-51,4564 OAKMAN BLVD,exact,
bza-78-24-65be9f6b24,2025-06-09:78-24:1,3652:GRATIOT,site-8be1b526ca98,3652,GRATIOT,3652 Gratiot between Sylvester and Superior in a B2 Zone (Local Business and Residential District).,GRATIOT,13001778-82,3652 GRATIOT,exact,
bza-bseed-slu2024-00101-0b090eb0d2,2025-06-09:BSEED SLU2024-00101:1,17731:VAN DYKE,site-69df5f2353ef,17731,VAN DYKE,17731 VAN DYKE between Iowa and Buhr in a M2 zone (Restricted Industrial District).,VAN DYKE,15005403-4,17731 VAN DYKE,exact,
bza-12-25-67c0867482,2025-06-16:12-25:1,1247:CAMPBELL,site-ffa9e0b3a2f9,1247,CAMPBELL,1247 Campbell between Howard and Porter in a R2 zone (Two Family Residential District ).,CAMPBELL,16014380.,1247 CAMPBELL,exact,
bza-bza-slu2024-00172-c17cdfcf89,2025-06-23:BZA SLU2024-00172:1,22001:W EIGHT MILE,site-08083b3964fe,22001,W EIGHT MILE,22001 West Eight Mile Rd. between Cooley and Lahser in a M2 Zone (Restricted Industrial District).,EIGHT MILE,22019030.001,22001 W EIGHT MILE,exact,
bza-13-25-2c39937285,2025-07-14:13-25:1,5357:E OUTER,site-6d16d3a32fbf,5357,E OUTER,"5357 E OUTER DRIVE, between Lapin and Seven Mile Rd in an B4 General Business District.",OUTER,17016306-9,5357 E OUTER DR,exact,
bza-14-25-61fbd5eb1b,2025-07-14:14-25:1,6602:WALTON,site-578095100b12,6602,WALTON,"6602 WALTON, between Rangoon and Warren in an R2 Zone (Two Family Residential District).",WALTON,18003734.,6602 WALTON,exact,
bza-15-25-aa055fbabb,2025-07-14:15-25:1,5938:TIREMAN,site-fe383d544255,5938,TIREMAN,"5938 TIREMAN, between Epworth and Military in an M4 intensive Industrial District.",TIREMAN,16002120-1,5938 TIREMAN,exact,
bza-bseed-slu2023-00093-1af72b8cea,2025-07-21:BSEED SLU2023-00093:1,9851:HAMILTON,site-64b5400e2aa9,9851,HAMILTON,"9851 Hamilton Ave and 1143, 1153 and 1159 Glynn Ct, between Glynn Court and Calvert Ave in a B4 Zone (General Business District).",HAMILTON,06002635-9,9851 HAMILTON,exact,
bza-16-25-aaaaa5d0aa,2025-07-28:16-25:1,7441:ELMHURST,site-c896db38c722,7441,ELMHURST,"7441 ELMHURST, Corner of Elmhurst and American in a R3 Zone (Low Density Residential District).",ELMHURST,16005743.,7441 ELMHURST,exact,
bza-17-25-97935d5a5c,2025-07-28:17-25:1,6401:MANSFIELD,site-e6d7d3a3f0d2,6401,MANSFIELD,"6401 MANSFIELD, between Paul and Whitlock in a R1 Zone Single Family Residential District",MANSFIELD,22058169.,6401 MANSFIELD,exact,
bza-18-25-cb4f866709,2025-07-28:18-25:1,8228:MT ELLIOTT,site-f3d3ef32e823,8228,MT ELLIOTT,"8228 MT ELLIOTT, between Farr and Cymbal in a B4 zone General Business District.",MT ELLIOTT,15014168.,8228 MT ELLIOTT,exact,
bza-24-25-67f735277c,2025-08-25:24-25:1,1036:HUBBARD,site-36ea1345b237,1036,HUBBARD,"1036 Hubbard, between W. Lafayette and Porter in an R2 Zone (Two-Family Residential District)",HUBBARD,14009254.,1036 HUBBARD,exact,
bza-22-25-831f730788,2025-09-08:22-25:1,557:E KIRBY,site-e306b048bd92,557,E KIRBY,557 E. Kirby between St. Antione and Beaubien in a R3 Zone (Low Density Residential District).,KIRBY,03001526.,557 E KIRBY,exact,
bza-26-25-7703d8a4a4,2025-09-08:26-25:1,10150:MACK,site-ce7ff4db8da1,10150,MACK,10150 Mack Ave. Between Cadillac and Hurlburt in a B4 Zone (General Business District).,MACK,19000828.,10150 MACK,exact,
bza-27-25-b460cdbf7e,2025-09-15:27-25:1,20851:W SEVEN MILE,site-7a9e3e24774a,20851,W SEVEN MILE,"20851 W Seven Mile Rd., between Burt Rd and Pierson St. in a B4 Zone (General Business District).",SEVEN MILE,22016609-12,20851 W SEVEN MILE,exact,
bza-28-25-d2fb7bb161,2025-09-15:28-25:1,1411:CENTRAL,site-11f943f50bcf,1411,CENTRAL,"1411 Central, between Pershing and W. Lafayeet (Railroad tracks) in a M4 Zone (Intensive Industrial District).",CENTRAL,20005002.,1411 CENTRAL,exact,
bza-29-25-7515a970f7,2025-09-29:29-25:1,1728:MICHIGAN,site-7abe10dedf7c,1728,MICHIGAN,"1728 MICHIGAN AVE, Corner of Cochrane and Harrison in a R3 Low Density Residential District.",MICHIGAN,08000565-9,1728 MICHIGAN AVE,exact,
bza-30-25-701e35d3e8,2025-09-29:30-25:1,8849:YATES,site-f4e15e398e53,8849,YATES,"8849 YATES, between Crane and Rohns in a R2 zone (Two Family Residential District).",YATES,19001204-7,8849 YATES,exact,
bza-bza2026-00009-e187ef5c5d,2026-01-23:BZA2026-00009:1,3901:GARVIN,site-a633d10b2eb5,3901,GARVIN,"3901 Garvin, between Justin and Fenelon in a R2 Zone (Two-Family Residential District).",GARVIN,13006722.,3901 GARVIN,exact,
bza-bza2026-00051-ccc5f5dbb5,2026-01-23:BZA2026-00051:1,17415:LIVERNOIS,site-01ca2b20a75a,17415,LIVERNOIS,"17415 Livernois St, between Santa Clara and Santa Maria in a B2 Zone (Local Business District).",LIVERNOIS,16017709-14,17415 LIVERNOIS,exact,
bza-53-23-cdc298d7fd,2026-02-16:53-23:1,3143:BELLEVUE,site-4d42104f9cc1,3143,BELLEVUE,3143 Bellevue,BELLEVUE,15013262-3,3143 BELLEVUE,exact,
bza-bza2025-00044-8af9060833,2026-02-16:BZA2025-00044:1,18111:W EIGHT MILE,site-ca34b7f383da,18111,W EIGHT MILE,"18111 W. 8 MILE RD., between Southfield Rd and Ashton in a B4 Zone (General Business District).",EIGHT MILE,22018876-81,18111 W EIGHT MILE,exact,
bza-bza2025-00045-d453f7d2bf,2026-02-16:BZA2025-00045:1,20575:ASHTON,site-6e10e38ab53f,20575,ASHTON,"20575 ASHTON, between Hessel and E Mile Rd. in a R1 Zone (Single Family Residential District)",ASHTON,22075329-30,20575 ASHTON,exact,
bza-bza2025-00048-3d30f83bb6,2026-02-16:BZA2025-00048:1,3331:TRUMBULL,site-b05d703a10d5,3331,TRUMBULL,"3331 TRUMBULL, between Sycamore and Ash in a SD1 Zone (Special Development District Small scall mixed use.)",TRUMBULL,08005914-8,3331 TRUMBULL,exact,
bza-bza2025-00049-131db941ce,2026-03-09:BZA2025-00049:1,2971:BELLEVUE,site-ae5933f76fce,2971,BELLEVUE,"2971 BELLEVUE, between Benson and Charlevoix in an M4 Zone Intensive Industrial District.",BELLEVUE,15013265-6,2971 BELLEVUE,exact,
bza-14-19-184cee7e49,2019-04-23:14-19:1,16424:W WARREN,site-370744103460,16424,W WARREN,16424 W. Warren Ave. between Audobon Rd. and E. Outer Dr. in a B4 zone (General Business District),WARREN,21002326.002,16424 E WARREN,direction_omitted,
bza-62-19-80921f9b24,2019-10-15:62-19:1,7414:W WARREN,site-2ac42fec00d0,7414,W WARREN,"7410, 7414, 7418, 7422, 7432, 7438 & 7446 W. Warren between Prairie and American in a B4 zone (General Business District)-City Council District #6",WARREN,17012873-4,7414 E WARREN,direction_omitted,
bza-66-19-63716eb5c4,2019-10-22:66-19:1,8911:GRAND RIVER,site-036572575089,8911,GRAND RIVER,"8911, 8885, 8877 & 8873 Grand River between Beverly and N. Weathersby in a B4 zone (General Business District).",GRAND RIVER,16004891.,8911 W GRAND RIVER,direction_omitted,
bza-66-19-63716eb5c4,2019-10-22:66-19:1,8885:GRAND RIVER,site-6e2396e16903,8885,GRAND RIVER,"8911, 8885, 8877 & 8873 Grand River between Beverly and N. Weathersby in a B4 zone (General Business District).",GRAND RIVER,16004890.,8885 W GRAND RIVER,direction_omitted,
bza-66-19-63716eb5c4,2019-10-22:66-19:1,8877:GRAND RIVER,site-dc502c1e9a94,8877,GRAND RIVER,"8911, 8885, 8877 & 8873 Grand River between Beverly and N. Weathersby in a B4 zone (General Business District).",GRAND RIVER,16004889.,8877 W GRAND RIVER,direction_omitted,
bza-66-19-63716eb5c4,2019-10-22:66-19:1,8873:GRAND RIVER,site-5c8d22bf5a6b,8873,GRAND RIVER,"8911, 8885, 8877 & 8873 Grand River between Beverly and N. Weathersby in a B4 zone (General Business District).",GRAND RIVER,16004888.,8873 W GRAND RIVER,direction_omitted,
bza-12-20-f9060d3522,2020-06-23:12-20:1,22100:GRAND RIVER,site-b1e9dc20a650,22100,GRAND RIVER,22100 Grand River between Redford and Cooley in B4 Zone (General Business District)- City Council District #1,GRAND RIVER,22007821.,22100 W GRAND RIVER,direction_omitted,
bza-43-20-83bc71214b,2021-03-23:43-20:1,8911:GRAND RIVER,site-036572575089,8911,GRAND RIVER,"8911, 8885, 8877 & 8873 Grand River between Hillsboro St and S Clarendon St in a B4 zone (General Business District) -City Council District #5",GRAND RIVER,16004891.,8911 W GRAND RIVER,direction_omitted,
bza-43-20-83bc71214b,2021-03-23:43-20:1,8885:GRAND RIVER,site-6e2396e16903,8885,GRAND RIVER,"8911, 8885, 8877 & 8873 Grand River between Hillsboro St and S Clarendon St in a B4 zone (General Business District) -City Council District #5",GRAND RIVER,16004890.,8885 W GRAND RIVER,direction_omitted,
bza-43-20-83bc71214b,2021-03-23:43-20:1,8877:GRAND RIVER,site-dc502c1e9a94,8877,GRAND RIVER,"8911, 8885, 8877 & 8873 Grand River between Hillsboro St and S Clarendon St in a B4 zone (General Business District) -City Council District #5",GRAND RIVER,16004889.,8877 W GRAND RIVER,direction_omitted,
bza-43-20-83bc71214b,2021-03-23:43-20:1,8873:GRAND RIVER,site-5c8d22bf5a6b,8873,GRAND RIVER,"8911, 8885, 8877 & 8873 Grand River between Hillsboro St and S Clarendon St in a B4 zone (General Business District) -City Council District #5",GRAND RIVER,16004888.,8873 W GRAND RIVER,direction_omitted,
bza-24-21-9280554649,2021-06-15:24-21:1,22100:GRAND RIVER,site-b1e9dc20a650,22100,GRAND RIVER,22100 Grand River between Redford and Cooley in a B3 Zone (Shopping District).,GRAND RIVER,22007821.,22100 W GRAND RIVER,direction_omitted,
bza-31-21-ace9be1d9d,2021-07-20:31-21:1,4731:GRAND RIVER,site-b14f7394100b,4731,GRAND RIVER,4731 Grand River between 14th and 15th St. in a B4 - (GENERAL BUSINESS DISTRICT)- City Council District #6,GRAND RIVER,10000527-31,4731 W GRAND RIVER,direction_omitted,
bza-75-21-9044d745bd,2021-12-21:75-21:1,60:E EUCLID,site-01c76d3b0e5e,60,E EUCLID,"8324 Woodward Ave. and 50,60,66,72,78,82,90,96,100 E. Euclid between Woodward and John R in an R3 - (Low Density Residential District)-City Council District #5",EUCLID,02001253.,60 W EUCLID,direction_omitted,
bza-75-21-9044d745bd,2021-12-21:75-21:1,90:E EUCLID,site-b34171563ab8,90,E EUCLID,"8324 Woodward Ave. and 50,60,66,72,78,82,90,96,100 E. Euclid between Woodward and John R in an R3 - (Low Density Residential District)-City Council District #5",EUCLID,02001250.,90 W EUCLID,direction_omitted,
bza-75-21-9044d745bd,2021-12-21:75-21:1,100:E EUCLID,site-30bff0e01f22,100,E EUCLID,"8324 Woodward Ave. and 50,60,66,72,78,82,90,96,100 E. Euclid between Woodward and John R in an R3 - (Low Density Residential District)-City Council District #5",EUCLID,02001249.,100 W EUCLID,direction_omitted,
bza-59-22-b75dd5795b,2022-11-15:59-22:1,757:BETHUNE,site-30b362e72764,757,BETHUNE,757 Bethune between 2nd Ave. and 3rd Ave. in an R1 (Single-Family Residential District) City Council District #5,BETHUNE,04001614.,757 W BETHUNE,direction_omitted,
bza-03-23-cdc3a2629c,2023-02-20:03-23:1,425:CAMPBELL,site-b8e8209854e2,425,CAMPBELL,425 Campbell between Harvey and Reeder in a M4 (Intensive Industrial District),CAMPBELL,16014149-51,425 S CAMPBELL,direction_omitted,
bza-16-23-d69ef06e72,2023-05-15:16-23:1,23466:GRAND RIVER,site-21101fa8d364,23466,GRAND RIVER,"23466 Grand River, between Grayfield and Codding in an B4 General Business District",GRAND RIVER,22007784.,23466 W GRAND RIVER,direction_omitted,
bza-18-23-535a07c23f,2023-05-22:18-23:1,14340:W CHICAGO,site-2518e080a55e,14340,W CHICAGO,"14340 W. Chicago, between Mark Twain and Freeland in an B4 District. General Business District.",CHICAGO,22004626-32,14340 CHICAGO,direction_omitted,
bza-39-24-fc8328dfcb,2024-06-24:39-24:1,2600:W FORT,site-6b13227d0a08,2600,W FORT,"2600-2660 W. Fort, between W. Lafayette and Fort in an R2 Two Family District",FORT,20018495.,2600 S FORT,direction_omitted,
bza-15-24-43336a40f9,2024-07-08:15-24:1,19400:GRAND RIVER,site-583d59418500,19400,GRAND RIVER,"19400 GRAND RIVER, between Outer Drive and Bretton in a B4 zone (General Business District).",GRAND RIVER,22008015-8,19400 W GRAND RIVER,direction_omitted,
bza-11-25-9414020318,2025-05-19:11-25:1,4645:VERNOR,site-5d1843e81b09,4645,VERNOR,"4645 Vernor Highway aka 1626 Lansing, between McKinstry and Lansing in a R2 zone (Two Family Residential District).",VERNOR,16000637-41,4645 W VERNOR,direction_omitted,
bza-20-25-6131a2cc71,2025-08-25:20-25:1,19244:GRAND RIVER,site-48f47cc755e8,19244,GRAND RIVER,19244 Grand River between Warwick and W Outer Drive in a B4 Zone (General Business District),GRAND RIVER,22008033-4,19244 W GRAND RIVER,direction_omitted,
bza-37-19-b5facb6e4c,2019-08-20:37-19:1,15400:GRAND RIVER,site-6b3e572b5412,15400,GRAND RIVER,15400 Grand River between Greenfield and Sussex in a B3 zone SHOPPING DISTRICT- City Council District 1,GRAND RIVER,22008281.002,15424 W GRAND RIVER 2,manual_override,66.0
bza-55-19-0f4e1aa768,2019-10-01:55-19:1,24241:GRAND RIVER,site-9605f66f3b61,24241,GRAND RIVER,24241 Grand River (aka 24207-37 Grand River) between Woodbine and Wormer in an B4 zone (General Business District)-City Council District #1,GRAND RIVER,22007544-60,24245 W GRAND RIVER,manual_override,101.0
bza-61-19-4e42da9805,2019-10-08:61-19:1,3325:MICHIGAN,site-5edefb9d9e5e,3325,MICHIGAN,3325 MICHIGAN between 22nd and 23rd in a B4 Zone (General Business District) City Council District #7,MICHIGAN,12000315-7,3321 MICHIGAN AVE,manual_override,110.0
bza-64-19-20a7b65020,2019-10-22:64-19:1,4100:W VERNOR,site-e0bbc8d2962c,4100,W VERNOR,4100 W. Vernor between Palms and Scotten in a B4-H (General Business District-Historic),VERNOR,14000370-3,4114 W VERNOR,manual_override,126.0
bza-bseed-slu2019-00063-6cba26170a,2019-11-19:BSEED SLU2019-00063:1,8333:TOWNSEND,site-329072eb4d90,8333,TOWNSEND,7554 Miller (aka 8333 Townsend) Between: Townsend and Wallace in a R5 Zone (Medium Density Residential District).-City Council District #3,TOWNSEND,15001296.,8333 SYLVESTER,manual_override,137.0
bza-112-19-8bdcb1c11b,2020-02-25:112-19:1,1475:E JEFFERSON,site-62dbc46a9181,1475,E JEFFERSON,1475 E. Jefferson Between: Rivard and Riopelle in a B4 Zone (General Business District)-City Council District #5,JEFFERSON,05000083-99,1375 E JEFFERSON,manual_override,165.0
bza-26-17-06a09b7674,2020-04-21:26-17:1,15831:MACK,site-ec9a0e38ad28,15831,MACK,15831 Mack Between: Berkshire and Buckingham in a B4 Zone (General Business District)-City Council District #4,MACK,21001445-6,15837 MACK,manual_override,172.0
bza-27-18-c8ce2a7370,2021-10-12:27-18:1,7900:DIX,site-a0c0576c2ef3,7900,DIX,7900 Dix,DIX,20004389-91,7840 DIX,manual_override,312.0
bza-55-22-5f45ad09c6,2022-11-15:55-22:1,13316:14TH,site-d4f8bb58b62f,13316,14TH,13316 14th (Legal address 13300 14th St.) between Waverly and Clements in a R2 (Two-Family Residential District)-City Council District #7,14TH,08004423-4,13300 14TH ST,manual_override,415.0
bza-30-24-94d9984635,2024-06-10:30-24:1,8600:E EIGHT MILE,site-9dfa7ae40e94,8600,E EIGHT MILE,"8600 E EIGHT MILE RD., between Conner and Hoover in an M4 Zone - (Intensive and Industrial District)",EIGHT MILE,17005738.000,9900 E EIGHT MILE,manual_override,582.0
bza-34-24-0550ac5afc,2024-06-17:34-24:1,230:GREEN,site-56261c3a9100,230,GREEN,"230 GREEN, between Fort and Melville in a M4 zone (Intensive Industrial District).",GREEN,18008907-18,222 GREEN,manual_override,585.0
bza-61-18-2008f817ed,2025-05-12:61-18:1,17610:JAMES COUZENS,site-18b3eb0d522c,17610,JAMES COUZENS,"17610 JAMES COUZENS, between Thatcher and Santa Clara in a B2 zone (Local Business and Residential District).",JAMES COUZENS,22019098-101,17600 JAMES COUZENS,manual_override,738.0
bza-21-25-dcb8d4f773,2025-08-25:21-25:1,1950:WEBB,site-96b6f685dfbc,1950,WEBB,"1950 Webb, between Rosa Parks and 14th in an R5 Zone (Medium Density Residential District).",WEBB,08003432.,1946 WEBB,manual_override,764.0
bza-73-21-281525e794,2021-12-21:73-21:1,6600:MT ELLIOTT,site-ea8d43ea5e6c,6600,MT ELLIOTT,6600 Mt. Elliott between Strong and Harper in (M4 Intensive Industrial District)- City Council District #5,MT ELLIOTT,15014140.,6660 MT ELLIOTT,manual_override,338.0
bza-34-21-04aac96c4f,2021-07-13:34-21:1,2639:AUSTIN,site-c720841f9c24,2639,AUSTIN,2639 and 2647Austin Street between St. Anne and 18th St. in a R2 - (Two-Family Residential District),AUSTIN,10000149.001,2641 AUSTIN UNIT 1,manual_override,288.0
bza-34-21-04aac96c4f,2021-07-13:34-21:1,2647:AUSTIN,site-0035f24a485e,2647,AUSTIN,2639 and 2647Austin Street between St. Anne and 18th St. in a R2 - (Two-Family Residential District),AUSTIN,10000149.003,2649 AUSTIN UNIT 3,manual_override,289.0
bza-77-21-46450fedf6,2022-03-29:77-21:1,7640:KIPLING,site-b061400110a5,7640,KIPLING,"7636, 7640, 7652, 7656 Kipling and 7639 & 7647 N. Poe between Pallister and W. Bethune in a R5 - (Medium Density Residential District)",KIPLING,08005576.012,1551 PALLISTER,manual_override,355.0
bza-77-21-46450fedf6,2022-03-29:77-21:1,7652:KIPLING,site-0c4bc4c32e78,7652,KIPLING,"7636, 7640, 7652, 7656 Kipling and 7639 & 7647 N. Poe between Pallister and W. Bethune in a R5 - (Medium Density Residential District)",KIPLING,08005576.008,1535 PALLISTER,manual_override,356.0
bza-56-21-13962dbe62,2021-09-21:56-21:1,2741:HARRISON,site-6a5f3b5262a9,2741,HARRISON,2733 Harrison (2741 Harrison) between Pine and Spruce in a R2 Zone (Two-Family Residential District) -City Council District #6,HARRISON,08006674.010,1807 PERRY,manual_override,310.0
