{"type":"FeatureCollection","crs":{"type":"name","properties":{"name":"EPSG:4326"}},"features":[{"type":"Feature","geometry":{"type":"Polygon","coordinates":[[[-83.2056830003006,42.2027339999599],[-83.2046510004308,42.2045679999935],[-83.2025249998687,42.2063380003193],[-83.1948809997575,42.2127160001264],[-83.193847000238,42.2120090002688],[-83.1933719998618,42.2065169998354],[-83.1931519997538,42.1992640002848],[-83.1996200000551,42.1991539997027],[-83.2028780000461,42.1991050000231],[-83.2055329996144,42.1990670001232],[-83.2056830003006,42.2027339999599]]]},"properties":{"GEOID":"26163581800","STATE":"26","COUNTY":"163","TRACT":"581800","NAME":"Census Tract 5818"}},{"type":"Feature","geometry":{"type":"Polygon","coordinates":[[[-83.2585719998643,42.4363549997494],[-83.2501190003644,42.4365429997309],[-83.2444839997412,42.4366510002834],[-83.2391360000714,42.4367720003007],[-83.2389939997812,42.4331719996992],[-83.2388659997347,42.429571999837],[-83.2442600003335,42.4294420002062],[-83.2498239999134,42.4293089999786],[-83.2582920003802,42.4291200002864],[-83.2585719998643,42.4363549997494]]]},"properties":{"GEOID":"26163541000","STATE":"26","COUNTY":"163","TRACT":"541000","NAME":"Census Tract 541"}},{"type":"Feature","geometry":{"type":"Polygon","coordinates":[[[-83.3974350003132,42.2880879997563],[-83.3847780002681,42.288372000177],[-83.3780420001781,42.2884899999285],[-83.377898000238,42.2857919997971],[-83.3812189999782,42.285729999868],[-83.3811229997187,42.2828570001924],[-83.3777760000393,42.2823290003153],[-83.3777369996812,42.2814049998527],[-83.3782170000803,42.2811279997145],[-83.3782260003011,42.2793920003282],[-83.3864770001346,42.2779489999851],[-83.3970639996942,42.2762479997574],[-83.3972279997257,42.2814179997813],[-83.3974350003132,42.2880879997563]]]},"properties":{"GEOID":"26163566500","STATE":"26","COUNTY":"163","TRACT":"566500","NAME":"Census Tract 5665"}},{"type":"Feature","geometry":{"type":"Polygon","coordinates":[[[-83.2196309997833,42.4443489999992],[-83.2167460000612,42.4444140002973],[-83.2102540003687,42.4445680001227],[-83.2048959997549,42.4447159997272],[-83.2036320000816,42.4447460002584],[-83.2033819998363,42.4447509997931],[-83.2003859997861,42.4423430001698],[-83.200178000272,42.4376239999499],[-83.2075930000543,42.4374629999988],[-83.2131790002738,42.4373490002981],[-83.2135099998115,42.4373429997498],[-83.219540000445,42.4372369999133],[-83.2196309997833,42.4443489999992]]]},"properties":{"GEOID":"26163540100","STATE":"26","COUNTY":"163","TRACT":"540100","NAME":"Census Tract 5401"}},{"type":"Feature","geometry":{"type":"Polygon","coordinates":[[[-83.1706980001695,42.431249000207],[-83.1609839995727,42.431347000056],[-83.1607190001571,42.4241760001497],[-83.1603240001469,42.4169320000497],[-83.170129000082,42.4166559997138],[-83.1704379998785,42.4239930000706],[-83.1706980001695,42.431249000207]]]},"properties":{"GEOID":"26163538700","STATE":"26","COUNTY":"163","TRACT":"538700","NAME":"Census Tract 5387"}},{"type":"Feature","geometry":{"type":"Polygon","coordinates":[[[-83.0391929996015,42.4408240002227],[-83.0342979996682,42.4411200001977],[-83.0245010001291,42.4413409997309],[-83.0242569997316,42.4339700000282],[-83.0389480002774,42.4336819999646],[-83.0391929996015,42.4408240002227]]]},"properties":{"GEOID":"26163506200","STATE":"26","COUNTY":"163","TRACT":"506200","NAME":"Census Tract 5062"}},{"type":"Feature","geometry":{"type":"Polygon","coordinates":[[[-82.9875629996882,42.4093039999811],[-82.9793560002356,42.412158000315],[-82.9792370004099,42.4119729999825],[-82.9763309998731,42.4073850002315],[-82.9731060003924,42.4015950000521],[-82.9819320001612,42.3991760000771],[-82.9821589999419,42.399484000089],[-82.9831110003441,42.4022010001367],[-82.9851890003273,42.4054819997955],[-82.9863840004037,42.4073900000935],[-82.9875629996882,42.4093039999811]]]},"properties":{"GEOID":"26163504300","STATE":"26","COUNTY":"163","TRACT":"504300","NAME":"Census Tract 5043"}},{"type":"Feature","geometry":{"type":"Polygon","coordinates":[[[-83.330534999721,42.311240000261],[-83.3208570000075,42.311427000034],[-83.3108670001245,42.3117089999661],[-83.3105249998177,42.304450999823],[-83.3103359996718,42.2999719999762],[-83.3103159995804,42.2993280001379],[-83.3102329997397,42.2972719999747],[-83.3099070002248,42.2909670000349],[-83.3292800002685,42.2876869998273],[-83.3294319997061,42.2910819999517],[-83.3298280004395,42.2991939999463],[-83.3301310003883,42.3040249998357],[-83.330534999721,42.311240000261]]]},"properties":{"GEOID":"26163570400","STATE":"26","COUNTY":"163","TRACT":"570400","NAME":"Census Tract 5704"}},{"type":"Feature","geometry":{"type":"Polygon","coordinates":[[[-83.1143580002709,42.3713799997345],[-83.1087979999907,42.3734710002835],[-83.1085069997376,42.3730310000408],[-83.1046350003516,42.3672840000038],[-83.1101610002966,42.365183999678],[-83.1134279996101,42.3639569996693],[-83.1176310003305,42.3701500001161],[-83.1143580002709,42.3713799997345]]]},"properties":{"GEOID":"26163533200","STATE":"26","COUNTY":"163","TRACT":"533200","NAME":"Census Tract 5332"}},{"type":"Feature","geometry":{"type":"Polygon","coordinates":[[[-83.1253850000465,42.3980149998348],[-83.1157769997549,42.4015870000644],[-83.1120889995937,42.4030309998965],[-83.1091190003811,42.398748999761],[-83.109048000236,42.3985850003307],[-83.1097789998069,42.3983370002811],[-83.1131949999816,42.396298999955],[-83.1220299999712,42.3930190002207],[-83.1235870004458,42.3953360000639],[-83.1253850000465,42.3980149998348]]]},"properties":{"GEOID":"26163531700","STATE":"26","COUNTY":"163","TRACT":"531700","NAME":"Census Tract 5317"}},{"type":"Feature","geometry":{"type":"Polygon","coordinates":[[[-83.0763009999216,42.4018899998819],[-83.072743000355,42.4031770001316],[-83.0724770002162,42.403295999813],[-83.0692180004003,42.4045179999252],[-83.0676269995905,42.4051049997377],[-83.064284000109,42.4063340002246],[-83.0616420000612,42.4023690000105],[-83.0598419999124,42.3998060002942],[-83.0648149996634,42.3979780000939],[-83.068271999846,42.3967049997532],[-83.0711919997282,42.3956049996849],[-83.0737700002019,42.3987859997107],[-83.0763009999216,42.4018899998819]]]},"properties":{"GEOID":"26163552100","STATE":"26","COUNTY":"163","TRACT":"552100","NAME":"Census Tract 5521"}},{"type":"Feature","geometry":{"type":"Polygon","coordinates":[[[-83.124856000142,42.3373249999153],[-83.1199999996685,42.3393129997118],[-83.1183610000764,42.3403229999334],[-83.1151249998268,42.3430280001342],[-83.1129289998428,42.3447019997827],[-83.111163999854,42.3457710000314],[-83.1094340000253,42.3466070002351],[-83.1037530002697,42.3389770000167],[-83.1105660003525,42.3366530000618],[-83.1117959996907,42.336223000056],[-83.12133799986,42.3324850003029],[-83.124856000142,42.3373249999153]]]},"properties":{"GEOID":"26163525400","STATE":"26","COUNTY":"163","TRACT":"525400","NAME":"Census Tract 5254"}},{"type":"Feature","geometry":{"type":"Polygon","coordinates":[[[-83.068014999928,42.3432239997751],[-83.0629729996817,42.344885999984],[-83.0601330001655,42.3457880001804],[-83.057876999907,42.3473810003079],[-83.0529100000038,42.3399859996755],[-83.0560690002605,42.3385900002358],[-83.0585239998123,42.337008000152],[-83.0594209999629,42.3366000000841],[-83.0599480002175,42.3363899998083],[-83.0642659996674,42.3354380001217],[-83.0649989997864,42.3366390002099],[-83.068014999928,42.3432239997751]]]},"properties":{"GEOID":"26163522500","STATE":"26","COUNTY":"163","TRACT":"522500","NAME":"Census Tract 5225"}},{"type":"Feature","geometry":{"type":"Polygon","coordinates":[[[-83.2351049997785,42.3358339998279],[-83.2326429996557,42.3358970002757],[-83.2254119999964,42.3360030000434],[-83.2159369997742,42.336127999828],[-83.2154150004407,42.3361350001433],[-83.2153550001663,42.3289450001736],[-83.21558500032,42.3289410002003],[-83.2250289996818,42.3288149999163],[-83.2277069997146,42.3323769997088],[-83.2324500002102,42.3308699997916],[-83.2349809999299,42.3298300001228],[-83.2351049997785,42.3358339998279]]]},"properties":{"GEOID":"26163545700","STATE":"26","COUNTY":"163","TRACT":"545700","NAME":"Census Tract 5457"}},{"type":"Feature","geometry":{"type":"Polygon","coordinates":[[[-83.2169310000091,42.3788029999035],[-83.2086369996196,42.3789859997786],[-83.1980440002123,42.3792319999343],[-83.1979909996105,42.3782429999716],[-83.1977570001571,42.3770559998827],[-83.1975599996153,42.372560000018],[-83.2023290000501,42.3724950002138],[-83.2059779998534,42.3724550003008],[-83.2144339997263,42.3722940002608],[-83.2165850004027,42.3722569999583],[-83.2168730002828,42.378245000049],[-83.2169310000091,42.3788029999035]]]},"properties":{"GEOID":"26163545100","STATE":"26","COUNTY":"163","TRACT":"545100","NAME":"Census Tract 5451"}},{"type":"Feature","geometry":{"type":"Polygon","coordinates":[[[-83.0558609998481,42.3482670002712],[-83.0536049995897,42.3492299997858],[-83.0518880001798,42.3497280001507],[-83.0478209999018,42.3512180002602],[-83.0444139999479,42.3459309997679],[-83.0437989998297,42.3435930002494],[-83.0486820000673,42.3418309997142],[-83.0529100000038,42.3399859996755],[-83.057876999907,42.3473810003079],[-83.0558609998481,42.3482670002712]]]},"properties":{"GEOID":"26163517300","STATE":"26","COUNTY":"163","TRACT":"517300","NAME":"Census Tract 5173"}},{"type":"Feature","geometry":{"type":"Polygon","coordinates":[[[-83.0132400000017,42.3643480003132],[-83.004153000117,42.3677609996743],[-83.0011470000211,42.3635879999262],[-82.997938000434,42.3591720000399],[-82.9986029998826,42.3589089997247],[-83.0074629999866,42.3556040001462],[-83.0088580000795,42.3577179998661],[-83.0104339999224,42.3601089998711],[-83.0132400000017,42.3643480003132]]]},"properties":{"GEOID":"26163515200","STATE":"26","COUNTY":"163","TRACT":"515200","NAME":"Census Tract 5152"}},{"type":"Feature","geometry":{"type":"Polygon","coordinates":[[[-83.2175500003253,42.3867120000996],[-83.2089649996827,42.3868449997732],[-83.2078650000409,42.386868000162],[-83.1981699997106,42.3870520003158],[-83.1980440002123,42.3792319999343],[-83.2086369996196,42.3789859997786],[-83.2169310000091,42.3788029999035],[-83.2175500003253,42.3867120000996]]]},"properties":{"GEOID":"26163542600","STATE":"26","COUNTY":"163","TRACT":"542600","NAME":"Census Tract 5426"}},{"type":"Feature","geometry":{"type":"Polygon","coordinates":[[[-82.994119999678,42.3720459998616],[-82.9865380003894,42.3755249998671],[-82.9785710002381,42.379144999868],[-82.9736250002512,42.3715809999579],[-82.9816750002433,42.3686670002287],[-82.9894990002795,42.36563700026],[-82.994119999678,42.3720459998616]]]},"properties":{"GEOID":"26163513900","STATE":"26","COUNTY":"163","TRACT":"513900","NAME":"Census Tract 5139"}},{"type":"Feature","geometry":{"type":"Polygon","coordinates":[[[-83.0720880000538,42.3516229996853],[-83.0700579997512,42.3522899999351],[-83.0676190000929,42.3530270000593],[-83.0657779999362,42.3497970002499],[-83.065161999993,42.3487180003046],[-83.0644170001784,42.3474179999912],[-83.0629729996817,42.344885999984],[-83.068014999928,42.3432239997751],[-83.0680779996772,42.3433599997089],[-83.0691899999129,42.3459220001006],[-83.0710519999861,42.349799999733],[-83.0720880000538,42.3516229996853]]]},"properties":{"GEOID":"26163520400","STATE":"26","COUNTY":"163","TRACT":"520400","NAME":"Census Tract 5204"}},{"type":"Feature","geometry":{"type":"Polygon","coordinates":[[[-83.12133799986,42.3324850003029],[-83.1117959996907,42.336223000056],[-83.1105660003525,42.3366530000618],[-83.1037530002697,42.3389770000167],[-83.1016529996468,42.3358349998777],[-83.1005639998757,42.3345569996721],[-83.1028290003549,42.331296000049],[-83.1067900003277,42.3253620000722],[-83.1153109995996,42.324194999856],[-83.1167480004236,42.3261709998167],[-83.1203379997773,42.3311119999239],[-83.12133799986,42.3324850003029]]]},"properties":{"GEOID":"26163525900","STATE":"26","COUNTY":"163","TRACT":"525900","NAME":"Census Tract 5259"}},{"type":"Feature","geometry":{"type":"Polygon","coordinates":[[[-83.0511440001901,42.372758000069],[-83.0501399999094,42.3730959999539],[-83.0417860001438,42.3761369999435],[-83.0349990000002,42.3786489997731],[-83.0338759998938,42.3792789996683],[-83.0330159995532,42.3786059996994],[-83.027655000363,42.3704730003187],[-83.0358569997927,42.3674920002025],[-83.0466340002213,42.3635799997404],[-83.0522610004487,42.3720490002736],[-83.0511440001901,42.372758000069]]]},"properties":{"GEOID":"26163519100","STATE":"26","COUNTY":"163","TRACT":"519100","NAME":"Census Tract 5191"}},{"type":"Feature","geometry":{"type":"Polygon","coordinates":[[[-83.2685090000439,42.4431560000396],[-83.2588670003154,42.443403000214],[-83.2585719998643,42.4363549997494],[-83.2582920003802,42.4291200002864],[-83.2678570001157,42.4291700001271],[-83.2681559998664,42.4362509997854],[-83.2684699996858,42.4429949997183],[-83.2685090000439,42.4431560000396]]]},"properties":{"GEOID":"26163541500","STATE":"26","COUNTY":"163","TRACT":"541500","NAME":"Census Tract 5415"}},{"type":"Feature","geometry":{"type":"Polygon","coordinates":[[[-83.2582920003802,42.4291200002864],[-83.2498239999134,42.4293089999786],[-83.2495000000482,42.424250999843],[-83.2491999995743,42.4189390002988],[-83.2489519998771,42.4148870000612],[-83.2533649997615,42.4148129998976],[-83.2574780000703,42.4147359999482],[-83.2576429999267,42.4164889997281],[-83.2581040000592,42.4213140001753],[-83.2582920003802,42.4291200002864]]]},"properties":{"GEOID":"26163541200","STATE":"26","COUNTY":"163","TRACT":"541200","NAME":"Census Tract 5412"}},{"type":"Feature","geometry":{"type":"Polygon","coordinates":[[[-83.0949290001507,42.4468620001103],[-83.0946999998219,42.4468650002602],[-83.0902469997545,42.4469939999394],[-83.088295000168,42.4470479998495],[-83.0833929996638,42.4471530000572],[-83.0831530003626,42.4461189998909],[-83.0788120004482,42.440066999984],[-83.0819039998595,42.4400150001205],[-83.0831199998523,42.440136999987],[-83.087958999709,42.4399549998165],[-83.0951989995892,42.4397439999043],[-83.0949290001507,42.4468620001103]]]},"properties":{"GEOID":"26163507500","STATE":"26","COUNTY":"163","TRACT":"507500","NAME":"Census Tract 5075"}},{"type":"Feature","geometry":{"type":"Polygon","coordinates":[[[-83.0824570000535,42.423300999751],[-83.0680609999588,42.4234660001997],[-83.0671529999376,42.4237889999616],[-83.0636110002645,42.4186530002585],[-83.0822500003642,42.4184320002985],[-83.0824570000535,42.423300999751]]]},"properties":{"GEOID":"26163507200","STATE":"26","COUNTY":"163","TRACT":"507200","NAME":"Census Tract 5072"}},{"type":"Feature","geometry":{"type":"Polygon","coordinates":[[[-83.1382549996287,42.2718849996765],[-83.1385330003614,42.2744510001618],[-83.1343029998768,42.2733679997867],[-83.1343999999612,42.2730379998747],[-83.1298540000074,42.2709649999537],[-83.1258529998517,42.269150999711],[-83.1297910002582,42.2647829997137],[-83.1311570000388,42.2631550000496],[-83.1334009997034,42.260504000231],[-83.1345620003429,42.2610349998638],[-83.1375469996241,42.2616649997018],[-83.1419169998507,42.2625699999396],[-83.1382549996287,42.2718849996765]]]},"properties":{"GEOID":"26163579200","STATE":"26","COUNTY":"163","TRACT":"579200","NAME":"Census Tract 5792"}},{"type":"Feature","geometry":{"type":"Polygon","coordinates":[[[-83.2003859997861,42.4423430001698],[-83.1943719999445,42.4378300002846],[-83.1871580000036,42.4308210002073],[-83.1899210004253,42.4307240000645],[-83.1998739996,42.4304220001624],[-83.200178000272,42.4376239999499],[-83.2003859997861,42.4423430001698]]]},"properties":{"GEOID":"26163539700","STATE":"26","COUNTY":"163","TRACT":"539700","NAME":"Census Tract 5397"}},{"type":"Feature","geometry":{"type":"Polygon","coordinates":[[[-83.1712649997088,42.4455449999927],[-83.1615159998502,42.4457939999419],[-83.1612270001452,42.438854000015],[-83.1656709999917,42.4389190000475],[-83.1709919998973,42.4384329997631],[-83.1712649997088,42.4455449999927]]]},"properties":{"GEOID":"26163539100","STATE":"26","COUNTY":"163","TRACT":"539100","NAME":"Census Tract 5391"}},{"type":"Feature","geometry":{"type":"Polygon","coordinates":[[[-83.0031589998821,42.4202450002141],[-82.9989769999764,42.4217490001613],[-82.9848889998533,42.4267899998135],[-82.983068999613,42.426929000301],[-82.9873810001133,42.4203700001959],[-82.9894819996627,42.4171540000726],[-82.9950980000194,42.4085760001484],[-82.9957290000312,42.4088069998498],[-82.9999979999755,42.4153239997583],[-83.0031589998821,42.4202450002141]]]},"properties":{"GEOID":"26163505400","STATE":"26","COUNTY":"163","TRACT":"505400","NAME":"Census Tract 5054"}},{"type":"Feature","geometry":{"type":"Polygon","coordinates":[[[-83.1993160002815,42.4159829999156],[-83.1944470002876,42.4162140001923],[-83.1895549998291,42.4164590002594],[-83.1851749995567,42.4165249997348],[-83.1848459996687,42.409194999857],[-83.1892329996138,42.4090550003021],[-83.1941839996235,42.4088969999079],[-83.1990169996325,42.4087530001508],[-83.1993160002815,42.4159829999156]]]},"properties":{"GEOID":"26163537600","STATE":"26","COUNTY":"163","TRACT":"537600","NAME":"Census Tract 5376"}},{"type":"Feature","geometry":{"type":"Polygon","coordinates":[[[-83.1700040004085,42.4144179999398],[-83.1660020004279,42.4106469998395],[-83.161889999944,42.4064139999727],[-83.1598239996564,42.4053239996881],[-83.1596880001123,42.4025149997962],[-83.1694019998107,42.4022289998152],[-83.1695869997587,42.4058629999626],[-83.169768000407,42.4095350003178],[-83.1700040004085,42.4144179999398]]]},"properties":{"GEOID":"26163536800","STATE":"26","COUNTY":"163","TRACT":"536800","NAME":"Census Tract 5368"}},{"type":"Feature","geometry":{"type":"Polygon","coordinates":[[[-82.9793560002356,42.412158000315],[-82.9765359999126,42.4131369997119],[-82.9710970000062,42.4149940000091],[-82.9709739999826,42.4148019999106],[-82.9645890004202,42.4046629997354],[-82.964298000167,42.4038219997533],[-82.9649369996764,42.4036110002603],[-82.9731060003924,42.4015950000521],[-82.9763309998731,42.4073850002315],[-82.9792370004099,42.4119729999825],[-82.9793560002356,42.412158000315]]]},"properties":{"GEOID":"26163504200","STATE":"26","COUNTY":"163","TRACT":"504200","NAME":"Census Tract 5042"}},{"type":"Feature","geometry":{"type":"Polygon","coordinates":[[[-83.3292800002685,42.2876869998273],[-83.3099070002248,42.2909670000349],[-83.3095640000931,42.2827310000195],[-83.3093110003731,42.2755049998775],[-83.3287510003639,42.2751060003211],[-83.3289370001368,42.2798670003137],[-83.3290340002212,42.2823269998442],[-83.3292800002685,42.2876869998273]]]},"properties":{"GEOID":"26163570800","STATE":"26","COUNTY":"163","TRACT":"570800","NAME":"Census Tract 5708"}},{"type":"Feature","geometry":{"type":"Polygon","coordinates":[[[-83.1829729997249,42.3729350002297],[-83.1767699997374,42.3730580000026],[-83.1730730002536,42.3731250001283],[-83.1681549998558,42.3732300000527],[-83.1680850004339,42.3710409997529],[-83.1679280000751,42.3659980000378],[-83.1728139997875,42.365896000013],[-83.176500000299,42.3658169999581],[-83.1777239997893,42.3657930002494],[-83.1824739999576,42.3656879998396],[-83.1829729997249,42.3729350002297]]]},"properties":{"GEOID":"26163535100","STATE":"26","COUNTY":"163","TRACT":"535100","NAME":"Census Tract 5351"}},{"type":"Feature","geometry":{"type":"Polygon","coordinates":[[[-82.9249419999843,42.407850999854],[-82.918581999638,42.4102040002232],[-82.9125569999257,42.4123900002475],[-82.9149350003829,42.4072659996834],[-82.9171349996665,42.4028479997989],[-82.9187080000347,42.399557000064],[-82.9191180001135,42.3989260002912],[-82.9218670002915,42.3951719996749],[-82.9223989996707,42.3948289996684],[-82.9298300002449,42.4060750000999],[-82.9249419999843,42.407850999854]]]},"properties":{"GEOID":"26163501700","STATE":"26","COUNTY":"163","TRACT":"501700","NAME":"Census Tract 5017"}},{"type":"Feature","geometry":{"type":"Polygon","coordinates":[[[-83.1466369998818,42.3810330001792],[-83.1393169996357,42.3811849997877],[-83.1392210002745,42.3788179996849],[-83.1391090001216,42.3761400001602],[-83.1389080002801,42.3713319999129],[-83.1387509999213,42.3673980003128],[-83.1431970003159,42.3692999999251],[-83.1449709996272,42.3711530002409],[-83.1460140002659,42.3735280001588],[-83.1461780002975,42.3760120000797],[-83.1461380001145,42.3796719998648],[-83.1466369998818,42.3810330001792]]]},"properties":{"GEOID":"26163534100","STATE":"26","COUNTY":"163","TRACT":"534100","NAME":"Census Tract 5341"}},{"type":"Feature","geometry":{"type":"Polygon","coordinates":[[[-83.1301050000776,42.3581519996748],[-83.1244710001775,42.3602930001108],[-83.1222269996147,42.3611460003085],[-83.1107989999811,42.356125000161],[-83.112481999954,42.3556849998981],[-83.1193510001134,42.3530740001507],[-83.1226609999829,42.3518300001541],[-83.1256589996829,42.3518820001133],[-83.1301050000776,42.3581519996748]]]},"properties":{"GEOID":"26163533600","STATE":"26","COUNTY":"163","TRACT":"533600","NAME":"Census Tract 5336"}},{"type":"Feature","geometry":{"type":"Polygon","coordinates":[[[-83.1131949999816,42.396298999955],[-83.1097789998069,42.3983370002811],[-83.109048000236,42.3985850003307],[-83.1059059996976,42.3931009999647],[-83.1022779998108,42.3880839997797],[-83.1021149996042,42.3878420000112],[-83.1001730000634,42.3850580000498],[-83.0987009999776,42.3838639997574],[-83.0988890002986,42.3837870003056],[-83.1034279996813,42.3820909998002],[-83.1073169996841,42.3877990002618],[-83.1101999997563,42.3919599998398],[-83.1131949999816,42.396298999955]]]},"properties":{"GEOID":"26163531900","STATE":"26","COUNTY":"163","TRACT":"531900","NAME":"Census Tract 5319"}},{"type":"Feature","geometry":{"type":"Polygon","coordinates":[[[-82.9776959998289,42.435077000218],[-82.9728069997434,42.442500999819],[-82.9657550001842,42.4426769998487],[-82.9560020001277,42.4428630000809],[-82.9557760001719,42.4355799997251],[-82.9620310000379,42.4355210002674],[-82.965472000327,42.4354230003149],[-82.9752799997368,42.4351330000451],[-82.9776959998289,42.435077000218]]]},"properties":{"GEOID":"26163500300","STATE":"26","COUNTY":"163","TRACT":"500300","NAME":"Census Tract 5003"}},{"type":"Feature","geometry":{"type":"Polygon","coordinates":[[[-83.3093110003731,42.2755049998775],[-83.3044220002877,42.2755839997432],[-83.2995199997834,42.2756779999761],[-83.2897759999477,42.2758960001888],[-83.2895349999233,42.2686850001351],[-83.2980240003065,42.2684860002523],[-83.2990650003971,42.2684619999568],[-83.3089990002036,42.268230000174],[-83.3093110003731,42.2755049998775]]]},"properties":{"GEOID":"26163572500","STATE":"26","COUNTY":"163","TRACT":"572500","NAME":"Census Tract 5725"}},{"type":"Feature","geometry":{"type":"Polygon","coordinates":[[[-83.1251080000371,42.3811809998201],[-83.1162089995751,42.3844799999342],[-83.1145030000359,42.3820619997848],[-83.1127990001465,42.3796100001729],[-83.1217870002969,42.3762730003304],[-83.1222540002772,42.3769600002517],[-83.1234479996303,42.3787250001863],[-83.1251080000371,42.3811809998201]]]},"properties":{"GEOID":"26163531400","STATE":"26","COUNTY":"163","TRACT":"531400","NAME":"Census Tract 5314"}},{"type":"Feature","geometry":{"type":"Polygon","coordinates":[[[-83.1217870002969,42.3762730003304],[-83.1127990001465,42.3796100001729],[-83.1122860001355,42.3787989997842],[-83.1087979999907,42.3734710002835],[-83.1143580002709,42.3713799997345],[-83.1176310003305,42.3701500001161],[-83.1217870002969,42.3762730003304]]]},"properties":{"GEOID":"26163531100","STATE":"26","COUNTY":"163","TRACT":"531100","NAME":"Census Tract 5311"}},{"type":"Feature","geometry":{"type":"Polygon","coordinates":[[[-83.1497879997426,42.3402949998685],[-83.1484310001829,42.3446879997309],[-83.14586199993,42.3447470003074],[-83.1451689999939,42.3413349997922],[-83.1436280003112,42.3392280001265],[-83.1434669997544,42.3392909998301],[-83.140744000414,42.3355069999682],[-83.1384119999876,42.3323149998251],[-83.1450359999245,42.3312580000529],[-83.1464259999946,42.3332130000344],[-83.1492570001883,42.337027000076],[-83.1509009998033,42.3388689999468],[-83.1497879997426,42.3402949998685]]]},"properties":{"GEOID":"26163526200","STATE":"26","COUNTY":"163","TRACT":"526200","NAME":"Census Tract 5262"}},{"type":"Feature","geometry":{"type":"Polygon","coordinates":[[[-83.0540230000644,42.4044400003187],[-83.0472569998372,42.40446000004],[-83.0425340003314,42.4044429998462],[-83.0424680002092,42.3974270002943],[-83.0423750003227,42.39312700012],[-83.0423019996295,42.3902140001808],[-83.0443560002216,42.3901809998792],[-83.0464140001133,42.3934470001804],[-83.0485900000058,42.3963830002202],[-83.0508710003786,42.3997540001999],[-83.0526749998271,42.4024349997194],[-83.0540230000644,42.4044400003187]]]},"properties":{"GEOID":"26163552400","STATE":"26","COUNTY":"163","TRACT":"552400","NAME":"Census Tract 5524"}},{"type":"Feature","geometry":{"type":"Polygon","coordinates":[[[-83.2472599996833,42.364540000151],[-83.2459469996062,42.3645589997193],[-83.2409949997715,42.3646219999236],[-83.236038999739,42.364704000253],[-83.2359530004235,42.357572999805],[-83.2408099998236,42.3574770002672],[-83.2468799997417,42.3573640002498],[-83.2472599996833,42.364540000151]]]},"properties":{"GEOID":"26163546600","STATE":"26","COUNTY":"163","TRACT":"546600","NAME":"Census Tract 5466"}},{"type":"Feature","geometry":{"type":"Polygon","coordinates":[[[-83.0760309995849,42.3590600000958],[-83.07014300014,42.3629199998267],[-83.0688149999942,42.3636010001428],[-83.0642869995838,42.3567849997577],[-83.0629939995981,42.354742999747],[-83.0653760002533,42.353738000312],[-83.0676190000929,42.3530270000593],[-83.0700579997512,42.3522899999351],[-83.0720880000538,42.3516229996853],[-83.0733960001081,42.3537700000866],[-83.0734759995757,42.3539279998551],[-83.0760309995849,42.3590600000958]]]},"properties":{"GEOID":"26163520200","STATE":"26","COUNTY":"163","TRACT":"520200","NAME":"Census Tract 5202"}},{"type":"Feature","geometry":{"type":"Polygon","coordinates":[[[-83.0348580004332,42.3485690000067],[-83.0332399998592,42.3486779998583],[-83.0303109997562,42.3498660002735],[-83.0286219999354,42.3479559997087],[-83.0263819995705,42.3471560001498],[-83.0256400001289,42.3459980002753],[-83.0259420002528,42.3450259999207],[-83.0265249996856,42.3442580002258],[-83.026405000035,42.3435899998063],[-83.0249470001929,42.3413790001094],[-83.0303950003201,42.3390349999776],[-83.0329510001542,42.3426899998262],[-83.0347320000365,42.3453619998248],[-83.0359039996483,42.3472160002707],[-83.0348580004332,42.3485690000067]]]},"properties":{"GEOID":"26163516900","STATE":"26","COUNTY":"163","TRACT":"516900","NAME":"Census Tract 5169"}},{"type":"Feature","geometry":{"type":"Polygon","coordinates":[[[-83.2185319999664,42.4083320000197],[-83.2087499995975,42.4085419999971],[-83.1990169996325,42.4087530001508],[-83.1986950003155,42.4015130001296],[-83.2029369995974,42.4014099997435],[-83.2084109996638,42.4012920001366],[-83.2183860003765,42.4011209996829],[-83.2187129997163,42.4083279997922],[-83.2185319999664,42.4083320000197]]]},"properties":{"GEOID":"26163542200","STATE":"26","COUNTY":"163","TRACT":"542200","NAME":"Census Tract 5422"}},{"type":"Feature","geometry":{"type":"Polygon","coordinates":[[[-83.0636110002645,42.4186530002585],[-83.0477179999696,42.4189679998545],[-83.0383390000069,42.4191690002475],[-83.0381249997467,42.4119729999825],[-83.0475139997551,42.411775000241],[-83.0587790000805,42.4115069998097],[-83.0614870002505,42.4155210001254],[-83.0636110002645,42.4186530002585]]]},"properties":{"GEOID":"26163511300","STATE":"26","COUNTY":"163","TRACT":"511300","NAME":"Census Tract 5113"}},{"type":"Feature","geometry":{"type":"Polygon","coordinates":[[[-83.0303109997562,42.3498660002735],[-83.0255720003569,42.3519259996878],[-83.017473999786,42.3550259997786],[-83.0121069998496,42.3469259998198],[-83.0184660003711,42.3441700002704],[-83.0247630000699,42.3414579996812],[-83.0249470001929,42.3413790001094],[-83.026405000035,42.3435899998063],[-83.0265249996856,42.3442580002258],[-83.0259420002528,42.3450259999207],[-83.0256400001289,42.3459980002753],[-83.0263819995705,42.3471560001498],[-83.0286219999354,42.3479559997087],[-83.0303109997562,42.3498660002735]]]},"properties":{"GEOID":"26163516700","STATE":"26","COUNTY":"163","TRACT":"516700","NAME":"Census Tract 5167"}},{"type":"Feature","geometry":{"type":"Polygon","coordinates":[[[-82.9964479999065,42.4065150002635],[-82.9934130003966,42.4072719997945],[-82.9875629996882,42.4093039999811],[-82.9863840004037,42.4073900000935],[-82.9851890003273,42.4054819997955],[-82.9831110003441,42.4022010001367],[-82.9821589999419,42.399484000089],[-82.9844019997816,42.3988210002168],[-82.9852439996805,42.3981030000096],[-82.9877660000778,42.3966380002419],[-82.9893210000043,42.3971790003118],[-82.9947619995605,42.4027450002777],[-82.9975040000657,42.4049090000969],[-82.9964479999065,42.4065150002635]]]},"properties":{"GEOID":"26163504400","STATE":"26","COUNTY":"163","TRACT":"504400","NAME":"Census Tract 5044"}},{"type":"Feature","geometry":{"type":"Polygon","coordinates":[[[-83.4873230004172,42.2717030001523],[-83.475832999961,42.2748309997894],[-83.4660570003382,42.2759939999716],[-83.4564540000695,42.2770609999664],[-83.4524620001346,42.2775740001092],[-83.4417509998282,42.2800529999466],[-83.4411380002581,42.2687290000712],[-83.4409859999221,42.2649189996761],[-83.4869180003612,42.2638989997871],[-83.4873230004172,42.2717030001523]]]},"properties":{"GEOID":"26163564900","STATE":"26","COUNTY":"163","TRACT":"564900","NAME":"Census Tract 5649"}},{"type":"Feature","geometry":{"type":"Polygon","coordinates":[[[-83.2192330002983,42.4300199999364],[-83.2127709998448,42.4301959998809],[-83.2073639997254,42.4303119997399],[-83.1998739996,42.4304220001624],[-83.1995880002681,42.4231549999363],[-83.2071369999447,42.4230099997703],[-83.2123470004205,42.4229110001593],[-83.2189579999387,42.4227849999462],[-83.2192330002983,42.4300199999364]]]},"properties":{"GEOID":"26163540300","STATE":"26","COUNTY":"163","TRACT":"540300","NAME":"Census Tract 5403"}},{"type":"Feature","geometry":{"type":"Polygon","coordinates":[[[-83.3783939996323,42.2957470000395],[-83.3711320000108,42.2958659999494],[-83.3638329996811,42.2960120001347],[-83.3492380002931,42.2964040001138],[-83.349095000178,42.2927900002377],[-83.3489389996441,42.2891860002508],[-83.3509460003805,42.2889539996687],[-83.3635709997403,42.2887829997353],[-83.376728000276,42.2885089998847],[-83.3780420001781,42.2884899999285],[-83.3783939996323,42.2957470000395]]]},"properties":{"GEOID":"26163568500","STATE":"26","COUNTY":"163","TRACT":"568500","NAME":"Census Tract 5685"}},{"type":"Feature","geometry":{"type":"Polygon","coordinates":[[[-83.0833929996638,42.4471530000572],[-83.0810369998462,42.4470549997363],[-83.0710460001383,42.4471749999458],[-83.0638770004033,42.4472580000888],[-83.0616780000462,42.4473180000279],[-83.0598620000038,42.4473660000703],[-83.0540570003996,42.447506999858],[-83.0536880003286,42.4407270003142],[-83.0536399997498,42.4405190001407],[-83.0581670003353,42.4404359996875],[-83.061363000402,42.4403709999028],[-83.063555000188,42.440327999692],[-83.0706390004325,42.4402069999117],[-83.0788120004482,42.440066999984],[-83.0831530003626,42.4461189998909],[-83.0833929996638,42.4471530000572]]]},"properties":{"GEOID":"26163506800","STATE":"26","COUNTY":"163","TRACT":"506800","NAME":"Census Tract 5068"}},{"type":"Feature","geometry":{"type":"Polygon","coordinates":[[[-83.338985999571,42.2859999997995],[-83.3292800002685,42.2876869998273],[-83.3290340002212,42.2823269998442],[-83.3289370001368,42.2798670003137],[-83.3287510003639,42.2751060003211],[-83.3375999996989,42.2749649999688],[-83.3385739998424,42.2750309999326],[-83.3387360002241,42.2797229998134],[-83.338985999571,42.2859999997995]]]},"properties":{"GEOID":"26163570600","STATE":"26","COUNTY":"163","TRACT":"570600","NAME":"Census Tract 5706"}},{"type":"Feature","geometry":{"type":"Polygon","coordinates":[[[-83.062926999651,42.4068340001272],[-83.0606960004052,42.4076509998992],[-83.0570709999931,42.40898099989],[-83.0569170000073,42.4087519999349],[-83.0540230000644,42.4044400003187],[-83.0526749998271,42.4024349997194],[-83.0563160001328,42.4010950001861],[-83.0598419999124,42.3998060002942],[-83.0616420000612,42.4023690000105],[-83.064284000109,42.4063340002246],[-83.062926999651,42.4068340001272]]]},"properties":{"GEOID":"26163552000","STATE":"26","COUNTY":"163","TRACT":"552000","NAME":"Census Tract 552"}},{"type":"Feature","geometry":{"type":"Polygon","coordinates":[[[-83.2165850004027,42.3722569999583],[-83.2144339997263,42.3722940002608],[-83.2059779998534,42.3724550003008],[-83.2023290000501,42.3724950002138],[-83.1975599996153,42.372560000018],[-83.1973639997967,42.3678489997869],[-83.1972859999789,42.3653650002541],[-83.2026670001589,42.3652929999187],[-83.2093770003097,42.365178000189],[-83.2149469997373,42.3650810000745],[-83.216567999786,42.365259000211],[-83.2165850004027,42.3722569999583]]]},"properties":{"GEOID":"26163545200","STATE":"26","COUNTY":"163","TRACT":"545200","NAME":"Census Tract 5452"}},{"type":"Feature","geometry":{"type":"Polygon","coordinates":[[[-83.2581740003794,42.2018039999071],[-83.2579600001191,42.2023070002843],[-83.2556960003631,42.2051100000713],[-83.2483989996832,42.2055200000048],[-83.2481509999861,42.1980350000578],[-83.2580739999219,42.1977829998805],[-83.2581740003794,42.2018039999071]]]},"properties":{"GEOID":"26163982400","STATE":"26","COUNTY":"163","TRACT":"982400","NAME":"Census Tract 9824"}},{"type":"Feature","geometry":{"type":"Polygon","coordinates":[[[-83.2617579998853,42.4002600002565],[-83.2568329998148,42.4002900001763],[-83.2426800002927,42.4005859998544],[-83.2405620001265,42.4006199996742],[-83.2402769997211,42.3934099997365],[-83.2468270000383,42.393267000057],[-83.2465919998616,42.3856100002113],[-83.2561919997573,42.3856159997393],[-83.2587819999266,42.3856899998417],[-83.2613140003696,42.3857879998968],[-83.261519000409,42.393033999923],[-83.2617579998853,42.4002600002565]]]},"properties":{"GEOID":"26163544800","STATE":"26","COUNTY":"163","TRACT":"544800","NAME":"Census Tract 5448"}},{"type":"Feature","geometry":{"type":"Polygon","coordinates":[[[-83.2464110001117,42.3789810003076],[-83.2383490004241,42.3789990001265],[-83.2365590003209,42.3787179999687],[-83.2362570001972,42.3718910002762],[-83.236038999739,42.364704000253],[-83.2409949997715,42.3646219999236],[-83.2459469996062,42.3645589997193],[-83.2462279998136,42.3718290002022],[-83.2464110001117,42.3789810003076]]]},"properties":{"GEOID":"26163547000","STATE":"26","COUNTY":"163","TRACT":"547000","NAME":"Census Tract 547"}},{"type":"Feature","geometry":{"type":"Polygon","coordinates":[[[-83.1387509999213,42.3673980003128],[-83.1311679999095,42.3645300002361],[-83.1222269996147,42.3611460003085],[-83.1244710001775,42.3602930001108],[-83.1301050000776,42.3581519996748],[-83.1256589996829,42.3518820001133],[-83.1297600002961,42.3519599999716],[-83.1357029999926,42.3520719999563],[-83.1381819998338,42.35551100013],[-83.1382580000018,42.3563280001836],[-83.138392999721,42.3593699998084],[-83.1385919999126,42.3639769996798],[-83.1387409998755,42.3671700001516],[-83.1387509999213,42.3673980003128]]]},"properties":{"GEOID":"26163533800","STATE":"26","COUNTY":"163","TRACT":"533800","NAME":"Census Tract 5338"}},{"type":"Feature","geometry":{"type":"Polygon","coordinates":[[[-83.0580049999536,42.3928670000721],[-83.0557870002283,42.3936939998597],[-83.0519700001955,42.3951260003302],[-83.0485900000058,42.3963830002202],[-83.0464140001133,42.3934470001804],[-83.0513040000237,42.3868940002453],[-83.0556829995729,42.381145000101],[-83.061936999614,42.390409999946],[-83.0580049999536,42.3928670000721]]]},"properties":{"GEOID":"26163552801","STATE":"26","COUNTY":"163","TRACT":"552801","NAME":"Census Tract 5528.01"}},{"type":"Feature","geometry":{"type":"Polygon","coordinates":[[[-83.0239620001788,42.36483599983],[-83.0187380003576,42.3727280002623],[-83.0132400000017,42.3643480003132],[-83.0104339999224,42.3601089998711],[-83.0088580000795,42.3577179998661],[-83.0133470001318,42.3560969998317],[-83.017473999786,42.3550259997786],[-83.021613000034,42.3612910000902],[-83.0239620001788,42.36483599983]]]},"properties":{"GEOID":"26163519300","STATE":"26","COUNTY":"163","TRACT":"519300","NAME":"Census Tract 5193"}},{"type":"Feature","geometry":{"type":"Polygon","coordinates":[[[-83.1274420001133,42.3910119999001],[-83.1233530000941,42.3849290003005],[-83.1179280004314,42.3869329996866],[-83.1162089995751,42.3844799999342],[-83.1251080000371,42.3811809998201],[-83.1267430003295,42.383603999825],[-83.1308730003567,42.3897430003245],[-83.1274420001133,42.3910119999001]]]},"properties":{"GEOID":"26163531501","STATE":"26","COUNTY":"163","TRACT":"531501","NAME":"Census Tract 5315.01"}},{"type":"Feature","geometry":{"type":"Polygon","coordinates":[[[-83.124708000004,42.4465780000775],[-83.1174920004133,42.4467190003131],[-83.1126300000921,42.4467990002445],[-83.1078310004183,42.4410769998381],[-83.1067679996881,42.4394810003009],[-83.1009310002968,42.4323119998104],[-83.102380999743,42.4322770000893],[-83.1149809998867,42.4321330003112],[-83.1190849999746,42.4381330000387],[-83.11983900001,42.4392679999971],[-83.124708000004,42.4465780000775]]]},"properties":{"GEOID":"26163508000","STATE":"26","COUNTY":"163","TRACT":"508000","NAME":"Census Tract 508"}},{"type":"Feature","geometry":{"type":"Polygon","coordinates":[[[-83.1848459996687,42.409194999857],[-83.1794660002119,42.4093609998245],[-83.169768000407,42.4095350003178],[-83.1695869997587,42.4058629999626],[-83.1694019998107,42.4022289998152],[-83.179128999928,42.4020799997238],[-83.1845260000016,42.4019380002245],[-83.1848459996687,42.409194999857]]]},"properties":{"GEOID":"26163537000","STATE":"26","COUNTY":"163","TRACT":"537000","NAME":"Census Tract 537"}},{"type":"Feature","geometry":{"type":"Polygon","coordinates":[[[-83.0004199997499,42.3478680002822],[-82.9943260004407,42.3517569997811],[-82.9940250001418,42.3519530000904],[-82.9896039998615,42.3548999999783],[-82.9889929999412,42.3553790002135],[-82.9845890002777,42.358817000301],[-82.9788840002325,42.3630580001889],[-82.9733630003104,42.3553280002318],[-82.972020000096,42.3533589999375],[-82.9775839996758,42.3500820002905],[-82.9985660000727,42.3426140003003],[-83.0020790003318,42.3471579998892],[-83.0004199997499,42.3478680002822]]]},"properties":{"GEOID":"26163515700","STATE":"26","COUNTY":"163","TRACT":"515700","NAME":"Census Tract 5157"}},{"type":"Feature","geometry":{"type":"Polygon","coordinates":[[[-83.3089990002036,42.268230000174],[-83.2990650003971,42.2684619999568],[-83.2980240003065,42.2684860002523],[-83.2895349999233,42.2686850001351],[-83.2847110001352,42.2687880000883],[-83.27048300027,42.2691310001195],[-83.2701340002906,42.269140999916],[-83.2703839996375,42.2646209999915],[-83.2750080003074,42.2645039999331],[-83.2801989996183,42.2638979999237],[-83.2843470000871,42.2629540002386],[-83.2894019998539,42.2611219998394],[-83.2894110000748,42.2616379997714],[-83.2980750003601,42.2577369999604],[-83.299058999651,42.2571890003319],[-83.2991339999941,42.2615870002406],[-83.3087509996082,42.2609890000575],[-83.3089990002036,42.268230000174]]]},"properties":{"GEOID":"26163583101","STATE":"26","COUNTY":"163","TRACT":"583101","NAME":"Census Tract 5831.01"}},{"type":"Feature","geometry":{"type":"Polygon","coordinates":[[[-83.1805070003025,42.4310779998667],[-83.1754800001248,42.4311700001698],[-83.1706980001695,42.431249000207],[-83.1704379998785,42.4239930000706],[-83.170129000082,42.4166559997138],[-83.172060999577,42.4166409996896],[-83.172252000271,42.4166400002627],[-83.1790670000037,42.4238509997789],[-83.1871580000036,42.4308210002073],[-83.1805070003025,42.4310779998667]]]},"properties":{"GEOID":"26163539400","STATE":"26","COUNTY":"163","TRACT":"539400","NAME":"Census Tract 5394"}},{"type":"Feature","geometry":{"type":"Polygon","coordinates":[[[-82.9467289995719,42.3998749997915],[-82.9409569995796,42.4019919998197],[-82.9377210002283,42.3970500002625],[-82.9334310003675,42.3905009997],[-82.9346339999415,42.3900789999833],[-82.9361000001795,42.389596000157],[-82.9394159998968,42.3887709998569],[-82.9434799998017,42.3949380002063],[-82.9467289995719,42.3998749997915]]]},"properties":{"GEOID":"26163501900","STATE":"26","COUNTY":"163","TRACT":"501900","NAME":"Census Tract 5019"}},{"type":"Feature","geometry":{"type":"Polygon","coordinates":[[[-82.9343550002822,42.4188339998976],[-82.9335939996758,42.4193440001047],[-82.9315349999592,42.4211150000644],[-82.9276560000022,42.4260620000495],[-82.9271510003871,42.4257889999476],[-82.9179919996341,42.4220119999069],[-82.9163270001028,42.4213540001247],[-82.9173549997746,42.4199450003024],[-82.915034999942,42.4190069999218],[-82.9166839995798,42.4170089999555],[-82.9217419997197,42.4150340000109],[-82.9281809997087,42.412698999877],[-82.9330050003952,42.410924000272],[-82.9372280003087,42.4173329999013],[-82.9343550002822,42.4188339998976]]]},"properties":{"GEOID":"26163501500","STATE":"26","COUNTY":"163","TRACT":"501500","NAME":"Census Tract 5015"}},{"type":"Feature","geometry":{"type":"Polygon","coordinates":[[[-83.0543650003711,42.3610039998044],[-83.0466340002213,42.3635799997404],[-83.0405099998765,42.3543709997349],[-83.0382579998161,42.3552110000394],[-83.0358660000135,42.3515959998048],[-83.0320459996077,42.3524949999653],[-83.0348580004332,42.3485690000067],[-83.0359039996483,42.3472160002707],[-83.0413440002779,42.3401609999068],[-83.0435009999038,42.3425370000755],[-83.0437989998297,42.3435930002494],[-83.0444139999479,42.3459309997679],[-83.0478209999018,42.3512180002602],[-83.0542409996243,42.3608349997491],[-83.0543650003711,42.3610039998044]]]},"properties":{"GEOID":"26163518900","STATE":"26","COUNTY":"163","TRACT":"518900","NAME":"Census Tract 5189"}},{"type":"Feature","geometry":{"type":"Polygon","coordinates":[[[-83.2878030004448,42.4426829998862],[-83.2785170003685,42.4428639997528],[-83.2782629999253,42.4428679997659],[-83.2786389996689,42.4414740002802],[-83.2789580004095,42.4397559998775],[-83.2779640001746,42.4351640003187],[-83.2775609997684,42.42893899984],[-83.2873409995891,42.42855399968],[-83.2875270002603,42.4348819998965],[-83.2877699999345,42.4425239996928],[-83.2878030004448,42.4426829998862]]]},"properties":{"GEOID":"26163541800","STATE":"26","COUNTY":"163","TRACT":"541800","NAME":"Census Tract 5418"}},{"type":"Feature","geometry":{"type":"Polygon","coordinates":[[[-82.9856589997822,42.4492800000425],[-82.9783179996198,42.4494650003268],[-82.9710409999297,42.449665000145],[-82.9679379997494,42.4498360001427],[-82.9728069997434,42.442500999819],[-82.9780420003336,42.4423939997477],[-82.9854069998872,42.442204999739],[-82.9856589997822,42.4492800000425]]]},"properties":{"GEOID":"26163503100","STATE":"26","COUNTY":"163","TRACT":"503100","NAME":"Census Tract 5031"}},{"type":"Feature","geometry":{"type":"Polygon","coordinates":[[[-83.0907020000392,42.3637310001702],[-83.0898020004139,42.3641800002227],[-83.0866010003244,42.3653899997059],[-83.0818019997523,42.367196999978],[-83.0760309995849,42.3590600000958],[-83.0809930003636,42.3560370002221],[-83.0824799996197,42.3553749999301],[-83.0851159998197,42.354497999685],[-83.0851860001399,42.3546229998766],[-83.0880950001515,42.3597549997848],[-83.0910269997292,42.3636090003258],[-83.0907020000392,42.3637310001702]]]},"properties":{"GEOID":"26163522400","STATE":"26","COUNTY":"163","TRACT":"522400","NAME":"Census Tract 5224"}},{"type":"Feature","geometry":{"type":"Polygon","coordinates":[[[-83.170129000082,42.4166559997138],[-83.1603240001469,42.4169320000497],[-83.1601130002597,42.4121459997005],[-83.1600039995814,42.4097069999269],[-83.1598239996564,42.4053239996881],[-83.161889999944,42.4064139999727],[-83.1660020004279,42.4106469998395],[-83.1700040004085,42.4144179999398],[-83.172060999577,42.4166409996896],[-83.170129000082,42.4166559997138]]]},"properties":{"GEOID":"26163536200","STATE":"26","COUNTY":"163","TRACT":"536200","NAME":"Census Tract 5362"}},{"type":"Feature","geometry":{"type":"Polygon","coordinates":[[[-83.0003489996048,42.3808700002382],[-82.994119999678,42.3720459998616],[-82.9992969996436,42.3697139998715],[-83.0057890002344,42.3786810001329],[-83.0003489996048,42.3808700002382]]]},"properties":{"GEOID":"26163514500","STATE":"26","COUNTY":"163","TRACT":"514500","NAME":"Census Tract 5145"}},{"type":"Feature","geometry":{"type":"Polygon","coordinates":[[[-82.9544920004071,42.39702099986],[-82.9467289995719,42.3998749997915],[-82.9434799998017,42.3949380002063],[-82.9394159998968,42.3887709998569],[-82.9466440000814,42.3874689996923],[-82.9476990004157,42.3872999998429],[-82.9532570001477,42.3955849997947],[-82.9544920004071,42.39702099986]]]},"properties":{"GEOID":"26163502000","STATE":"26","COUNTY":"163","TRACT":"502000","NAME":"Census Tract 502"}},{"type":"Feature","geometry":{"type":"Polygon","coordinates":[[[-82.9649540002932,42.4188419996755],[-82.9634579999179,42.4208149996732],[-82.9624160000024,42.4208010000045],[-82.9574800000613,42.4187650000309],[-82.9538399995806,42.4172589999711],[-82.9522739997834,42.416610000203],[-82.9563290003659,42.4112059997023],[-82.9567429997443,42.4113689997943],[-82.9563419998863,42.4070730002263],[-82.9556120001404,42.4064679996953],[-82.9600540003371,42.4051330001102],[-82.9603289997984,42.4050480000068],[-82.964298000167,42.4038219997533],[-82.9645890004202,42.4046629997354],[-82.9647760000179,42.4148019999106],[-82.9649540002932,42.4188419996755]]]},"properties":{"GEOID":"26163501100","STATE":"26","COUNTY":"163","TRACT":"501100","NAME":"Census Tract 5011"}},{"type":"Feature","geometry":{"type":"Polygon","coordinates":[[[-83.1795409996567,42.2593059997079],[-83.1763820002982,42.2626509998286],[-83.1712709995566,42.2648359996802],[-83.1699070003241,42.2645769998473],[-83.1685189999039,42.2641870003092],[-83.1672639995531,42.2622810001199],[-83.1724449997166,42.2560549999012],[-83.1772969999921,42.2501170003282],[-83.1852349998311,42.2524659998545],[-83.1795409996567,42.2593059997079]]]},"properties":{"GEOID":"26163577100","STATE":"26","COUNTY":"163","TRACT":"577100","NAME":"Census Tract 5771"}},{"type":"Feature","geometry":{"type":"Polygon","coordinates":[[[-83.4086129997016,42.324025000219],[-83.399052000164,42.3242610000445],[-83.3891660000381,42.32444899988],[-83.3889109997699,42.3171899999277],[-83.3886689999206,42.3099619999313],[-83.398250000448,42.3097690003287],[-83.4080829999722,42.3095800000102],[-83.4084310001267,42.3168120001149],[-83.4086129997016,42.324025000219]]]},"properties":{"GEOID":"26163568000","STATE":"26","COUNTY":"163","TRACT":"568000","NAME":"Census Tract 568"}},{"type":"Feature","geometry":{"type":"Polygon","coordinates":[[[-83.0979069997592,42.3231610002613],[-83.0914810001889,42.3259140001453],[-83.0896149999178,42.3232869999149],[-83.0892330003264,42.3228609998809],[-83.0844689999144,42.316559000172],[-83.0856749998615,42.3158239997536],[-83.0910920000265,42.3136720002122],[-83.0931309996517,42.3164949999255],[-83.0958379999968,42.3202740003059],[-83.0979069997592,42.3231610002613]]]},"properties":{"GEOID":"26163523400","STATE":"26","COUNTY":"163","TRACT":"523400","NAME":"Census Tract 5234"}},{"type":"Feature","geometry":{"type":"Polygon","coordinates":[[[-83.0003489996048,42.3808700002382],[-82.9925029998273,42.3840039997854],[-82.9838500003109,42.3872660001048],[-82.9789169998445,42.3797260000391],[-82.9785710002381,42.379144999868],[-82.9865380003894,42.3755249998671],[-82.994119999678,42.3720459998616],[-83.0003489996048,42.3808700002382]]]},"properties":{"GEOID":"26163514100","STATE":"26","COUNTY":"163","TRACT":"514100","NAME":"Census Tract 5141"}},{"type":"Feature","geometry":{"type":"Polygon","coordinates":[[[-83.200755999682,42.2753190001137],[-83.1934139996946,42.283830999936],[-83.1880679996747,42.2813480001853],[-83.1869770002537,42.2808719998069],[-83.1850809998453,42.2804759998014],[-83.1832389998637,42.280601000233],[-83.1749500003954,42.2825620002729],[-83.1633700004258,42.2852629997383],[-83.1620220001885,42.2825330001882],[-83.1608940000593,42.2813030001666],[-83.1582400003159,42.2788440001616],[-83.1614870004362,42.274350999914],[-83.1651029997292,42.2700670002592],[-83.1699070003241,42.2645769998473],[-83.1712709995566,42.2648359996802],[-83.1753899997131,42.2659880000214],[-83.1810959995831,42.2696979999718],[-83.1840769995647,42.2713999999139],[-83.1846959998809,42.2706409999581],[-83.1908360001192,42.2702399999961],[-83.1919879996396,42.2710500000215],[-83.1951319998277,42.2724869997785],[-83.2012600003705,42.2746750001146],[-83.200755999682,42.2753190001137]]]},"properties":{"GEOID":"26163578600","STATE":"26","COUNTY":"163","TRACT":"578600","NAME":"Census Tract 5786"}},{"type":"Feature","geometry":{"type":"Polygon","coordinates":[[[-83.0946539997911,42.4324839999366],[-83.0828939998965,42.4329009997248],[-83.0825440000921,42.4253400001603],[-83.0824570000535,42.423300999751],[-83.0822500003642,42.4184320002985],[-83.08775000037,42.4182349997916],[-83.0931840002534,42.4249150001371],[-83.0940560002896,42.4266810002413],[-83.0946539997911,42.4324839999366]]]},"properties":{"GEOID":"26163507300","STATE":"26","COUNTY":"163","TRACT":"507300","NAME":"Census Tract 5073"}},{"type":"Feature","geometry":{"type":"Polygon","coordinates":[[[-83.3399279999274,42.3109860000597],[-83.330534999721,42.311240000261],[-83.3301310003883,42.3040249998357],[-83.3298280004395,42.2991939999463],[-83.3294319997061,42.2910819999517],[-83.3292800002685,42.2876869998273],[-83.338985999571,42.2859999997995],[-83.3396840004282,42.303821999698],[-83.3399279999274,42.3109860000597]]]},"properties":{"GEOID":"26163570500","STATE":"26","COUNTY":"163","TRACT":"570500","NAME":"Census Tract 5705"}},{"type":"Feature","geometry":{"type":"Polygon","coordinates":[[[-83.219540000445,42.4372369999133],[-83.2135099998115,42.4373429997498],[-83.2131790002738,42.4373490002981],[-83.2075930000543,42.4374629999988],[-83.200178000272,42.4376239999499],[-83.1998739996,42.4304220001624],[-83.2073639997254,42.4303119997399],[-83.2127709998448,42.4301959998809],[-83.2192330002983,42.4300199999364],[-83.219540000445,42.4372369999133]]]},"properties":{"GEOID":"26163540200","STATE":"26","COUNTY":"163","TRACT":"540200","NAME":"Census Tract 5402"}},{"type":"Feature","geometry":{"type":"Polygon","coordinates":[[[-83.1845260000016,42.4019380002245],[-83.179128999928,42.4020799997238],[-83.1694019998107,42.4022289998152],[-83.1690529998313,42.3950310002357],[-83.1689819996862,42.3935710000388],[-83.1761909996042,42.393375000193],[-83.1787149996512,42.3926989999685],[-83.17880000004,42.3948240001321],[-83.1842239998778,42.3946659997218],[-83.1845260000016,42.4019380002245]]]},"properties":{"GEOID":"26163537100","STATE":"26","COUNTY":"163","TRACT":"537100","NAME":"Census Tract 5371"}},{"type":"Feature","geometry":{"type":"Polygon","coordinates":[[[-83.1600039995814,42.4097069999269],[-83.1509550002299,42.4097980002196],[-83.150798999696,42.4097999999549],[-83.1459039997628,42.4098510001471],[-83.1405369998265,42.4099040000297],[-83.1403490004038,42.4049570001197],[-83.1403429996577,42.4048070002583],[-83.1402549997941,42.4026640001812],[-83.1505300000825,42.402577999735],[-83.1596880001123,42.4025149997962],[-83.1598239996564,42.4053239996881],[-83.1600039995814,42.4097069999269]]]},"properties":{"GEOID":"26163536300","STATE":"26","COUNTY":"163","TRACT":"536300","NAME":"Census Tract 5363"}},{"type":"Feature","geometry":{"type":"Polygon","coordinates":[[[-83.1686019997446,42.3852829998578],[-83.165552999991,42.3854480001334],[-83.1589790002827,42.3854230000391],[-83.1534640002083,42.3850830002895],[-83.1490300004076,42.3834399999672],[-83.1473139999243,42.3820059996714],[-83.1466369998818,42.3810330001792],[-83.1461380001145,42.3796719998648],[-83.1461780002975,42.3760120000797],[-83.1460140002659,42.3735280001588],[-83.1449709996272,42.3711530002409],[-83.1453749998583,42.3713099999548],[-83.1459449997707,42.3715469996714],[-83.1507200000533,42.3734679999394],[-83.1511419998277,42.3736350002973],[-83.1576300002205,42.3762530002529],[-83.1586880000296,42.3766780001964],[-83.1684519999567,42.3804910002826],[-83.1684569999796,42.3805929998321],[-83.1686019997446,42.3852829998578]]]},"properties":{"GEOID":"26163534200","STATE":"26","COUNTY":"163","TRACT":"534200","NAME":"Census Tract 5342"}},{"type":"Feature","geometry":{"type":"Polygon","coordinates":[[[-83.2743429999604,42.3568869999701],[-83.2659869996466,42.3570460002444],[-83.2656560001088,42.3570550003105],[-83.2651439999228,42.3517299999582],[-83.2648640004386,42.3489300002534],[-83.2642500001453,42.3427950001557],[-83.2640450001059,42.3416909999665],[-83.2731239995946,42.3414160000052],[-83.2734390001372,42.3461920001822],[-83.2738149998808,42.3514689999655],[-83.2743429999604,42.3568869999701]]]},"properties":{"GEOID":"26163571700","STATE":"26","COUNTY":"163","TRACT":"571700","NAME":"Census Tract 5717"}},{"type":"Feature","geometry":{"type":"Polygon","coordinates":[[[-82.9427860000408,42.4231739996726],[-82.9373820002945,42.4300899998906],[-82.9321950002833,42.4279679997544],[-82.9276560000022,42.4260620000495],[-82.9315349999592,42.4211150000644],[-82.9335939996758,42.4193440001047],[-82.9387410004024,42.4215229997784],[-82.9427860000408,42.4231739996726]]]},"properties":{"GEOID":"26163500800","STATE":"26","COUNTY":"163","TRACT":"500800","NAME":"Census Tract 5008"}},{"type":"Feature","geometry":{"type":"Polygon","coordinates":[[[-83.1859319999651,42.3292790000317],[-83.1808660003277,42.3293920000653],[-83.1762199999165,42.3292209997064],[-83.1725989997023,42.3292939996835],[-83.1709960000953,42.3294270000699],[-83.1701149998383,42.3296050002468],[-83.1664559999893,42.3296860002949],[-83.1662550001478,42.3249810001996],[-83.1723600002261,42.3232140002728],[-83.175947000105,42.3221669996822],[-83.1854709998327,42.3194089996719],[-83.1857029996363,42.3245619999559],[-83.1859319999651,42.3292790000317]]]},"properties":{"GEOID":"26163574000","STATE":"26","COUNTY":"163","TRACT":"574000","NAME":"Census Tract 574"}},{"type":"Feature","geometry":{"type":"Polygon","coordinates":[[[-83.0051849999868,42.448818999952],[-83.0026979997497,42.4489010003298],[-82.9941990002191,42.4490869999804],[-82.9856589997822,42.4492800000425],[-82.9854069998872,42.442204999739],[-82.9939320002554,42.4419730000783],[-83.004963000229,42.4416810002443],[-83.0051849999868,42.448818999952]]]},"properties":{"GEOID":"26163503200","STATE":"26","COUNTY":"163","TRACT":"503200","NAME":"Census Tract 5032"}},{"type":"Feature","geometry":{"type":"Polygon","coordinates":[[[-83.2005220002286,42.4448390000239],[-83.1907979995861,42.4451469998582],[-83.1870569997213,42.4452199997174],[-83.1810050002449,42.4453429996875],[-83.1712649997088,42.4455449999927],[-83.1709919998973,42.4384329997631],[-83.1807590001976,42.4383219997341],[-83.1867320000313,42.4380969998427],[-83.1903549998952,42.4379560000912],[-83.1943719999445,42.4378300002846],[-83.2003859997861,42.4423430001698],[-83.2033819998363,42.4447509997931],[-83.2005220002286,42.4448390000239]]]},"properties":{"GEOID":"26163539200","STATE":"26","COUNTY":"163","TRACT":"539200","NAME":"Census Tract 5392"}},{"type":"Feature","geometry":{"type":"Polygon","coordinates":[[[-83.1679280000751,42.3659980000378],[-83.1643239995794,42.3660709997977],[-83.1615819999725,42.3661270001834],[-83.1582090003538,42.3661939997378],[-83.1579630003065,42.3588870000623],[-83.1640969997987,42.3587160002519],[-83.1677270002337,42.3587339999045],[-83.1679280000751,42.3659980000378]]]},"properties":{"GEOID":"26163535700","STATE":"26","COUNTY":"163","TRACT":"535700","NAME":"Census Tract 5357"}},{"type":"Feature","geometry":{"type":"Polygon","coordinates":[[[-82.9567429997443,42.4113689997943],[-82.9563290003659,42.4112059997023],[-82.9522739997834,42.416610000203],[-82.9517929995595,42.4164100003225],[-82.9433960001361,42.412934999732],[-82.9485799997744,42.4090640002118],[-82.9503089997781,42.4080509998344],[-82.9556120001404,42.4064679996953],[-82.9563419998863,42.4070730002263],[-82.9567429997443,42.4113689997943]]]},"properties":{"GEOID":"26163501200","STATE":"26","COUNTY":"163","TRACT":"501200","NAME":"Census Tract 5012"}},{"type":"Feature","geometry":{"type":"Polygon","coordinates":[[[-83.1966089999364,42.3508900002639],[-83.1912870002059,42.3509920000859],[-83.1869110001314,42.3510789999789],[-83.1819340001825,42.351181000158],[-83.1771840000142,42.3512839999757],[-83.1770300000284,42.3476370000395],[-83.1768740003928,42.3439850000453],[-83.1766140001018,42.3385379999054],[-83.1764540002682,42.3349330003267],[-83.1764309998037,42.3343850000009],[-83.1771520002271,42.3349149998344],[-83.1864879996338,42.3419930000859],[-83.188825999908,42.3437620001952],[-83.1909420004244,42.3437339996699],[-83.1962880004443,42.343665000219],[-83.1966089999364,42.3508900002639]]]},"properties":{"GEOID":"26163573800","STATE":"26","COUNTY":"163","TRACT":"573800","NAME":"Census Tract 5738"}},{"type":"Feature","geometry":{"type":"Polygon","coordinates":[[[-83.2498239999134,42.4293089999786],[-83.2442600003335,42.4294420002062],[-83.2388659997347,42.429571999837],[-83.2385259999761,42.4223669998361],[-83.2383879998838,42.4192640002685],[-83.2382060003089,42.4151829998428],[-83.24357599972,42.4150300002108],[-83.2489519998771,42.4148870000612],[-83.2491999995743,42.4189390002988],[-83.2495000000482,42.424250999843],[-83.2498239999134,42.4293089999786]]]},"properties":{"GEOID":"26163541100","STATE":"26","COUNTY":"163","TRACT":"541100","NAME":"Census Tract 5411"}},{"type":"Feature","geometry":{"type":"Polygon","coordinates":[[[-83.2189579999387,42.4227849999462],[-83.2123470004205,42.4229110001593],[-83.2071369999447,42.4230099997703],[-83.1995880002681,42.4231549999363],[-83.1993160002815,42.4159829999156],[-83.2068819996766,42.41580699986],[-83.209034000178,42.4157629999347],[-83.2187119998915,42.4155530002579],[-83.2189579999387,42.4227849999462]]]},"properties":{"GEOID":"26163540400","STATE":"26","COUNTY":"163","TRACT":"540400","NAME":"Census Tract 5404"}},{"type":"Feature","geometry":{"type":"Polygon","coordinates":[[[-83.0587790000805,42.4115069998097],[-83.0475139997551,42.411775000241],[-83.0381249997467,42.4119729999825],[-83.0380360000582,42.4092879999808],[-83.040273999875,42.4062909998784],[-83.0380739996931,42.404319000244],[-83.0378889997451,42.4016340003093],[-83.0387590001315,42.4017830001332],[-83.0424680002092,42.3974270002943],[-83.0425340003314,42.4044429998462],[-83.0472569998372,42.40446000004],[-83.0540230000644,42.4044400003187],[-83.0569170000073,42.4087519999349],[-83.0570709999931,42.40898099989],[-83.0585599997973,42.4111849999648],[-83.0587790000805,42.4115069998097]]]},"properties":{"GEOID":"26163510600","STATE":"26","COUNTY":"163","TRACT":"510600","NAME":"Census Tract 5106"}},{"type":"Feature","geometry":{"type":"Polygon","coordinates":[[[-83.2006350002065,42.2282310001789],[-83.1945159998846,42.2284800000189],[-83.1810860004357,42.228868999772],[-83.1814830000958,42.2253370001072],[-83.1814639998292,42.2230710001808],[-83.1810110000926,42.2229030000039],[-83.1809419995974,42.2210809999505],[-83.1884009997606,42.2210850001229],[-83.1940930002853,42.2210339997359],[-83.2003890001592,42.2208509999255],[-83.2004739996497,42.2233539996699],[-83.2006350002065,42.2282310001789]]]},"properties":{"GEOID":"26163577900","STATE":"26","COUNTY":"163","TRACT":"577900","NAME":"Census Tract 5779"}},{"type":"Feature","geometry":{"type":"Polygon","coordinates":[[[-83.1615159998502,42.4457939999419],[-83.1519860002748,42.4460069999357],[-83.1509440003593,42.4460310001324],[-83.1472109999921,42.4461150000853],[-83.1420599999659,42.4462289997467],[-83.1417510001694,42.4388360001267],[-83.1506790000454,42.4386879998913],[-83.1508869995596,42.4386840002742],[-83.1612149995513,42.4385119999268],[-83.1612270001452,42.438854000015],[-83.1615159998502,42.4457939999419]]]},"properties":{"GEOID":"26163539000","STATE":"26","COUNTY":"163","TRACT":"539000","NAME":"Census Tract 539"}},{"type":"Feature","geometry":{"type":"Polygon","coordinates":[[[-83.0394169999074,42.4478740003088],[-83.0345189996011,42.4479360001654],[-83.0247449996282,42.4481590000192],[-83.0245010001291,42.4413409997309],[-83.0342979996682,42.4411200001977],[-83.0391929996015,42.4408240002227],[-83.0394169999074,42.4478740003088]]]},"properties":{"GEOID":"26163506100","STATE":"26","COUNTY":"163","TRACT":"506100","NAME":"Census Tract 5061"}},{"type":"Feature","geometry":{"type":"Polygon","coordinates":[[[-83.1958289999617,42.3346300000969],[-83.1905399998432,42.3347100002468],[-83.1861710003397,42.3347749999616],[-83.1771520002271,42.3349149998344],[-83.1764309998037,42.3343850000009],[-83.1701149998383,42.3296050002468],[-83.1709960000953,42.3294270000699],[-83.1725989997023,42.3292939996835],[-83.1762199999165,42.3292209997064],[-83.1808660003277,42.3293920000653],[-83.1859319999651,42.3292790000317],[-83.1955920001352,42.329190000209],[-83.1958289999617,42.3346300000969]]]},"properties":{"GEOID":"26163573300","STATE":"26","COUNTY":"163","TRACT":"573300","NAME":"Census Tract 5733"}},{"type":"Feature","geometry":{"type":"Polygon","coordinates":[[[-83.1983649997043,42.3926570000382],[-83.1883790000193,42.3886340001269],[-83.185420999604,42.3874439997394],[-83.1831090001673,42.3865150001602],[-83.1830559995656,42.382274000046],[-83.188128999774,42.3806639998826],[-83.1921469996482,42.3793680002541],[-83.1980440002123,42.3792319999343],[-83.1981699997106,42.3870520003158],[-83.1983420001381,42.3917500000884],[-83.1983649997043,42.3926570000382]]]},"properties":{"GEOID":"26163537300","STATE":"26","COUNTY":"163","TRACT":"537300","NAME":"Census Tract 5373"}},{"type":"Feature","geometry":{"type":"Polygon","coordinates":[[[-83.1851749995567,42.4165249997348],[-83.1798059999705,42.4165899997131],[-83.172252000271,42.4166400002627],[-83.172060999577,42.4166409996896],[-83.1700040004085,42.4144179999398],[-83.169768000407,42.4095350003178],[-83.1794660002119,42.4093609998245],[-83.1848459996687,42.409194999857],[-83.1851749995567,42.4165249997348]]]},"properties":{"GEOID":"26163536900","STATE":"26","COUNTY":"163","TRACT":"536900","NAME":"Census Tract 5369"}},{"type":"Feature","geometry":{"type":"Polygon","coordinates":[[[-82.9836069997383,42.4204530000355],[-82.9797400003752,42.4205450000169],[-82.9748210001525,42.4206579997517],[-82.9744140004467,42.4201100002988],[-82.9710970000062,42.4149940000091],[-82.9765359999126,42.4131369997119],[-82.9793560002356,42.412158000315],[-82.983589000195,42.4187460002849],[-82.9836069997383,42.4204530000355]]]},"properties":{"GEOID":"26163504000","STATE":"26","COUNTY":"163","TRACT":"504000","NAME":"Census Tract 504"}},{"type":"Feature","geometry":{"type":"Polygon","coordinates":[[[-83.3108670001245,42.3117089999661],[-83.3059599995974,42.3117890000371],[-83.3010570001666,42.3118690000064],[-83.3009140000514,42.3087329998799],[-83.3007249999056,42.3046389997146],[-83.3001650000389,42.2925460000898],[-83.3099070002248,42.2909670000349],[-83.3102329997397,42.2972719999747],[-83.3103159995804,42.2993280001379],[-83.3103359996718,42.2999719999762],[-83.3105249998177,42.304450999823],[-83.3108670001245,42.3117089999661]]]},"properties":{"GEOID":"26163570200","STATE":"26","COUNTY":"163","TRACT":"570200","NAME":"Census Tract 5702"}},{"type":"Feature","geometry":{"type":"Polygon","coordinates":[[[-83.3010570001666,42.3118690000064],[-83.2967920004202,42.3119459999141],[-83.2911080002915,42.3120499999936],[-83.2908649997189,42.3066339997291],[-83.2907760000304,42.3048209997747],[-83.2903989995636,42.2941780003076],[-83.3001650000389,42.2925460000898],[-83.3007249999056,42.3046389997146],[-83.3009140000514,42.3087329998799],[-83.3010570001666,42.3118690000064]]]},"properties":{"GEOID":"26163570100","STATE":"26","COUNTY":"163","TRACT":"570100","NAME":"Census Tract 5701"}},{"type":"Feature","geometry":{"type":"Polygon","coordinates":[[[-83.1774960001837,42.358547000017],[-83.1762900002367,42.3585729998784],[-83.1750490001295,42.3585960000023],[-83.1726260003648,42.3586429999116],[-83.1677270002337,42.3587339999045],[-83.1640969997987,42.3587160002519],[-83.1579630003065,42.3588870000623],[-83.1575249997402,42.3517160001438],[-83.1673930003228,42.3514989999664],[-83.1771840000142,42.3512839999757],[-83.1774960001837,42.358547000017]]]},"properties":{"GEOID":"26163535600","STATE":"26","COUNTY":"163","TRACT":"535600","NAME":"Census Tract 5356"}},{"type":"Feature","geometry":{"type":"Polygon","coordinates":[[[-82.9330050003952,42.410924000272],[-82.9281809997087,42.412698999877],[-82.9217419997197,42.4150340000109],[-82.9166839995798,42.4170089999555],[-82.915034999942,42.4190069999218],[-82.9173549997746,42.4199450003024],[-82.9163270001028,42.4213540001247],[-82.910427000064,42.4190230000954],[-82.91065100037,42.4171169996813],[-82.9109330004023,42.4160990002097],[-82.9125569999257,42.4123900002475],[-82.918581999638,42.4102040002232],[-82.9249419999843,42.407850999854],[-82.9298300002449,42.4060750000999],[-82.9330050003952,42.410924000272]]]},"properties":{"GEOID":"26163501600","STATE":"26","COUNTY":"163","TRACT":"501600","NAME":"Census Tract 5016"}},{"type":"Feature","geometry":{"type":"Polygon","coordinates":[[[-82.9603289997984,42.4050480000068],[-82.9600540003371,42.4051330001102],[-82.9556120001404,42.4064679996953],[-82.9503089997781,42.4080509998344],[-82.9485799997744,42.4090640002118],[-82.9482140000765,42.4090909999332],[-82.9460089998717,42.4097289996964],[-82.944126999707,42.4068500000901],[-82.9409569995796,42.4019919998197],[-82.9467289995719,42.3998749997915],[-82.9544920004071,42.39702099986],[-82.9575419999856,42.4011409997989],[-82.9581019998522,42.4017229997169],[-82.9602459999577,42.4049240002739],[-82.9603289997984,42.4050480000068]]]},"properties":{"GEOID":"26163501300","STATE":"26","COUNTY":"163","TRACT":"501300","NAME":"Census Tract 5013"}},{"type":"Feature","geometry":{"type":"Polygon","coordinates":[[[-83.1046350003516,42.3672840000038],[-83.0991429998435,42.3693720003138],[-83.0953419997043,42.3707660001073],[-83.0940250003275,42.3687650003055],[-83.0907020000392,42.3637310001702],[-83.0910269997292,42.3636090003258],[-83.0945120003992,42.3623129998681],[-83.0973810002278,42.36124800008],[-83.0999470001076,42.3603019997118],[-83.1046350003516,42.3672840000038]]]},"properties":{"GEOID":"26163533000","STATE":"26","COUNTY":"163","TRACT":"533000","NAME":"Census Tract 533"}},{"type":"Feature","geometry":{"type":"Polygon","coordinates":[[[-83.1395400001168,42.3864930002128],[-83.1386210002249,42.3867749999801],[-83.1308730003567,42.3897430003245],[-83.1267430003295,42.383603999825],[-83.1311949996736,42.3818639998709],[-83.1349170001701,42.3804540001644],[-83.1392210002745,42.3788179996849],[-83.1393169996357,42.3811849997877],[-83.1394310003368,42.383888999809],[-83.1395400001168,42.3864930002128]]]},"properties":{"GEOID":"26163530500","STATE":"26","COUNTY":"163","TRACT":"530500","NAME":"Census Tract 5305"}},{"type":"Feature","geometry":{"type":"Polygon","coordinates":[[[-83.14586199993,42.3447470003074],[-83.1395099999796,42.3448879997956],[-83.1377890003717,42.3449270000926],[-83.1370860003899,42.3440469997112],[-83.1329649996853,42.3386219997538],[-83.130310000117,42.3351540001587],[-83.1363470004231,42.3328550001449],[-83.1384119999876,42.3323149998251],[-83.140744000414,42.3355069999682],[-83.1434669997544,42.3392909998301],[-83.1436280003112,42.3392280001265],[-83.1451689999939,42.3413349997922],[-83.14586199993,42.3447470003074]]]},"properties":{"GEOID":"26163526300","STATE":"26","COUNTY":"163","TRACT":"526300","NAME":"Census Tract 5263"}},{"type":"Feature","geometry":{"type":"Polygon","coordinates":[[[-83.236038999739,42.364704000253],[-83.2263359999111,42.3648870000598],[-83.217929000442,42.3650529997535],[-83.2171800004295,42.3651970002281],[-83.216567999786,42.365259000211],[-83.2165810002048,42.3578449996906],[-83.2262120000626,42.357708999895],[-83.2359530004235,42.357572999805],[-83.236038999739,42.364704000253]]]},"properties":{"GEOID":"26163546700","STATE":"26","COUNTY":"163","TRACT":"546700","NAME":"Census Tract 5467"}},{"type":"Feature","geometry":{"type":"Polygon","coordinates":[[[-83.1107989999811,42.356125000161],[-83.1088430001966,42.3571329997232],[-83.1055650001141,42.3583509996937],[-83.1024009998345,42.3595260000917],[-83.0999470001076,42.3603019997118],[-83.0973810002278,42.36124800008],[-83.0945120003992,42.3623129998681],[-83.0910269997292,42.3636090003258],[-83.0880950001515,42.3597549997848],[-83.0851860001399,42.3546229998766],[-83.0851159998197,42.354497999685],[-83.0937180001808,42.351795000004],[-83.0955619998123,42.3512269998332],[-83.0989910004058,42.3501369998351],[-83.100548999807,42.3516440001007],[-83.1020939996878,42.3526530002837],[-83.1038279997144,42.3535329996891],[-83.1104099998186,42.3559370000816],[-83.1107989999811,42.356125000161]]]},"properties":{"GEOID":"26163522300","STATE":"26","COUNTY":"163","TRACT":"522300","NAME":"Census Tract 5223"}},{"type":"Feature","geometry":{"type":"Polygon","coordinates":[[[-83.2359530004235,42.357572999805],[-83.2262120000626,42.357708999895],[-83.2165810002048,42.3578449996906],[-83.2164459995873,42.3506159998577],[-83.2259319996801,42.3504730003052],[-83.2356520001247,42.3503339997042],[-83.2359530004235,42.357572999805]]]},"properties":{"GEOID":"26163546000","STATE":"26","COUNTY":"163","TRACT":"546000","NAME":"Census Tract 546"}},{"type":"Feature","geometry":{"type":"Polygon","coordinates":[[[-83.2160449997293,42.3433699996729],[-83.2097949998861,42.3434729996743],[-83.2092409998672,42.3434819996921],[-83.2036420001273,42.3435699999467],[-83.2024019998451,42.3435860001004],[-83.1962880004443,42.343665000219],[-83.1959829999475,42.338239999838],[-83.1959100001526,42.3364389998026],[-83.202109999767,42.3363530002752],[-83.209507000006,42.336268000009],[-83.2136579999495,42.3357839999757],[-83.2154150004407,42.3361350001433],[-83.2159369997742,42.336127999828],[-83.2162310004004,42.3433659999531],[-83.2160449997293,42.3433699996729]]]},"properties":{"GEOID":"26163545600","STATE":"26","COUNTY":"163","TRACT":"545600","NAME":"Census Tract 5456"}},{"type":"Feature","geometry":{"type":"Polygon","coordinates":[[[-83.2162649998373,42.3506189999655],[-83.2095310002955,42.3507030002711],[-83.2039590003197,42.3507829998888],[-83.1966089999364,42.3508900002639],[-83.1962880004443,42.343665000219],[-83.2024019998451,42.3435860001004],[-83.2036420001273,42.3435699999467],[-83.2092409998672,42.3434819996921],[-83.2097949998861,42.3434729996743],[-83.2160449997293,42.3433699996729],[-83.2162649998373,42.3506189999655]]]},"properties":{"GEOID":"26163545500","STATE":"26","COUNTY":"163","TRACT":"545500","NAME":"Census Tract 5455"}},{"type":"Feature","geometry":{"type":"Polygon","coordinates":[[[-83.2866979998818,42.4142520000915],[-83.2769669995666,42.4145349999364],[-83.2663199997326,42.4147270001891],[-83.2657060003375,42.4134379998375],[-83.2672000001647,42.4124329997291],[-83.266676000283,42.4002399998598],[-83.2721169998392,42.3999549998155],[-83.2757249996346,42.4000960001319],[-83.2759410004429,42.40728099996],[-83.2766810002346,42.407277999905],[-83.2864629997052,42.4069999997098],[-83.2866979998818,42.4142520000915]]]},"properties":{"GEOID":"26163544300","STATE":"26","COUNTY":"163","TRACT":"544300","NAME":"Census Tract 5443"}},{"type":"Feature","geometry":{"type":"Polygon","coordinates":[[[-83.0642869995838,42.3567849997577],[-83.062088000125,42.357590999785],[-83.0586889996688,42.3592039997028],[-83.0542409996243,42.3608349997491],[-83.0478209999018,42.3512180002602],[-83.0518880001798,42.3497280001507],[-83.0536049995897,42.3492299997858],[-83.0558609998481,42.3482670002712],[-83.057876999907,42.3473810003079],[-83.0600169998145,42.3505769997706],[-83.0629939995981,42.354742999747],[-83.0642869995838,42.3567849997577]]]},"properties":{"GEOID":"26163517500","STATE":"26","COUNTY":"163","TRACT":"517500","NAME":"Census Tract 5175"}},{"type":"Feature","geometry":{"type":"Polygon","coordinates":[[[-83.2183860003765,42.4011209996829],[-83.2084109996638,42.4012920001366],[-83.2029369995974,42.4014099997435],[-83.1986950003155,42.4015130001296],[-83.1984219996057,42.3942729998397],[-83.1983649997043,42.3926570000382],[-83.2063860002824,42.3958939999413],[-83.208224999891,42.3966369998329],[-83.2183849996533,42.4007379998815],[-83.2183860003765,42.4011209996829]]]},"properties":{"GEOID":"26163542300","STATE":"26","COUNTY":"163","TRACT":"542300","NAME":"Census Tract 5423"}},{"type":"Feature","geometry":{"type":"Polygon","coordinates":[[[-82.9788840002325,42.3630580001889],[-82.9706109997594,42.3669819999317],[-82.9649319996535,42.3692079997877],[-82.9589050002914,42.3700010001902],[-82.9492090001363,42.3709530001301],[-82.9466959999599,42.371916999925],[-82.9447750003355,42.3689770003276],[-82.943285999633,42.366520999945],[-82.9422029997096,42.3648809998788],[-82.9465400003243,42.3630600000861],[-82.9528689998102,42.36061399991],[-82.9539240001445,42.3622289998133],[-82.9548089997012,42.361901999834],[-82.9566459996599,42.3647120002956],[-82.9578669996756,42.3642719997589],[-82.9529754357983,42.3549764858517],[-82.955803999761,42.3546700001021],[-82.9644549996276,42.3551659997032],[-82.9665930879201,42.3528870205968],[-82.972020000096,42.3533589999375],[-82.9733630003104,42.3553280002318],[-82.9788840002325,42.3630580001889]]]},"properties":{"GEOID":"26163513700","STATE":"26","COUNTY":"163","TRACT":"513700","NAME":"Census Tract 5137"}},{"type":"Feature","geometry":{"type":"Polygon","coordinates":[[[-83.0746680001774,42.3486290001068],[-83.0710519999861,42.349799999733],[-83.0691899999129,42.3459220001006],[-83.0680779996772,42.3433599997089],[-83.0710999996666,42.3424089999155],[-83.0746680001774,42.3486290001068]]]},"properties":{"GEOID":"26163521800","STATE":"26","COUNTY":"163","TRACT":"521800","NAME":"Census Tract 5218"}},{"type":"Feature","geometry":{"type":"Polygon","coordinates":[[[-83.1684519999567,42.3804910002826],[-83.1586880000296,42.3766780001964],[-83.1576300002205,42.3762530002529],[-83.1511419998277,42.3736350002973],[-83.1585690002039,42.3735050001921],[-83.1584589997007,42.3712900002878],[-83.1644819997632,42.3711329998603],[-83.1680850004339,42.3710409997529],[-83.1681549998558,42.3732300000527],[-83.1684519999567,42.3804910002826]]]},"properties":{"GEOID":"26163534300","STATE":"26","COUNTY":"163","TRACT":"534300","NAME":"Census Tract 5343"}},{"type":"Feature","geometry":{"type":"Polygon","coordinates":[[[-83.1972859999789,42.3653650002541],[-83.1907549999283,42.365507999772],[-83.1824739999576,42.3656879998396],[-83.1822069999939,42.3584520003295],[-83.1821450000696,42.3560660003061],[-83.1819340001825,42.351181000158],[-83.1869110001314,42.3510789999789],[-83.1912870002059,42.3509920000859],[-83.1966089999364,42.3508900002639],[-83.1968850001209,42.3557579996918],[-83.1969970002739,42.3581290000523],[-83.1971129997265,42.3605369998284],[-83.1972859999789,42.3653650002541]]]},"properties":{"GEOID":"26163535800","STATE":"26","COUNTY":"163","TRACT":"535800","NAME":"Census Tract 5358"}},{"type":"Feature","geometry":{"type":"Polygon","coordinates":[[[-83.0423019996295,42.3902140001808],[-83.0423750003227,42.39312700012],[-83.0424680002092,42.3974270002943],[-83.0387590001315,42.4017830001332],[-83.0378889997451,42.4016340003093],[-83.0380739996931,42.404319000244],[-83.040273999875,42.4062909998784],[-83.0380360000582,42.4092879999808],[-83.0381249997467,42.4119729999825],[-83.0383390000069,42.4191690002475],[-83.0237129997585,42.419506000223],[-83.0229999997309,42.4009529997842],[-83.0226900001095,42.3934280000627],[-83.0226809998887,42.3932240000432],[-83.0223949996584,42.389468000304],[-83.0201760001082,42.3862769999577],[-83.0217519999511,42.3858299997789],[-83.0263590000043,42.3849079997298],[-83.0296239996679,42.3837019998188],[-83.0338759998938,42.3792789996683],[-83.03467599996,42.3798670000169],[-83.0391669996622,42.3859840002118],[-83.0443560002216,42.3901809998792],[-83.0423019996295,42.3902140001808]]]},"properties":{"GEOID":"26163505800","STATE":"26","COUNTY":"163","TRACT":"505800","NAME":"Census Tract 5058"}},{"type":"Feature","geometry":{"type":"Polygon","coordinates":[[[-83.1094340000253,42.3466070002351],[-83.1006769998536,42.3496169998031],[-83.1004430004002,42.3496890001765],[-83.0989910004058,42.3501369998351],[-83.0981929999895,42.3491279997602],[-83.0959789995638,42.3453900002891],[-83.0946400004457,42.3431349997666],[-83.0905480000534,42.3363040002139],[-83.0877400003242,42.3337659996967],[-83.08722599959,42.3327309999306],[-83.0864909998212,42.3301689999659],[-83.08657600021,42.3294930000823],[-83.0861009998338,42.3281360002399],[-83.0924870001194,42.3273400002756],[-83.0967150000559,42.333796000177],[-83.0995870002575,42.3334070002103],[-83.1005639998757,42.3345569996721],[-83.1016529996468,42.3358349998777],[-83.1037530002697,42.3389770000167],[-83.1094340000253,42.3466070002351]]]},"properties":{"GEOID":"26163522800","STATE":"26","COUNTY":"163","TRACT":"522800","NAME":"Census Tract 5228"}},{"type":"Feature","geometry":{"type":"Polygon","coordinates":[[[-83.0238860000108,42.4240560003212],[-83.0164209999998,42.4341159998496],[-83.0146540003612,42.436609999715],[-83.0055339999662,42.4488060001491],[-83.0051849999868,42.448818999952],[-83.004963000229,42.4416810002443],[-83.0046920000673,42.4344260002953],[-83.0043179999735,42.4272280000284],[-83.0040340002914,42.4210120000322],[-83.0040219996975,42.4199359999645],[-83.0046490004096,42.4199370000021],[-83.0137170000277,42.4196809998028],[-83.019453000035,42.4195589999048],[-83.0237129997585,42.419506000223],[-83.0238860000108,42.4240560003212]]]},"properties":{"GEOID":"26163505600","STATE":"26","COUNTY":"163","TRACT":"505600","NAME":"Census Tract 5056"}},{"type":"Feature","geometry":{"type":"Polygon","coordinates":[[[-82.9651919999445,42.383835999847],[-82.9630660002807,42.3843430001288],[-82.9587880001156,42.3853860001732],[-82.9572120002727,42.3857649997758],[-82.9542709995758,42.3862629998787],[-82.9476990004157,42.3872999998429],[-82.9466440000814,42.3874689996923],[-82.946875999885,42.3869899999492],[-82.943910999797,42.3824180001907],[-82.9425669997577,42.3806739998833],[-82.9389099995585,42.3751400003034],[-82.9466959999599,42.371916999925],[-82.9492090001363,42.3709530001301],[-82.9589050002914,42.3700010001902],[-82.9625349998281,42.375569000141],[-82.9678430002132,42.3836960001079],[-82.9651919999445,42.383835999847]]]},"properties":{"GEOID":"26163512800","STATE":"26","COUNTY":"163","TRACT":"512800","NAME":"Census Tract 5128"}},{"type":"Feature","geometry":{"type":"Polygon","coordinates":[[[-83.306535000431,42.195972999828],[-83.2968479995984,42.1967480000216],[-83.2956109996892,42.1967949996753],[-83.2954919998635,42.1910930001808],[-83.2954450000079,42.1892449997358],[-83.2961949998453,42.1891859998718],[-83.2986860002804,42.1885790002051],[-83.3062619997212,42.1883429999289],[-83.3064380003466,42.1932420002967],[-83.306535000431,42.195972999828]]]},"properties":{"GEOID":"26163584801","STATE":"26","COUNTY":"163","TRACT":"584801","NAME":"Census Tract 5848.01"}},{"type":"Feature","geometry":{"type":"Polygon","coordinates":[[[-83.0715349998598,42.3844760001766],[-83.0683310002955,42.3864309999576],[-83.0602810003035,42.3744250002556],[-83.0600260000354,42.3745089999305],[-83.0597110003911,42.3738380001583],[-83.0591409995804,42.3712819997556],[-83.0579189997398,42.3684970000174],[-83.0600860003098,42.3673380002109],[-83.0632570002622,42.3661100002257],[-83.0675279998563,42.3724979999408],[-83.0747650002617,42.3832610003011],[-83.0715349998598,42.3844760001766]]]},"properties":{"GEOID":"26163511200","STATE":"26","COUNTY":"163","TRACT":"511200","NAME":"Census Tract 5112"}},{"type":"Feature","geometry":{"type":"Polygon","coordinates":[[[-83.1673930003228,42.3514989999664],[-83.1575249997402,42.3517160001438],[-83.1526349998299,42.351815999698],[-83.1496229998862,42.3518769998127],[-83.1477359996987,42.3519159997571],[-83.147544999903,42.349917999866],[-83.1484310001829,42.3446879997309],[-83.1497879997426,42.3402949998685],[-83.1509009998033,42.3388689999468],[-83.1538499999977,42.3373820000468],[-83.1569809997671,42.3369610000007],[-83.1567370002679,42.3299249999027],[-83.1664559999893,42.3296860002949],[-83.16668299977,42.3351379998514],[-83.1668379995807,42.3387300002479],[-83.1670739995823,42.3442260002563],[-83.1673930003228,42.3514989999664]]]},"properties":{"GEOID":"26163573600","STATE":"26","COUNTY":"163","TRACT":"573600","NAME":"Census Tract 5736"}},{"type":"Feature","geometry":{"type":"Polygon","coordinates":[[[-83.2677559998334,42.1975690001874],[-83.2580739999219,42.1977829998805],[-83.2481509999861,42.1980350000578],[-83.233441000072,42.1985089996966],[-83.2287129996451,42.1986699999247],[-83.2281229996412,42.1842790003117],[-83.2329540000003,42.1841830000711],[-83.2440340003777,42.1839630001348],[-83.2574639998266,42.1836739997299],[-83.2672419999975,42.1834659996966],[-83.2673709998689,42.1888370001364],[-83.2667399998571,42.1928829997577],[-83.2669659998129,42.1943329998739],[-83.2675750000834,42.1958150002143],[-83.2677559998334,42.1975690001874]]]},"properties":{"GEOID":"26163584600","STATE":"26","COUNTY":"163","TRACT":"584600","NAME":"Census Tract 5846"}},{"type":"Feature","geometry":{"type":"Polygon","coordinates":[[[-83.2615260000817,42.3361839996722],[-83.2601879998902,42.3381779997579],[-83.2596410004423,42.3388979999838],[-83.2582079998162,42.3396540002128],[-83.2524769998318,42.3401929999533],[-83.2521670002104,42.3420340000893],[-83.2437210003833,42.3429489998792],[-83.2425050003905,42.3430050002887],[-83.2378459995605,42.3430859996783],[-83.2375679997262,42.3357360001865],[-83.2351049997785,42.3358339998279],[-83.2349809999299,42.3298300001228],[-83.2399960004121,42.3287699999435],[-83.2411019999017,42.3283980003076],[-83.2419389997777,42.3282119999967],[-83.2457619996583,42.3275100002528],[-83.2484959997676,42.3273619996891],[-83.2616690001968,42.3270439999925],[-83.2615260000817,42.3361839996722]]]},"properties":{"GEOID":"26163571500","STATE":"26","COUNTY":"163","TRACT":"571500","NAME":"Census Tract 5715"}},{"type":"Feature","geometry":{"type":"Polygon","coordinates":[[[-83.0788120004482,42.440066999984],[-83.0706390004325,42.4402069999117],[-83.063555000188,42.440327999692],[-83.061363000402,42.4403709999028],[-83.0581670003353,42.4404359996875],[-83.057885000303,42.4358110000677],[-83.0577210002714,42.4332479997263],[-83.0631169996218,42.4331289998524],[-83.0702140002851,42.4329730000989],[-83.0736730001175,42.4329290002853],[-83.0788120004482,42.440066999984]]]},"properties":{"GEOID":"26163506900","STATE":"26","COUNTY":"163","TRACT":"506900","NAME":"Census Tract 5069"}},{"type":"Feature","geometry":{"type":"Polygon","coordinates":[[[-83.0686140001527,42.4258340000754],[-83.062705999718,42.4259010002353],[-83.0530249996315,42.4260910002892],[-83.0467820003594,42.4262200003012],[-83.0434819996373,42.4262889999211],[-83.0386389995826,42.4264029998475],[-83.0383390000069,42.4191690002475],[-83.0477179999696,42.4189679998545],[-83.0636110002645,42.4186530002585],[-83.0671529999376,42.4237889999616],[-83.0686140001527,42.4258340000754]]]},"properties":{"GEOID":"26163506400","STATE":"26","COUNTY":"163","TRACT":"506400","NAME":"Census Tract 5064"}},{"type":"Feature","geometry":{"type":"Polygon","coordinates":[[[-83.0389480002774,42.4336819999646],[-83.0242569997316,42.4339700000282],[-83.0239839999201,42.426734999755],[-83.0238860000108,42.4240560003212],[-83.0237129997585,42.419506000223],[-83.0383390000069,42.4191690002475],[-83.0386389995826,42.4264029998475],[-83.0389480002774,42.4336819999646]]]},"properties":{"GEOID":"26163506300","STATE":"26","COUNTY":"163","TRACT":"506300","NAME":"Census Tract 5063"}},{"type":"Feature","geometry":{"type":"Polygon","coordinates":[[[-83.1949290003364,42.3164270001735],[-83.1896939997463,42.3181869997511],[-83.1867939999556,42.3190260003117],[-83.1854709998327,42.3194089996719],[-83.175947000105,42.3221669996822],[-83.1723600002261,42.3232140002728],[-83.1662550001478,42.3249810001996],[-83.166170999584,42.3224500002387],[-83.1626830003375,42.3172359998941],[-83.1686000000947,42.3163299998823],[-83.1756740002935,42.3153169998303],[-83.1834499997509,42.3142350002235],[-83.1924250003809,42.3129529999306],[-83.1949290003364,42.3164270001735]]]},"properties":{"GEOID":"26163574100","STATE":"26","COUNTY":"163","TRACT":"574100","NAME":"Census Tract 5741"}},{"type":"Feature","geometry":{"type":"Polygon","coordinates":[[[-83.1986950003155,42.4015130001296],[-83.1938270001465,42.4016649999011],[-83.1889170001446,42.4018180002943],[-83.1845260000016,42.4019380002245],[-83.1842239998778,42.3946659997218],[-83.1886159998458,42.3945369998141],[-83.1935219996496,42.3944039998527],[-83.1984219996057,42.3942729998397],[-83.1986950003155,42.4015130001296]]]},"properties":{"GEOID":"26163537700","STATE":"26","COUNTY":"163","TRACT":"537700","NAME":"Census Tract 5377"}},{"type":"Feature","geometry":{"type":"Polygon","coordinates":[[[-83.1990169996325,42.4087530001508],[-83.1941839996235,42.4088969999079],[-83.1892329996138,42.4090550003021],[-83.1848459996687,42.409194999857],[-83.1845260000016,42.4019380002245],[-83.1889170001446,42.4018180002943],[-83.1938270001465,42.4016649999011],[-83.1986950003155,42.4015130001296],[-83.1990169996325,42.4087530001508]]]},"properties":{"GEOID":"26163537500","STATE":"26","COUNTY":"163","TRACT":"537500","NAME":"Census Tract 5375"}},{"type":"Feature","geometry":{"type":"Polygon","coordinates":[[[-83.1694019998107,42.4022289998152],[-83.1596880001123,42.4025149997962],[-83.1595729995862,42.4002410002115],[-83.1594730000271,42.3979700003084],[-83.1593500000035,42.3952399998558],[-83.1625350001995,42.3951730001073],[-83.163204999671,42.3951550002816],[-83.1690529998313,42.3950310002357],[-83.1694019998107,42.4022289998152]]]},"properties":{"GEOID":"26163536700","STATE":"26","COUNTY":"163","TRACT":"536700","NAME":"Census Tract 5367"}},{"type":"Feature","geometry":{"type":"Polygon","coordinates":[[[-82.9748210001525,42.4206579997517],[-82.9675269998457,42.4207470000215],[-82.9634579999179,42.4208149996732],[-82.9649540002932,42.4188419996755],[-82.9647760000179,42.4148019999106],[-82.9645890004202,42.4046629997354],[-82.9709739999826,42.4148019999106],[-82.9710970000062,42.4149940000091],[-82.9744140004467,42.4201100002988],[-82.9748210001525,42.4206579997517]]]},"properties":{"GEOID":"26163504100","STATE":"26","COUNTY":"163","TRACT":"504100","NAME":"Census Tract 5041"}},{"type":"Feature","geometry":{"type":"Polygon","coordinates":[[[-83.3001650000389,42.2925460000898],[-83.2903989995636,42.2941780003076],[-83.2900329998657,42.2831070000004],[-83.2899679995684,42.2812950001451],[-83.2898710003823,42.2786129996726],[-83.2897759999477,42.2758960001888],[-83.2995199997834,42.2756779999761],[-83.2997890002953,42.2829210000782],[-83.3001650000389,42.2925460000898]]]},"properties":{"GEOID":"26163571000","STATE":"26","COUNTY":"163","TRACT":"571000","NAME":"Census Tract 571"}},{"type":"Feature","geometry":{"type":"Polygon","coordinates":[[[-83.1603240001469,42.4169320000497],[-83.155959999768,42.417011000124],[-83.1511660001171,42.4170980000991],[-83.1463160003897,42.4171300000901],[-83.1462040002367,42.4171300000901],[-83.1408359995772,42.4171470001616],[-83.1405369998265,42.4099040000297],[-83.1459039997628,42.4098510001471],[-83.150798999696,42.4097999999549],[-83.1509550002299,42.4097980002196],[-83.1600039995814,42.4097069999269],[-83.1601130002597,42.4121459997005],[-83.1603240001469,42.4169320000497]]]},"properties":{"GEOID":"26163536100","STATE":"26","COUNTY":"163","TRACT":"536100","NAME":"Census Tract 5361"}},{"type":"Feature","geometry":{"type":"Polygon","coordinates":[[[-83.1980440002123,42.3792319999343],[-83.1921469996482,42.3793680002541],[-83.188128999774,42.3806639998826],[-83.1830559995656,42.382274000046],[-83.183003999687,42.3801729998821],[-83.1831590003961,42.37846999972],[-83.1829729997249,42.3729350002297],[-83.1824739999576,42.3656879998396],[-83.1907549999283,42.365507999772],[-83.1972859999789,42.3653650002541],[-83.1973639997967,42.3678489997869],[-83.1975599996153,42.372560000018],[-83.1977570001571,42.3770559998827],[-83.1979909996105,42.3782429999716],[-83.1980440002123,42.3792319999343]]]},"properties":{"GEOID":"26163535300","STATE":"26","COUNTY":"163","TRACT":"535300","NAME":"Census Tract 5353"}},{"type":"Feature","geometry":{"type":"Polygon","coordinates":[[[-82.9752799997368,42.4351330000451],[-82.965472000327,42.4354230003149],[-82.9620310000379,42.4355210002674],[-82.9557760001719,42.4355799997251],[-82.9553719999409,42.4354680001565],[-82.953679999747,42.4347789999408],[-82.9531919998504,42.4344039999078],[-82.9572519995574,42.4291009997],[-82.9588590002607,42.4269310001531],[-82.960423000408,42.4272330002978],[-82.9652680001125,42.4271809997311],[-82.9677190003646,42.4271539998406],[-82.9750749996974,42.4270409998781],[-82.9751070003828,42.4278840000064],[-82.9752799997368,42.4351330000451]]]},"properties":{"GEOID":"26163500600","STATE":"26","COUNTY":"163","TRACT":"500600","NAME":"Census Tract 5006"}},{"type":"Feature","geometry":{"type":"Polygon","coordinates":[[[-83.161052000243,42.2549599998994],[-83.1608589998992,42.255191999977],[-83.159662000173,42.2543260001664],[-83.1588260001218,42.2538390002447],[-83.1557539999037,42.2522130000358],[-83.1511019996447,42.250409000273],[-83.1491319996165,42.249638999965],[-83.1472660002437,42.2491430002159],[-83.1493259997853,42.242496999794],[-83.1518370003118,42.2346420000911],[-83.1552030002579,42.2342280003081],[-83.155671000063,42.2342329999811],[-83.1609330004174,42.2362300001201],[-83.1612399996657,42.2372340000143],[-83.1604930002013,42.2394540001036],[-83.1590520000776,42.243155000015],[-83.1595220004309,42.2450190002285],[-83.1590749996438,42.2479340000317],[-83.158299999692,42.2491440003131],[-83.1577630002899,42.2515250000853],[-83.1589359997267,42.2529879996899],[-83.1616349996759,42.2542529996873],[-83.161052000243,42.2549599998994]]]},"properties":{"GEOID":"26163579700","STATE":"26","COUNTY":"163","TRACT":"579700","NAME":"Census Tract 5797"}},{"type":"Feature","geometry":{"type":"Polygon","coordinates":[[[-83.2786389996689,42.4414740002802],[-83.2782629999253,42.4428679997659],[-83.2685090000439,42.4431560000396],[-83.2684699996858,42.4429949997183],[-83.2681559998664,42.4362509997854],[-83.2678570001157,42.4291700001271],[-83.2741170000046,42.4290220002708],[-83.2775609997684,42.42893899984],[-83.2779640001746,42.4351640003187],[-83.2789580004095,42.4397559998775],[-83.2786389996689,42.4414740002802]]]},"properties":{"GEOID":"26163541700","STATE":"26","COUNTY":"163","TRACT":"541700","NAME":"Census Tract 5417"}},{"type":"Feature","geometry":{"type":"Polygon","coordinates":[[[-83.2391360000714,42.4367720003007],[-83.2281250001894,42.4371119997506],[-83.2257169995949,42.4371100002233],[-83.219540000445,42.4372369999133],[-83.2192330002983,42.4300199999364],[-83.2277739996617,42.4298639997382],[-83.229786000421,42.429823000034],[-83.2388659997347,42.429571999837],[-83.2389939997812,42.4331719996992],[-83.2391360000714,42.4367720003007]]]},"properties":{"GEOID":"26163540700","STATE":"26","COUNTY":"163","TRACT":"540700","NAME":"Census Tract 5407"}},{"type":"Feature","geometry":{"type":"Polygon","coordinates":[[[-83.1375969998528,42.3311020000028],[-83.1318960000056,42.3311109997991],[-83.127372999618,42.3311470002996],[-83.1203379997773,42.3311119999239],[-83.1167480004236,42.3261709998167],[-83.1153109995996,42.324194999856],[-83.1218369996273,42.3232409997226],[-83.1289459999862,42.3228549996727],[-83.131367999926,42.3223829998793],[-83.1321210001365,42.3234300001964],[-83.1375969998528,42.3311020000028]]]},"properties":{"GEOID":"26163525700","STATE":"26","COUNTY":"163","TRACT":"525700","NAME":"Census Tract 5257"}},{"type":"Feature","geometry":{"type":"Polygon","coordinates":[[[-83.1651029997292,42.2700670002592],[-83.1614870004362,42.274350999914],[-83.1582400003159,42.2788440001616],[-83.1562950004021,42.2771359999331],[-83.1521090002984,42.2789040003054],[-83.1480429998453,42.2829819998882],[-83.140367999772,42.2794659998982],[-83.1435339997015,42.2757350001198],[-83.1480400003706,42.2704379999],[-83.1530330002131,42.264401000293],[-83.1574779998846,42.266480000296],[-83.1648640002529,42.2699259999343],[-83.1651029997292,42.2700670002592]]]},"properties":{"GEOID":"26163524700","STATE":"26","COUNTY":"163","TRACT":"524700","NAME":"Census Tract 5247"}},{"type":"Feature","geometry":{"type":"Polygon","coordinates":[[[-83.1253449998636,42.2987750000906],[-83.1201760002939,42.3062539999184],[-83.1180370002114,42.3093540003185],[-83.1166150003543,42.3114120001083],[-83.1150310001155,42.3137050001878],[-83.1137120001905,42.3156159999385],[-83.1114710000007,42.3189230001225],[-83.110907999761,42.3181489998069],[-83.1098940003329,42.3165160001174],[-83.1099779999985,42.3156139998603],[-83.1074470002787,42.3121110001583],[-83.1042949996947,42.3077679996961],[-83.1057629995825,42.3070000000986],[-83.1091650004118,42.305625999735],[-83.113988000375,42.3037049999988],[-83.1212790003088,42.300649999993],[-83.1248150001341,42.2980230002047],[-83.1253449998636,42.2987750000906]]]},"properties":{"GEOID":"26163523800","STATE":"26","COUNTY":"163","TRACT":"523800","NAME":"Census Tract 5238"}},{"type":"Feature","geometry":{"type":"Polygon","coordinates":[[[-83.0937180001808,42.351795000004],[-83.0851159998197,42.354497999685],[-83.0824799996197,42.3553749999301],[-83.0809930003636,42.3560370002221],[-83.0760309995849,42.3590600000958],[-83.0734759995757,42.3539279998551],[-83.0733960001081,42.3537700000866],[-83.0720880000538,42.3516229996853],[-83.0710519999861,42.349799999733],[-83.0746680001774,42.3486290001068],[-83.0710999996666,42.3424089999155],[-83.0725779996003,42.3419490001984],[-83.0728570001578,42.3418620002848],[-83.0824749995968,42.3459400000979],[-83.0855150000279,42.3471639997709],[-83.0893520001521,42.3487129997523],[-83.0955619998123,42.3512269998332],[-83.0937180001808,42.351795000004]]]},"properties":{"GEOID":"26163521900","STATE":"26","COUNTY":"163","TRACT":"521900","NAME":"Census Tract 5219"}},{"type":"Feature","geometry":{"type":"Polygon","coordinates":[[[-83.0905480000534,42.3363040002139],[-83.0810279996254,42.3392949998092],[-83.0728570001578,42.3418620002848],[-83.0725779996003,42.3419490001984],[-83.0710999996666,42.3424089999155],[-83.0680779996772,42.3433599997089],[-83.068014999928,42.3432239997751],[-83.0649989997864,42.3366390002099],[-83.0642659996674,42.3354380001217],[-83.0686619998333,42.3344769999916],[-83.0754630002206,42.3327419996917],[-83.0771679999349,42.3325290001719],[-83.0822999996946,42.3329300000809],[-83.0839700001472,42.3326210002214],[-83.0851860001399,42.3320290001488],[-83.0864909998212,42.3301689999659],[-83.08722599959,42.3327309999306],[-83.0877400003242,42.3337659996967],[-83.0905480000534,42.3363040002139]]]},"properties":{"GEOID":"26163521500","STATE":"26","COUNTY":"163","TRACT":"521500","NAME":"Census Tract 5215"}},{"type":"Feature","geometry":{"type":"Polygon","coordinates":[[[-83.0178660003214,42.3740410000269],[-83.0126149998377,42.3759680001162],[-83.0057890002344,42.3786810001329],[-82.9992969996436,42.3697139998715],[-83.004153000117,42.3677609996743],[-83.0132400000017,42.3643480003132],[-83.0187380003576,42.3727280002623],[-83.0178660003214,42.3740410000269]]]},"properties":{"GEOID":"26163516000","STATE":"26","COUNTY":"163","TRACT":"516000","NAME":"Census Tract 516"}},{"type":"Feature","geometry":{"type":"Polygon","coordinates":[[[-83.2611050001322,42.3788750000159],[-83.2606259995581,42.383275999681],[-83.2583860000915,42.3835459998514],[-83.2561420004269,42.3838099998243],[-83.2561919997573,42.3856159997393],[-83.2465919998616,42.3856100002113],[-83.2436259999487,42.3853050002293],[-83.2421070000073,42.3847410001552],[-83.2410259997337,42.3840940002547],[-83.2366530000323,42.3804620001918],[-83.2365590003209,42.3787179999687],[-83.2383490004241,42.3789990001265],[-83.2464110001117,42.3789810003076],[-83.2611040003073,42.378821999803],[-83.2611050001322,42.3788750000159]]]},"properties":{"GEOID":"26163543900","STATE":"26","COUNTY":"163","TRACT":"543900","NAME":"Census Tract 5439"}},{"type":"Feature","geometry":{"type":"Polygon","coordinates":[[[-83.2574780000703,42.4147359999482],[-83.2533649997615,42.4148129998976],[-83.2489519998771,42.4148870000612],[-83.24357599972,42.4150300002108],[-83.2382060003089,42.4151829998428],[-83.2378559996063,42.409936999909],[-83.2377910002072,42.4085400002218],[-83.2365469997271,42.4080410002154],[-83.2377429996284,42.4078960002534],[-83.2429470002564,42.407781000274],[-83.2496249997217,42.4076520001327],[-83.2571180002202,42.407468000012],[-83.2574780000703,42.4147359999482]]]},"properties":{"GEOID":"26163543200","STATE":"26","COUNTY":"163","TRACT":"543200","NAME":"Census Tract 5432"}},{"type":"Feature","geometry":{"type":"Polygon","coordinates":[[[-83.208224999891,42.3966369998329],[-83.2063860002824,42.3958939999413],[-83.1983649997043,42.3926570000382],[-83.1983420001381,42.3917500000884],[-83.1981699997106,42.3870520003158],[-83.2078650000409,42.386868000162],[-83.2081050002404,42.3916639999431],[-83.208224999891,42.3966369998329]]]},"properties":{"GEOID":"26163542400","STATE":"26","COUNTY":"163","TRACT":"542400","NAME":"Census Tract 5424"}},{"type":"Feature","geometry":{"type":"Polygon","coordinates":[[[-83.2187119998915,42.4155530002579],[-83.209034000178,42.4157629999347],[-83.2068819996766,42.41580699986],[-83.1993160002815,42.4159829999156],[-83.1990169996325,42.4087530001508],[-83.2087499995975,42.4085419999971],[-83.2185319999664,42.4083320000197],[-83.2186370004467,42.4101220002774],[-83.2187119998915,42.4155530002579]]]},"properties":{"GEOID":"26163542100","STATE":"26","COUNTY":"163","TRACT":"542100","NAME":"Census Tract 5421"}},{"type":"Feature","geometry":{"type":"Polygon","coordinates":[[[-82.9466959999599,42.371916999925],[-82.9389099995585,42.3751400003034],[-82.9349770000732,42.3690749999208],[-82.9303540001265,42.362140000162],[-82.9306970002582,42.3615250001856],[-82.9320069999623,42.3621780000807],[-82.9364740002733,42.3605570002639],[-82.9406980000118,42.3669800001593],[-82.9419190000275,42.366536000005],[-82.943762999659,42.3693399998563],[-82.9447750003355,42.3689770003276],[-82.9466959999599,42.371916999925]]]},"properties":{"GEOID":"26163513200","STATE":"26","COUNTY":"163","TRACT":"513200","NAME":"Census Tract 5132"}},{"type":"Feature","geometry":{"type":"Polygon","coordinates":[[[-83.1772969999921,42.2501170003282],[-83.1724449997166,42.2560549999012],[-83.1672639995531,42.2622810001199],[-83.1664319996999,42.2596750003228],[-83.1644769997403,42.2582270002252],[-83.163060999731,42.2572449999397],[-83.161052000243,42.2549599998994],[-83.1616349996759,42.2542529996873],[-83.1589359997267,42.2529879996899],[-83.1577630002899,42.2515250000853],[-83.158299999692,42.2491440003131],[-83.1590749996438,42.2479340000317],[-83.1595220004309,42.2450190002285],[-83.1673470002921,42.2472859997179],[-83.1699459997839,42.2480769998961],[-83.1763129998029,42.2500139997952],[-83.1772969999921,42.2501170003282]]]},"properties":{"GEOID":"26163577000","STATE":"26","COUNTY":"163","TRACT":"577000","NAME":"Census Tract 577"}},{"type":"Feature","geometry":{"type":"Polygon","coordinates":[[[-83.1220299999712,42.3930190002207],[-83.1131949999816,42.396298999955],[-83.1101999997563,42.3919599998398],[-83.1073169996841,42.3877990002618],[-83.1162089995751,42.3844799999342],[-83.1179280004314,42.3869329996866],[-83.1187569999116,42.3881640002383],[-83.1220299999712,42.3930190002207]]]},"properties":{"GEOID":"26163531800","STATE":"26","COUNTY":"163","TRACT":"531800","NAME":"Census Tract 5318"}},{"type":"Feature","geometry":{"type":"Polygon","coordinates":[[[-82.9562099996418,42.4500480000924],[-82.9554830002689,42.4500630000773],[-82.9460549999024,42.4502279996741],[-82.9429950002781,42.4501989999974],[-82.9412829999928,42.4502300001084],[-82.9455770000515,42.444870000136],[-82.9463960003843,42.4436850000761],[-82.946879000258,42.4429219999181],[-82.9480309997784,42.4413729999437],[-82.9518019997803,42.4363729996874],[-82.9523280002101,42.4356669997905],[-82.9529600000468,42.4346570002506],[-82.9531919998504,42.4344039999078],[-82.953679999747,42.4347789999408],[-82.9553719999409,42.4354680001565],[-82.9557760001719,42.4355799997251],[-82.9560020001277,42.4428630000809],[-82.9562099996418,42.4500480000924]]]},"properties":{"GEOID":"26163500100","STATE":"26","COUNTY":"163","TRACT":"500100","NAME":"Census Tract 5001"}},{"type":"Feature","geometry":{"type":"Polygon","coordinates":[[[-83.1569809997671,42.3369610000007],[-83.1538499999977,42.3373820000468],[-83.1509009998033,42.3388689999468],[-83.1492570001883,42.337027000076],[-83.1464259999946,42.3332130000344],[-83.1450359999245,42.3312580000529],[-83.1509490003821,42.330048999672],[-83.1566800003665,42.328731000251],[-83.1567370002679,42.3299249999027],[-83.1569809997671,42.3369610000007]]]},"properties":{"GEOID":"26163526100","STATE":"26","COUNTY":"163","TRACT":"526100","NAME":"Census Tract 5261"}},{"type":"Feature","geometry":{"type":"Polygon","coordinates":[[[-83.0598419999124,42.3998060002942],[-83.0563160001328,42.4010950001861],[-83.0526749998271,42.4024349997194],[-83.0508710003786,42.3997540001999],[-83.0485900000058,42.3963830002202],[-83.0519700001955,42.3951260003302],[-83.0557870002283,42.3936939998597],[-83.0580280004181,42.3971119999799],[-83.0598419999124,42.3998060002942]]]},"properties":{"GEOID":"26163552300","STATE":"26","COUNTY":"163","TRACT":"552300","NAME":"Census Tract 5523"}},{"type":"Feature","geometry":{"type":"Polygon","coordinates":[[[-83.0924870001194,42.3273400002756],[-83.0861009998338,42.3281360002399],[-83.0808689996167,42.3278950001241],[-83.0747169996828,42.3264340002981],[-83.0760380001559,42.3260400002627],[-83.0732110001601,42.3210350000037],[-83.0734940000174,42.3195000000027],[-83.0776829995958,42.3173700002109],[-83.0756349997498,42.3143489997708],[-83.0734847204205,42.3110303358254],[-83.0782070003757,42.30856499996],[-83.0783907866997,42.3084160360598],[-83.08034599956,42.3111429999468],[-83.0814319998564,42.3126580001365],[-83.0828510002388,42.3146409997786],[-83.0844689999144,42.316559000172],[-83.0892330003264,42.3228609998809],[-83.0896149999178,42.3232869999149],[-83.0914810001889,42.3259140001453],[-83.0924870001194,42.3273400002756]]]},"properties":{"GEOID":"26163521100","STATE":"26","COUNTY":"163","TRACT":"521100","NAME":"Census Tract 5211"}},{"type":"Feature","geometry":{"type":"Polygon","coordinates":[[[-83.1134279996101,42.3639569996693],[-83.1101610002966,42.365183999678],[-83.1046350003516,42.3672840000038],[-83.0999470001076,42.3603019997118],[-83.1024009998345,42.3595260000917],[-83.1055650001141,42.3583509996937],[-83.1088430001966,42.3571329997232],[-83.1114760000236,42.361054999826],[-83.1134279996101,42.3639569996693]]]},"properties":{"GEOID":"26163533300","STATE":"26","COUNTY":"163","TRACT":"533300","NAME":"Census Tract 5333"}},{"type":"Feature","geometry":{"type":"Polygon","coordinates":[[[-83.1566800003665,42.328731000251],[-83.1509490003821,42.330048999672],[-83.1450359999245,42.3312580000529],[-83.1384119999876,42.3323149998251],[-83.1375969998528,42.3311020000028],[-83.1321210001365,42.3234300001964],[-83.131367999926,42.3223829998793],[-83.1350279995999,42.3214480001473],[-83.1376019998757,42.3209999999795],[-83.1470379997398,42.3196300002469],[-83.1532089999402,42.3280869997538],[-83.1565509995968,42.3272400003088],[-83.1566800003665,42.328731000251]]]},"properties":{"GEOID":"26163526000","STATE":"26","COUNTY":"163","TRACT":"526000","NAME":"Census Tract 526"}},{"type":"Feature","geometry":{"type":"Polygon","coordinates":[[[-83.1680850004339,42.3710409997529],[-83.1644819997632,42.3711329998603],[-83.1584589997007,42.3712900002878],[-83.1585690002039,42.3735050001921],[-83.1511419998277,42.3736350002973],[-83.1507200000533,42.3734679999394],[-83.1514640000429,42.3711289999161],[-83.1512199996455,42.3663159998721],[-83.1582090003538,42.3661939997378],[-83.1615819999725,42.3661270001834],[-83.1643239995794,42.3660709997977],[-83.1679280000751,42.3659980000378],[-83.1680850004339,42.3710409997529]]]},"properties":{"GEOID":"26163534400","STATE":"26","COUNTY":"163","TRACT":"534400","NAME":"Census Tract 5344"}},{"type":"Feature","geometry":{"type":"Polygon","coordinates":[[[-83.3631940001718,42.281928000282],[-83.3547540001924,42.2833780000941],[-83.3486590001599,42.2843749997815],[-83.3481989998524,42.2746889997944],[-83.3480950000953,42.2674630001555],[-83.3528770000506,42.2673670000196],[-83.3625699998327,42.2671320000947],[-83.3629179999873,42.2743480001566],[-83.3631940001718,42.281928000282]]]},"properties":{"GEOID":"26163566900","STATE":"26","COUNTY":"163","TRACT":"566900","NAME":"Census Tract 5669"}},{"type":"Feature","geometry":{"type":"Polygon","coordinates":[[[-83.1770300000284,42.3476370000395],[-83.1721180003767,42.347745000319],[-83.1710730000882,42.3477840001714],[-83.1708789999194,42.3441599997697],[-83.1670739995823,42.3442260002563],[-83.1668379995807,42.3387300002479],[-83.16668299977,42.3351379998514],[-83.1664559999893,42.3296860002949],[-83.1701149998383,42.3296050002468],[-83.1764309998037,42.3343850000009],[-83.1764540002682,42.3349330003267],[-83.1766140001018,42.3385379999054],[-83.1768740003928,42.3439850000453],[-83.1770300000284,42.3476370000395]]]},"properties":{"GEOID":"26163573702","STATE":"26","COUNTY":"163","TRACT":"573702","NAME":"Census Tract 5737.02"}},{"type":"Feature","geometry":{"type":"Polygon","coordinates":[[[-83.0046920000673,42.4344260002953],[-82.9972920003536,42.4346400002858],[-82.9936340003295,42.4347299997351],[-82.9851249998549,42.4349170001519],[-82.9826879998464,42.4349670000092],[-82.9776959998289,42.435077000218],[-82.9816740004184,42.4290439998952],[-82.9825489999293,42.4277150002592],[-82.984823999556,42.4276729998982],[-82.9933740000385,42.4274720002439],[-83.0043179999735,42.4272280000284],[-83.0046920000673,42.4344260002953]]]},"properties":{"GEOID":"26163503500","STATE":"26","COUNTY":"163","TRACT":"503500","NAME":"Census Tract 5035"}},{"type":"Feature","geometry":{"type":"Polygon","coordinates":[[[-82.9750749996974,42.4270409998781],[-82.9677190003646,42.4271539998406],[-82.9652680001125,42.4271809997311],[-82.960423000408,42.4272330002978],[-82.9588590002607,42.4269310001531],[-82.960496000203,42.4247589998332],[-82.9634579999179,42.4208149996732],[-82.9675269998457,42.4207470000215],[-82.9748210001525,42.4206579997517],[-82.9750749996974,42.4270409998781]]]},"properties":{"GEOID":"26163500500","STATE":"26","COUNTY":"163","TRACT":"500500","NAME":"Census Tract 5005"}},{"type":"Feature","geometry":{"type":"Polygon","coordinates":[[[-83.1493259997853,42.242496999794],[-83.1472660002437,42.2491430002159],[-83.1460410000301,42.252991999835],[-83.1448750002661,42.2527200000287],[-83.1451849998875,42.2514899999878],[-83.1413229996489,42.2505789998688],[-83.1400589999756,42.2535579998569],[-83.1376279998149,42.2526069999989],[-83.1387750002107,42.2500430002141],[-83.1401080003794,42.2479800000514],[-83.1421939998602,42.2448989998811],[-83.1437470001368,42.2440350000856],[-83.1455869995704,42.239438000078],[-83.1483419995961,42.2360619997119],[-83.1485090000007,42.2348679997939],[-83.1491130002483,42.2345850000412],[-83.1518370003118,42.2346420000911],[-83.1493259997853,42.242496999794]]]},"properties":{"GEOID":"26163579800","STATE":"26","COUNTY":"163","TRACT":"579800","NAME":"Census Tract 5798"}},{"type":"Feature","geometry":{"type":"Polygon","coordinates":[[[-83.2468799997417,42.3573640002498],[-83.2408099998236,42.3574770002672],[-83.2359530004235,42.357572999805],[-83.2356520001247,42.3503339997042],[-83.2353869998108,42.3431259996991],[-83.2378459995605,42.3430859996783],[-83.2425050003905,42.3430050002887],[-83.2427139997296,42.3434429998266],[-83.24474999988,42.3501629998566],[-83.2466400004405,42.3501230003298],[-83.2469679996053,42.3573629998787],[-83.2468799997417,42.3573640002498]]]},"properties":{"GEOID":"26163546100","STATE":"26","COUNTY":"163","TRACT":"546100","NAME":"Census Tract 5461"}},{"type":"Feature","geometry":{"type":"Polygon","coordinates":[[[-83.2378459995605,42.3430859996783],[-83.2353869998108,42.3431259996991],[-83.2329220002133,42.3431649997612],[-83.2256460003481,42.343278000077],[-83.2162310004004,42.3433659999531],[-83.2159369997742,42.336127999828],[-83.2254119999964,42.3360030000434],[-83.2326429996557,42.3358970002757],[-83.2351049997785,42.3358339998279],[-83.2375679997262,42.3357360001865],[-83.2378459995605,42.3430859996783]]]},"properties":{"GEOID":"26163545800","STATE":"26","COUNTY":"163","TRACT":"545800","NAME":"Census Tract 5458"}},{"type":"Feature","geometry":{"type":"Polygon","coordinates":[[[-83.2757249996346,42.4000960001319],[-83.2721169998392,42.3999549998155],[-83.266676000283,42.4002399998598],[-83.2643709996208,42.400250000059],[-83.2617579998853,42.4002600002565],[-83.261519000409,42.393033999923],[-83.2613140003696,42.3857879998968],[-83.2652259999385,42.3857920002344],[-83.2752080003239,42.3854679999363],[-83.2757249996346,42.4000960001319]]]},"properties":{"GEOID":"26163544100","STATE":"26","COUNTY":"163","TRACT":"544100","NAME":"Census Tract 5441"}},{"type":"Feature","geometry":{"type":"Polygon","coordinates":[[[-83.0146879997981,42.3788229998324],[-83.0104890001739,42.3851749997322],[-83.0070849996948,42.3903260003112],[-83.0069369995568,42.3902299997378],[-83.0003489996048,42.3808700002382],[-83.0057890002344,42.3786810001329],[-83.0126149998377,42.3759680001162],[-83.0178660003214,42.3740410000269],[-83.0146879997981,42.3788229998324]]]},"properties":{"GEOID":"26163514200","STATE":"26","COUNTY":"163","TRACT":"514200","NAME":"Census Tract 5142"}},{"type":"Feature","geometry":{"type":"Polygon","coordinates":[[[-83.1670739995823,42.2895710000071],[-83.1617479996538,42.2917889998192],[-83.1578500003286,42.2924369999742],[-83.1573280000968,42.2951810000309],[-83.1510790000785,42.2962329998077],[-83.1497629996283,42.2955659996895],[-83.14882299982,42.29320200027],[-83.1474679999101,42.2925390002404],[-83.1444729996849,42.2935839998951],[-83.1426290000534,42.2912150000328],[-83.1394339998116,42.2868000003099],[-83.1371459997661,42.2832600000716],[-83.1375299999056,42.2827909997852],[-83.140367999772,42.2794659998982],[-83.1480429998453,42.2829819998882],[-83.1521090002984,42.2789040003054],[-83.1562950004021,42.2771359999331],[-83.1582400003159,42.2788440001616],[-83.1608940000593,42.2813030001666],[-83.1620220001885,42.2825330001882],[-83.1633700004258,42.2852629997383],[-83.1668519998244,42.2891480000765],[-83.1670739995823,42.2895710000071]]]},"properties":{"GEOID":"26163524500","STATE":"26","COUNTY":"163","TRACT":"524500","NAME":"Census Tract 5245"}},{"type":"Feature","geometry":{"type":"Polygon","coordinates":[[[-83.1664559999893,42.3296860002949],[-83.1567370002679,42.3299249999027],[-83.1566800003665,42.328731000251],[-83.1565509995968,42.3272400003088],[-83.156512999962,42.3245349997446],[-83.1583239999815,42.3190030003228],[-83.1576670000305,42.3180749998496],[-83.153074000221,42.3117690000289],[-83.1471909999007,42.314134000289],[-83.1446319996935,42.3150680000468],[-83.1408380001253,42.3108809997686],[-83.140780000399,42.3110079998771],[-83.1397169996688,42.3086620002611],[-83.1424380002577,42.3052519997132],[-83.1404029999321,42.2990540003141],[-83.140700000033,42.2970359999321],[-83.1426409997489,42.294414999808],[-83.1444729996849,42.2935839998951],[-83.1474679999101,42.2925390002404],[-83.14882299982,42.29320200027],[-83.1497629996283,42.2955659996895],[-83.1510790000785,42.2962329998077],[-83.1492250004013,42.2987099997252],[-83.1626830003375,42.3172359998941],[-83.166170999584,42.3224500002387],[-83.1662550001478,42.3249810001996],[-83.1664559999893,42.3296860002949]]]},"properties":{"GEOID":"26163573501","STATE":"26","COUNTY":"163","TRACT":"573501","NAME":"Census Tract 5735.01"}},{"type":"Feature","geometry":{"type":"Polygon","coordinates":[[[-83.0237129997585,42.419506000223],[-83.019453000035,42.4195589999048],[-83.0137170000277,42.4196809998028],[-83.0113310000729,42.4172979997749],[-83.0073800001459,42.4127249998709],[-82.9975040000657,42.4049090000969],[-82.9947619995605,42.4027450002777],[-82.9893210000043,42.3971790003118],[-82.9877660000778,42.3966380002419],[-82.9881850003774,42.3963259998629],[-82.9923980002453,42.3934649998326],[-82.9959259996747,42.392393000117],[-83.003352000226,42.3920729999903],[-83.0062479998187,42.3915440002687],[-83.008292000365,42.390946999955],[-83.012311999889,42.3893859997945],[-83.0201760001082,42.3862769999577],[-83.0223949996584,42.389468000304],[-83.0226809998887,42.3932240000432],[-83.0226900001095,42.3934280000627],[-83.0229999997309,42.4009529997842],[-83.0237129997585,42.419506000223]]]},"properties":{"GEOID":"26163505700","STATE":"26","COUNTY":"163","TRACT":"505700","NAME":"Census Tract 5057"}},{"type":"Feature","geometry":{"type":"Polygon","coordinates":[[[-83.26524600003,42.3570650000874],[-83.264989999937,42.3570729997751],[-83.2647770004,42.355071999959],[-83.2627959996028,42.3549869997726],[-83.2562720001233,42.3493919996816],[-83.2542469998435,42.347611000301],[-83.2536230004027,42.3418930001762],[-83.2640450001059,42.3416909999665],[-83.2642500001453,42.3427950001557],[-83.2648640004386,42.3489300002534],[-83.2651439999228,42.3517299999582],[-83.2656560001088,42.3570550003105],[-83.26524600003,42.3570650000874]]]},"properties":{"GEOID":"26163546201","STATE":"26","COUNTY":"163","TRACT":"546201","NAME":"Census Tract 5462.01"}},{"type":"Feature","geometry":{"type":"Polygon","coordinates":[[[-83.216567999786,42.365259000211],[-83.2149469997373,42.3650810000745],[-83.2093770003097,42.365178000189],[-83.2026670001589,42.3652929999187],[-83.1972859999789,42.3653650002541],[-83.1971129997265,42.3605369998284],[-83.1969970002739,42.3581290000523],[-83.1968850001209,42.3557579996918],[-83.1966089999364,42.3508900002639],[-83.2039590003197,42.3507829998888],[-83.2095310002955,42.3507030002711],[-83.2162649998373,42.3506189999655],[-83.2164459995873,42.3506159998577],[-83.2165810002048,42.3578449996906],[-83.216567999786,42.365259000211]]]},"properties":{"GEOID":"26163547200","STATE":"26","COUNTY":"163","TRACT":"547200","NAME":"Census Tract 5472"}},{"type":"Feature","geometry":{"type":"Polygon","coordinates":[[[-83.1149809998867,42.4321330003112],[-83.102380999743,42.4322770000893],[-83.1009310002968,42.4323119998104],[-83.0949240001279,42.4324729997345],[-83.0946539997911,42.4324839999366],[-83.0940560002896,42.4266810002413],[-83.0931840002534,42.4249150001371],[-83.08775000037,42.4182349997916],[-83.0894169995511,42.4181610002627],[-83.1018119996555,42.4178279999756],[-83.1052930001275,42.4177490002673],[-83.1058580000171,42.4187350003246],[-83.1085929999513,42.4226460002173],[-83.1113179998398,42.4267139999128],[-83.1149809998867,42.4321330003112]]]},"properties":{"GEOID":"26163509000","STATE":"26","COUNTY":"163","TRACT":"509000","NAME":"Census Tract 509"}},{"type":"Feature","geometry":{"type":"Polygon","coordinates":[[[-83.4103159997661,42.3529359997685],[-83.3862040003231,42.353480999768],[-83.3860789997513,42.3518390003033],[-83.3917849996214,42.3520699997094],[-83.3929830000708,42.3507570001239],[-83.3916680003438,42.3489289997479],[-83.3980160000963,42.348152999774],[-83.3987459998422,42.3470509998005],[-83.3989030002011,42.3445479997054],[-83.398904000026,42.3437610002715],[-83.39671200024,42.3410600002658],[-83.3996840000007,42.3392230001473],[-83.4002380000195,42.338564000076],[-83.4016609997015,42.33813499987],[-83.4071930003926,42.334607999905],[-83.4090760003822,42.3340260000634],[-83.4092119999263,42.3369610000007],[-83.4097450000288,42.345727000132],[-83.4098229998466,42.3467989998398],[-83.4102549996667,42.3520810000709],[-83.4103159997661,42.3529359997685]]]},"properties":{"GEOID":"26163565302","STATE":"26","COUNTY":"163","TRACT":"565302","NAME":"Census Tract 5653.02"}},{"type":"Feature","geometry":{"type":"Polygon","coordinates":[[[-83.1288320001834,42.3188739997669],[-83.1267319995605,42.3191529999261],[-83.124564000064,42.3169350001398],[-83.1137120001905,42.3156159999385],[-83.1150310001155,42.3137050001878],[-83.1166150003543,42.3114120001083],[-83.1180370002114,42.3093540003185],[-83.1201760002939,42.3062539999184],[-83.1205069998317,42.3073159997768],[-83.1243139998187,42.3126360002315],[-83.1275840004036,42.317154000075],[-83.1288320001834,42.3188739997669]]]},"properties":{"GEOID":"26163524001","STATE":"26","COUNTY":"163","TRACT":"524001","NAME":"Census Tract 5240.01"}},{"type":"Feature","geometry":{"type":"Polygon","coordinates":[[[-83.0466340002213,42.3635799997404],[-83.0358569997927,42.3674920002025],[-83.027655000363,42.3704730003187],[-83.0239620001788,42.36483599983],[-83.0290029997019,42.3571419997769],[-83.0320459996077,42.3524949999653],[-83.0358660000135,42.3515959998048],[-83.0382579998161,42.3552110000394],[-83.0405099998765,42.3543709997349],[-83.0466340002213,42.3635799997404]]]},"properties":{"GEOID":"26163519000","STATE":"26","COUNTY":"163","TRACT":"519000","NAME":"Census Tract 519"}},{"type":"Feature","geometry":{"type":"Polygon","coordinates":[[[-83.0338759998938,42.3792789996683],[-83.0296239996679,42.3837019998188],[-83.0263590000043,42.3849079997298],[-83.0217519999511,42.3858299997789],[-83.0201760001082,42.3862769999577],[-83.012311999889,42.3893859997945],[-83.008292000365,42.390946999955],[-83.0062479998187,42.3915440002687],[-83.0070849996948,42.3903260003112],[-83.0104890001739,42.3851749997322],[-83.0146879997981,42.3788229998324],[-83.0178660003214,42.3740410000269],[-83.0187380003576,42.3727280002623],[-83.0239620001788,42.36483599983],[-83.027655000363,42.3704730003187],[-83.0330159995532,42.3786059996994],[-83.0338759998938,42.3792789996683]]]},"properties":{"GEOID":"26163519200","STATE":"26","COUNTY":"163","TRACT":"519200","NAME":"Census Tract 5192"}},{"type":"Feature","geometry":{"type":"Polygon","coordinates":[[[-83.1514640000429,42.3711289999161],[-83.1507200000533,42.3734679999394],[-83.1459449997707,42.3715469996714],[-83.1453749998583,42.3713099999548],[-83.1449709996272,42.3711530002409],[-83.1431970003159,42.3692999999251],[-83.1387509999213,42.3673980003128],[-83.1387409998755,42.3671700001516],[-83.1385919999126,42.3639769996798],[-83.138392999721,42.3593699998084],[-83.1382580000018,42.3563280001836],[-83.1381819998338,42.35551100013],[-83.1357029999926,42.3520719999563],[-83.1399970000513,42.3520699997094],[-83.1427980001078,42.3520140000722],[-83.1470789997477,42.3519289997331],[-83.1477359996987,42.3519159997571],[-83.1496229998862,42.3518769998127],[-83.1500589999043,42.35911400007],[-83.1496170000384,42.35912299984],[-83.1499130003144,42.3663430000656],[-83.1512199996455,42.3663159998721],[-83.1514640000429,42.3711289999161]]]},"properties":{"GEOID":"26163534800","STATE":"26","COUNTY":"163","TRACT":"534800","NAME":"Census Tract 5348"}},{"type":"Feature","geometry":{"type":"Polygon","coordinates":[[[-83.1127099995597,42.4048280001411],[-83.1088370003488,42.4063520001603],[-83.1081500002605,42.4067259999391],[-83.1044570000764,42.4100630000721],[-83.1010509999474,42.4114269999243],[-83.0955600001625,42.4032990000585],[-83.0989839998348,42.4019660000204],[-83.1045600000085,42.4000120001932],[-83.1025070001397,42.396951999878],[-83.0996340001132,42.3926520003289],[-83.0977269998342,42.3898429997316],[-83.1022779998108,42.3880839997797],[-83.1059059996976,42.3931009999647],[-83.109048000236,42.3985850003307],[-83.1091190003811,42.398748999761],[-83.1120889995937,42.4030309998965],[-83.1133089997844,42.404672999893],[-83.1127099995597,42.4048280001411]]]},"properties":{"GEOID":"26163559800","STATE":"26","COUNTY":"163","TRACT":"559800","NAME":"Census Tract 5598"}},{"type":"Feature","geometry":{"type":"Polygon","coordinates":[[[-82.9877660000778,42.3966380002419],[-82.9852439996805,42.3981030000096],[-82.9844019997816,42.3988210002168],[-82.9821589999419,42.399484000089],[-82.9819320001612,42.3991760000771],[-82.9731060003924,42.4015950000521],[-82.9649369996764,42.4036110002603],[-82.964298000167,42.4038219997533],[-82.9603289997984,42.4050480000068],[-82.9602459999577,42.4049240002739],[-82.9581019998522,42.4017229997169],[-82.9575419999856,42.4011409997989],[-82.9544920004071,42.39702099986],[-82.9601110002385,42.394994999834],[-82.9641359997853,42.3935450000674],[-82.9670449997969,42.392499999955],[-82.9680890002605,42.3921239999974],[-82.9760289997494,42.3892880000483],[-82.9787770001024,42.3902150000289],[-82.9838889997706,42.3933049997206],[-82.9849230001885,42.3941439997876],[-82.9851320004259,42.3943089999921],[-82.9873619998467,42.3964219997366],[-82.9877660000778,42.3966380002419]]]},"properties":{"GEOID":"26163502600","STATE":"26","COUNTY":"163","TRACT":"502600","NAME":"Census Tract 5026"}},{"type":"Feature","geometry":{"type":"Polygon","coordinates":[[[-82.994119999678,42.3720459998616],[-82.9894990002795,42.36563700026],[-82.9816750002433,42.3686670002287],[-82.9736250002512,42.3715809999579],[-82.9706109997594,42.3669819999317],[-82.9788840002325,42.3630580001889],[-82.9845890002777,42.358817000301],[-82.9889929999412,42.3553790002135],[-82.9931079998997,42.3610869998576],[-82.9992969996436,42.3697139998715],[-82.994119999678,42.3720459998616]]]},"properties":{"GEOID":"26163513800","STATE":"26","COUNTY":"163","TRACT":"513800","NAME":"Census Tract 5138"}},{"type":"Feature","geometry":{"type":"Polygon","coordinates":[[[-83.3062619997212,42.1883429999289],[-83.2986860002804,42.1885790002051],[-83.2961949998453,42.1891859998718],[-83.2954450000079,42.1892449997358],[-83.2954919998635,42.1910930001808],[-83.2956109996892,42.1967949996753],[-83.2872169997406,42.1970269999741],[-83.2869640000206,42.1898379997896],[-83.2868229995553,42.1825349998375],[-83.2957849997665,42.1819400001796],[-83.2967949998949,42.1818730001694],[-83.30602200042,42.1812820003032],[-83.3062590002465,42.188109999968],[-83.3062619997212,42.1883429999289]]]},"properties":{"GEOID":"26163584802","STATE":"26","COUNTY":"163","TRACT":"584802","NAME":"Census Tract 5848.02"}},{"type":"Feature","geometry":{"type":"Polygon","coordinates":[[[-83.0070849996948,42.3903260003112],[-83.0062479998187,42.3915440002687],[-83.003352000226,42.3920729999903],[-82.9959259996747,42.392393000117],[-82.9923980002453,42.3934649998326],[-82.9881850003774,42.3963259998629],[-82.9877660000778,42.3966380002419],[-82.9873619998467,42.3964219997366],[-82.9851320004259,42.3943089999921],[-82.9849230001885,42.3941439997876],[-82.9838889997706,42.3933049997206],[-82.9787770001024,42.3902150000289],[-82.9760289997494,42.3892880000483],[-82.9793069998318,42.3888960001973],[-82.9838500003109,42.3872660001048],[-82.9925029998273,42.3840039997854],[-83.0003489996048,42.3808700002382],[-83.0069369995568,42.3902299997378],[-83.0070849996948,42.3903260003112]]]},"properties":{"GEOID":"26163514300","STATE":"26","COUNTY":"163","TRACT":"514300","NAME":"Census Tract 5143"}},{"type":"Feature","geometry":{"type":"Polygon","coordinates":[[[-83.0886650000639,42.3931019997667],[-83.079727999967,42.3964819999147],[-83.0737700002019,42.3987859997107],[-83.0711919997282,42.3956049996849],[-83.0691339998364,42.3930560002318],[-83.0700379996597,42.3901629999487],[-83.0690519998207,42.3875109997767],[-83.0683310002955,42.3864309999576],[-83.0715349998598,42.3844760001766],[-83.0747650002617,42.3832610003011],[-83.0805930003305,42.3811129996697],[-83.0817380001782,42.3828149998471],[-83.0856360004017,42.3886049998163],[-83.0886650000639,42.3931019997667]]]},"properties":{"GEOID":"26163511400","STATE":"26","COUNTY":"163","TRACT":"511400","NAME":"Census Tract 5114"}},{"type":"Feature","geometry":{"type":"Polygon","coordinates":[[[-83.0137170000277,42.4196809998028],[-83.0046490004096,42.4199370000021],[-83.0040219996975,42.4199359999645],[-83.0031589998821,42.4202450002141],[-82.9999979999755,42.4153239997583],[-82.9957290000312,42.4088069998498],[-82.9950980000194,42.4085760001484],[-82.9964479999065,42.4065150002635],[-82.9975040000657,42.4049090000969],[-83.0073800001459,42.4127249998709],[-83.0113310000729,42.4172979997749],[-83.0137170000277,42.4196809998028]]]},"properties":{"GEOID":"26163505200","STATE":"26","COUNTY":"163","TRACT":"505200","NAME":"Census Tract 5052"}},{"type":"Feature","geometry":{"type":"Polygon","coordinates":[[[-83.0043179999735,42.4272280000284],[-82.9933740000385,42.4274720002439],[-82.984823999556,42.4276729998982],[-82.9825489999293,42.4277150002592],[-82.983068999613,42.426929000301],[-82.9848889998533,42.4267899998135],[-82.9989769999764,42.4217490001613],[-83.0031589998821,42.4202450002141],[-83.0040219996975,42.4199359999645],[-83.0040340002914,42.4210120000322],[-83.0043179999735,42.4272280000284]]]},"properties":{"GEOID":"26163503600","STATE":"26","COUNTY":"163","TRACT":"503600","NAME":"Census Tract 5036"}},{"type":"Feature","geometry":{"type":"Polygon","coordinates":[[[-83.183003999687,42.3801729998821],[-83.1830559995656,42.382274000046],[-83.1783659996718,42.3833209997901],[-83.1762969999094,42.3837719997206],[-83.1702529999305,42.3850570001196],[-83.1686019997446,42.3852829998578],[-83.1684569999796,42.3805929998321],[-83.1684519999567,42.3804910002826],[-83.1681549998558,42.3732300000527],[-83.1730730002536,42.3731250001283],[-83.1767699997374,42.3730580000026],[-83.1829729997249,42.3729350002297],[-83.1831590003961,42.37846999972],[-83.183003999687,42.3801729998821]]]},"properties":{"GEOID":"26163535200","STATE":"26","COUNTY":"163","TRACT":"535200","NAME":"Census Tract 5352"}},{"type":"Feature","geometry":{"type":"Polygon","coordinates":[[[-82.9531919998504,42.4344039999078],[-82.9529600000468,42.4346570002506],[-82.9523280002101,42.4356669997905],[-82.9518019997803,42.4363729996874],[-82.9516029995887,42.436297000135],[-82.9513570004397,42.4358089998359],[-82.9478550000513,42.4343729999214],[-82.9436120000462,42.4326370000762],[-82.9404159999795,42.4313290000005],[-82.9373820002945,42.4300899998906],[-82.9427860000408,42.4231739996726],[-82.9457510001288,42.4243850001592],[-82.9478039999977,42.4252239997206],[-82.9489079998374,42.425676000177],[-82.9531369995988,42.4274049997739],[-82.9572519995574,42.4291009997],[-82.9531919998504,42.4344039999078]]]},"properties":{"GEOID":"26163500700","STATE":"26","COUNTY":"163","TRACT":"500700","NAME":"Census Tract 5007"}},{"type":"Feature","geometry":{"type":"Polygon","coordinates":[[[-83.1438509998939,42.3186589998025],[-83.1416390000164,42.3189090003095],[-83.1378820002581,42.3139040000766],[-83.1345940001299,42.316479999879],[-83.1315820001863,42.3170210003114],[-83.1287340002741,42.3173680001884],[-83.1275840004036,42.317154000075],[-83.1243139998187,42.3126360002315],[-83.1274680000526,42.3113359999865],[-83.1325639998273,42.3092620001234],[-83.1360389995533,42.3078529999415],[-83.1424380002577,42.3052519997132],[-83.1397169996688,42.3086620002611],[-83.140780000399,42.3110079998771],[-83.1434480003861,42.314690000109],[-83.1419539996607,42.3152050001349],[-83.1438509998939,42.3186589998025]]]},"properties":{"GEOID":"26163524101","STATE":"26","COUNTY":"163","TRACT":"524101","NAME":"Census Tract 5241.01"}},{"type":"Feature","geometry":{"type":"Polygon","coordinates":[[[-83.1408359995772,42.4171470001616],[-83.1353070001575,42.4172249998843],[-83.1308619995877,42.4172940001192],[-83.1281490002931,42.4173489998388],[-83.1278069999863,42.4101539998484],[-83.1276889999855,42.410155000042],[-83.1274060001283,42.4050800001763],[-83.1403429996577,42.4048070002583],[-83.1403490004038,42.4049570001197],[-83.1405369998265,42.4099040000297],[-83.1408359995772,42.4171470001616]]]},"properties":{"GEOID":"26163530200","STATE":"26","COUNTY":"163","TRACT":"530200","NAME":"Census Tract 5302"}},{"type":"Feature","geometry":{"type":"Polygon","coordinates":[[[-83.0711919997282,42.3956049996849],[-83.068271999846,42.3967049997532],[-83.0648149996634,42.3979780000939],[-83.0598419999124,42.3998060002942],[-83.0580280004181,42.3971119999799],[-83.0557870002283,42.3936939998597],[-83.0580049999536,42.3928670000721],[-83.061936999614,42.390409999946],[-83.0624870003332,42.3912429999156],[-83.0664519996056,42.3897749996744],[-83.0691339998364,42.3930560002318],[-83.0711919997282,42.3956049996849]]]},"properties":{"GEOID":"26163552200","STATE":"26","COUNTY":"163","TRACT":"552200","NAME":"Census Tract 5522"}},{"type":"Feature","geometry":{"type":"Polygon","coordinates":[[[-83.1153109995996,42.324194999856],[-83.1067900003277,42.3253620000722],[-83.1028290003549,42.331296000049],[-83.1005639998757,42.3345569996721],[-83.0995870002575,42.3334070002103],[-83.0967150000559,42.333796000177],[-83.0924870001194,42.3273400002756],[-83.0914810001889,42.3259140001453],[-83.0979069997592,42.3231610002613],[-83.1040779999597,42.3209319997819],[-83.110907999761,42.3181489998069],[-83.1114710000007,42.3189230001225],[-83.1153109995996,42.324194999856]]]},"properties":{"GEOID":"26163523100","STATE":"26","COUNTY":"163","TRACT":"523100","NAME":"Census Tract 5231"}},{"type":"Feature","geometry":{"type":"Polygon","coordinates":[[[-83.0828939998965,42.4329009997248],[-83.0736730001175,42.4329290002853],[-83.0686140001527,42.4258340000754],[-83.0671529999376,42.4237889999616],[-83.0680609999588,42.4234660001997],[-83.0824570000535,42.423300999751],[-83.0825440000921,42.4253400001603],[-83.0828939998965,42.4329009997248]]]},"properties":{"GEOID":"26163507100","STATE":"26","COUNTY":"163","TRACT":"507100","NAME":"Census Tract 5071"}},{"type":"Feature","geometry":{"type":"Polygon","coordinates":[[[-83.0533200000826,42.4333440001173],[-83.0471210002931,42.4334879997651],[-83.0470269996834,42.433490000071],[-83.0389480002774,42.4336819999646],[-83.0386389995826,42.4264029998475],[-83.0434819996373,42.4262889999211],[-83.0467820003594,42.4262200003012],[-83.0530249996315,42.4260910002892],[-83.0533200000826,42.4333440001173]]]},"properties":{"GEOID":"26163506500","STATE":"26","COUNTY":"163","TRACT":"506500","NAME":"Census Tract 5065"}},{"type":"Feature","geometry":{"type":"Polygon","coordinates":[[[-83.1365780004018,42.3053260001319],[-83.1348550002458,42.3060060000147],[-83.1360389995533,42.3078529999415],[-83.1325639998273,42.3092620001234],[-83.1274680000526,42.3113359999865],[-83.1243139998187,42.3126360002315],[-83.1205069998317,42.3073159997768],[-83.1234080003456,42.3061590002716],[-83.1288539999247,42.3038649997883],[-83.1287040001369,42.3036470000161],[-83.134769999857,42.301283000319],[-83.1365270003482,42.303810000301],[-83.1365780004018,42.3053260001319]]]},"properties":{"GEOID":"26163524200","STATE":"26","COUNTY":"163","TRACT":"524200","NAME":"Census Tract 5242"}},{"type":"Feature","geometry":{"type":"Polygon","coordinates":[[[-83.1426290000534,42.2912150000328],[-83.1309079996185,42.2957240001817],[-83.1248150001341,42.2980230002047],[-83.1212790003088,42.300649999993],[-83.113988000375,42.3037049999988],[-83.1091650004118,42.305625999735],[-83.1057629995825,42.3070000000986],[-83.1042949996947,42.3077679996961],[-83.1007589998693,42.3097170000868],[-83.0971560000968,42.3113159998343],[-83.0910920000265,42.3136720002122],[-83.0856749998615,42.3158239997536],[-83.0844689999144,42.316559000172],[-83.0828510002388,42.3146409997786],[-83.0814319998564,42.3126580001365],[-83.0825890002979,42.3107510000512],[-83.0856239998079,42.3087769997532],[-83.091737000282,42.3037290001592],[-83.0977839997356,42.3012440001995],[-83.1013339998046,42.2976680000523],[-83.1134510000746,42.292343000156],[-83.1111439997625,42.289474000197],[-83.1147049997022,42.2901769997275],[-83.1166239996768,42.290186000061],[-83.1193259999991,42.2890569997232],[-83.1199539996378,42.2875540002715],[-83.1189369998366,42.2829750003052],[-83.1178389998446,42.2811629999767],[-83.118372999772,42.27918699997],[-83.1219710004199,42.2794349998195],[-83.1287900003506,42.2807910000687],[-83.1315699995924,42.2814079999387],[-83.1357440000005,42.2825889998814],[-83.1375299999056,42.2827909997852],[-83.1371459997661,42.2832600000716],[-83.1394339998116,42.2868000003099],[-83.1426290000534,42.2912150000328]]]},"properties":{"GEOID":"26163524600","STATE":"26","COUNTY":"163","TRACT":"524600","NAME":"Census Tract 5246"}},{"type":"Feature","geometry":{"type":"Polygon","coordinates":[[[-83.1984219996057,42.3942729998397],[-83.1935219996496,42.3944039998527],[-83.1886159998458,42.3945369998141],[-83.1842239998778,42.3946659997218],[-83.17880000004,42.3948240001321],[-83.1787149996512,42.3926989999685],[-83.1821769998567,42.3900920000247],[-83.1831090001673,42.3865150001602],[-83.185420999604,42.3874439997394],[-83.1883790000193,42.3886340001269],[-83.1983649997043,42.3926570000382],[-83.1984219996057,42.3942729998397]]]},"properties":{"GEOID":"26163537800","STATE":"26","COUNTY":"163","TRACT":"537800","NAME":"Census Tract 5378"}},{"type":"Feature","geometry":{"type":"Polygon","coordinates":[[[-83.1492019999367,42.3896859999077],[-83.1481309997089,42.391263999694],[-83.1489829996536,42.3953319996712],[-83.1399379996017,42.3954180000977],[-83.1398460004385,42.3933120003021],[-83.1396680001633,42.3893479997486],[-83.1395400001168,42.3864930002128],[-83.1394310003368,42.383888999809],[-83.1393169996357,42.3811849997877],[-83.1466369998818,42.3810330001792],[-83.1473139999243,42.3820059996714],[-83.1490300004076,42.3834399999672],[-83.1491690003248,42.3861739997771],[-83.1492019999367,42.3896859999077]]]},"properties":{"GEOID":"26163536500","STATE":"26","COUNTY":"163","TRACT":"536500","NAME":"Census Tract 5365"}},{"type":"Feature","geometry":{"type":"Polygon","coordinates":[[[-83.1955920001352,42.329190000209],[-83.1859319999651,42.3292790000317],[-83.1857029996363,42.3245619999559],[-83.1854709998327,42.3194089996719],[-83.1867939999556,42.3190260003117],[-83.1896939997463,42.3181869997511],[-83.1949290003364,42.3164270001735],[-83.1950520003601,42.3168549999674],[-83.1952969996841,42.3221649998122],[-83.1954029999894,42.3245499998634],[-83.1955920001352,42.329190000209]]]},"properties":{"GEOID":"26163573400","STATE":"26","COUNTY":"163","TRACT":"573400","NAME":"Census Tract 5734"}},{"type":"Feature","geometry":{"type":"Polygon","coordinates":[[[-83.0993129997228,42.3764409999331],[-83.0902250000132,42.3797159998875],[-83.0863629997746,42.3740529999658],[-83.0953419997043,42.3707660001073],[-83.0988080001077,42.3759299999118],[-83.0993129997228,42.3764409999331]]]},"properties":{"GEOID":"26163532700","STATE":"26","COUNTY":"163","TRACT":"532700","NAME":"Census Tract 5327"}},{"type":"Feature","geometry":{"type":"Polygon","coordinates":[[[-83.1398460004385,42.3933120003021],[-83.1344009997861,42.3953700000747],[-83.1338380004447,42.3941649999221],[-83.1324409998036,42.3920809998641],[-83.1308730003567,42.3897430003245],[-83.1386210002249,42.3867749999801],[-83.1395400001168,42.3864930002128],[-83.1396680001633,42.3893479997486],[-83.1398460004385,42.3933120003021]]]},"properties":{"GEOID":"26163530400","STATE":"26","COUNTY":"163","TRACT":"530400","NAME":"Census Tract 5304"}},{"type":"Feature","geometry":{"type":"Polygon","coordinates":[[[-83.1882069995918,42.2901169996863],[-83.1842049996112,42.2949490002669],[-83.1804720001424,42.2942620002494],[-83.1791010003389,42.2943849998196],[-83.1742099997053,42.2974789999484],[-83.1713030002419,42.295322999694],[-83.1712389997695,42.2930019999909],[-83.1691330001972,42.2916090001436],[-83.1697440001175,42.2914409997163],[-83.1696760003454,42.2896440001287],[-83.1689199997619,42.2894630001817],[-83.1670739995823,42.2895710000071],[-83.1668519998244,42.2891480000765],[-83.1633700004258,42.2852629997383],[-83.1749500003954,42.2825620002729],[-83.1832389998637,42.280601000233],[-83.1850809998453,42.2804759998014],[-83.1869770002537,42.2808719998069],[-83.1880679996747,42.2813480001853],[-83.1934139996946,42.283830999936],[-83.1882069995918,42.2901169996863]]]},"properties":{"GEOID":"26163578500","STATE":"26","COUNTY":"163","TRACT":"578500","NAME":"Census Tract 5785"}},{"type":"Feature","geometry":{"type":"Polygon","coordinates":[[[-83.0074629999866,42.3556040001462],[-82.9986029998826,42.3589089997247],[-82.9949110004217,42.3537259998115],[-82.9940250001418,42.3519530000904],[-82.9943260004407,42.3517569997811],[-83.0004199997499,42.3478680002822],[-83.0020790003318,42.3471579998892],[-83.0029179998577,42.3486580002895],[-83.0040240002456,42.350393000293],[-83.0074629999866,42.3556040001462]]]},"properties":{"GEOID":"26163515300","STATE":"26","COUNTY":"163","TRACT":"515300","NAME":"Census Tract 5153"}},{"type":"Feature","geometry":{"type":"Polygon","coordinates":[[[-83.2752080003239,42.3854679999363],[-83.2652259999385,42.3857920002344],[-83.2613140003696,42.3857879998968],[-83.2587819999266,42.3856899998417],[-83.2561919997573,42.3856159997393],[-83.2561420004269,42.3838099998243],[-83.2583860000915,42.3835459998514],[-83.2606259995581,42.383275999681],[-83.2611050001322,42.3788750000159],[-83.2659649999053,42.3787549997827],[-83.2666670000622,42.3787930002685],[-83.2666629998642,42.3786040002971],[-83.2749990000865,42.378432999738],[-83.2749880002159,42.3786069997323],[-83.2752080003239,42.3854679999363]]]},"properties":{"GEOID":"26163544000","STATE":"26","COUNTY":"163","TRACT":"544000","NAME":"Census Tract 544"}},{"type":"Feature","geometry":{"type":"Polygon","coordinates":[[[-83.3099070002248,42.2909670000349],[-83.3001650000389,42.2925460000898],[-83.2997890002953,42.2829210000782],[-83.2995199997834,42.2756779999761],[-83.3044220002877,42.2755839997432],[-83.3093110003731,42.2755049998775],[-83.3095640000931,42.2827310000195],[-83.3099070002248,42.2909670000349]]]},"properties":{"GEOID":"26163570900","STATE":"26","COUNTY":"163","TRACT":"570900","NAME":"Census Tract 5709"}},{"type":"Feature","geometry":{"type":"Polygon","coordinates":[[[-83.1426409997489,42.294414999808],[-83.140700000033,42.2970359999321],[-83.1404029999321,42.2990540003141],[-83.1424380002577,42.3052519997132],[-83.1360389995533,42.3078529999415],[-83.1348550002458,42.3060060000147],[-83.1365780004018,42.3053260001319],[-83.1365270003482,42.303810000301],[-83.134769999857,42.301283000319],[-83.1287040001369,42.3036470000161],[-83.1288539999247,42.3038649997883],[-83.1234080003456,42.3061590002716],[-83.1205069998317,42.3073159997768],[-83.1201760002939,42.3062539999184],[-83.1253449998636,42.2987750000906],[-83.1248150001341,42.2980230002047],[-83.1309079996185,42.2957240001817],[-83.1426290000534,42.2912150000328],[-83.1444729996849,42.2935839998951],[-83.1426409997489,42.294414999808]]]},"properties":{"GEOID":"26163524300","STATE":"26","COUNTY":"163","TRACT":"524300","NAME":"Census Tract 5243"}},{"type":"Feature","geometry":{"type":"Polygon","coordinates":[[[-83.2672000001647,42.4124329997291],[-83.2657060003375,42.4134379998375],[-83.2663199997326,42.4147270001891],[-83.2647949999433,42.4148009997911],[-83.2622829995918,42.4147440002488],[-83.2574780000703,42.4147359999482],[-83.2571180002202,42.407468000012],[-83.2568329998148,42.4002900001763],[-83.2617579998853,42.4002600002565],[-83.2643709996208,42.400250000059],[-83.266676000283,42.4002399998598],[-83.2672000001647,42.4124329997291]]]},"properties":{"GEOID":"26163544200","STATE":"26","COUNTY":"163","TRACT":"544200","NAME":"Census Tract 5442"}},{"type":"Feature","geometry":{"type":"Polygon","coordinates":[[[-83.229786000421,42.429823000034],[-83.2277739996617,42.4298639997382],[-83.2192330002983,42.4300199999364],[-83.2189579999387,42.4227849999462],[-83.2187119998915,42.4155530002579],[-83.2188950001895,42.4155479997201],[-83.2292139999605,42.4153470003213],[-83.2294490001372,42.422568999939],[-83.2296600000244,42.4266599997179],[-83.229786000421,42.429823000034]]]},"properties":{"GEOID":"26163540500","STATE":"26","COUNTY":"163","TRACT":"540500","NAME":"Census Tract 5405"}},{"type":"Feature","geometry":{"type":"Polygon","coordinates":[[[-83.1934680001213,42.1971869997299],[-83.1931519997538,42.1992640002848],[-83.1849670000425,42.199382999997],[-83.1800300002765,42.1994609998322],[-83.179822999689,42.1922180002892],[-83.1798789997654,42.1915890002171],[-83.1795930004335,42.1850140001939],[-83.1893170001777,42.184895999835],[-83.1897950000286,42.1848910002493],[-83.1927199999336,42.1885929996918],[-83.1930970004005,42.1896410001957],[-83.1932830001734,42.192033999845],[-83.1934680001213,42.1971869997299]]]},"properties":{"GEOID":"26163582000","STATE":"26","COUNTY":"163","TRACT":"582000","NAME":"Census Tract 582"}},{"type":"Feature","geometry":{"type":"Polygon","coordinates":[[[-83.0702140002851,42.4329730000989],[-83.0631169996218,42.4331289998524],[-83.0577210002714,42.4332479997263],[-83.0533200000826,42.4333440001173],[-83.0530249996315,42.4260910002892],[-83.062705999718,42.4259010002353],[-83.0686140001527,42.4258340000754],[-83.0736730001175,42.4329290002853],[-83.0702140002851,42.4329730000989]]]},"properties":{"GEOID":"26163507000","STATE":"26","COUNTY":"163","TRACT":"507000","NAME":"Census Tract 507"}},{"type":"Feature","geometry":{"type":"Polygon","coordinates":[[[-82.9760289997494,42.3892880000483],[-82.9680890002605,42.3921239999974],[-82.9670449997969,42.392499999955],[-82.9641359997853,42.3935450000674],[-82.9601110002385,42.394994999834],[-82.9544920004071,42.39702099986],[-82.9532570001477,42.3955849997947],[-82.9476990004157,42.3872999998429],[-82.9542709995758,42.3862629998787],[-82.9572120002727,42.3857649997758],[-82.9587880001156,42.3853860001732],[-82.9630660002807,42.3843430001288],[-82.9651919999445,42.383835999847],[-82.9678430002132,42.3836960001079],[-82.9711599997554,42.3874539999872],[-82.9760289997494,42.3892880000483]]]},"properties":{"GEOID":"26163502700","STATE":"26","COUNTY":"163","TRACT":"502700","NAME":"Census Tract 5027"}},{"type":"Feature","geometry":{"type":"Polygon","coordinates":[[[-83.2366530000323,42.3804620001918],[-83.233184999979,42.3785580000916],[-83.2318529996353,42.378222999858],[-83.2271259999315,42.3780279999093],[-83.2169310000091,42.3788029999035],[-83.2168730002828,42.378245000049],[-83.2165850004027,42.3722569999583],[-83.216567999786,42.365259000211],[-83.2171800004295,42.3651970002281],[-83.217929000442,42.3650529997535],[-83.2263359999111,42.3648870000598],[-83.236038999739,42.364704000253],[-83.2362570001972,42.3718910002762],[-83.2365590003209,42.3787179999687],[-83.2366530000323,42.3804620001918]]]},"properties":{"GEOID":"26163547100","STATE":"26","COUNTY":"163","TRACT":"547100","NAME":"Census Tract 5471"}},{"type":"Feature","geometry":{"type":"Polygon","coordinates":[[[-83.2964710000298,42.4139990002927],[-83.2866979998818,42.4142520000915],[-83.2864629997052,42.4069999997098],[-83.2766810002346,42.407277999905],[-83.2759410004429,42.40728099996],[-83.2757249996346,42.4000960001319],[-83.2764650003246,42.400074000301],[-83.2860400001059,42.399811999792],[-83.2886119998335,42.3997520001443],[-83.2958829996758,42.399577999714],[-83.2961759995787,42.4064380000763],[-83.2964710000298,42.4139990002927]]]},"properties":{"GEOID":"26163554500","STATE":"26","COUNTY":"163","TRACT":"554500","NAME":"Census Tract 5545"}},{"type":"Feature","geometry":{"type":"Polygon","coordinates":[[[-83.004963000229,42.4416810002443],[-82.9939320002554,42.4419730000783],[-82.9854069998872,42.442204999739],[-82.9851249998549,42.4349170001519],[-82.9936340003295,42.4347299997351],[-82.9972920003536,42.4346400002858],[-83.0046920000673,42.4344260002953],[-83.004963000229,42.4416810002443]]]},"properties":{"GEOID":"26163503300","STATE":"26","COUNTY":"163","TRACT":"503300","NAME":"Census Tract 5033"}},{"type":"Feature","geometry":{"type":"Polygon","coordinates":[[[-82.9634579999179,42.4208149996732],[-82.960496000203,42.4247589998332],[-82.9511010003467,42.4208859999816],[-82.9490219996403,42.4200320001858],[-82.9392290002991,42.4160570000251],[-82.9433960001361,42.412934999732],[-82.9517929995595,42.4164100003225],[-82.9522739997834,42.416610000203],[-82.9538399995806,42.4172589999711],[-82.9574800000613,42.4187650000309],[-82.9624160000024,42.4208010000045],[-82.9634579999179,42.4208149996732]]]},"properties":{"GEOID":"26163501000","STATE":"26","COUNTY":"163","TRACT":"501000","NAME":"Census Tract 501"}},{"type":"Feature","geometry":{"type":"Polygon","coordinates":[[[-83.1344009997861,42.3953700000747],[-83.1257530002925,42.3985670001568],[-83.1253850000465,42.3980149998348],[-83.1235870004458,42.3953360000639],[-83.1220299999712,42.3930190002207],[-83.1274420001133,42.3910119999001],[-83.1308730003567,42.3897430003245],[-83.1324409998036,42.3920809998641],[-83.1338380004447,42.3941649999221],[-83.1344009997861,42.3953700000747]]]},"properties":{"GEOID":"26163531600","STATE":"26","COUNTY":"163","TRACT":"531600","NAME":"Census Tract 5316"}},{"type":"Feature","geometry":{"type":"Polygon","coordinates":[[[-83.0989910004058,42.3501369998351],[-83.0955619998123,42.3512269998332],[-83.0893520001521,42.3487129997523],[-83.0855150000279,42.3471639997709],[-83.0824749995968,42.3459400000979],[-83.0728570001578,42.3418620002848],[-83.0810279996254,42.3392949998092],[-83.0905480000534,42.3363040002139],[-83.0946400004457,42.3431349997666],[-83.0959789995638,42.3453900002891],[-83.0981929999895,42.3491279997602],[-83.0989910004058,42.3501369998351]]]},"properties":{"GEOID":"26163522000","STATE":"26","COUNTY":"163","TRACT":"522000","NAME":"Census Tract 522"}},{"type":"Feature","geometry":{"type":"Polygon","coordinates":[[[-83.1384119999876,42.3323149998251],[-83.1363470004231,42.3328550001449],[-83.130310000117,42.3351540001587],[-83.124856000142,42.3373249999153],[-83.12133799986,42.3324850003029],[-83.1203379997773,42.3311119999239],[-83.127372999618,42.3311470002996],[-83.1318960000056,42.3311109997991],[-83.1375969998528,42.3311020000028],[-83.1384119999876,42.3323149998251]]]},"properties":{"GEOID":"26163525800","STATE":"26","COUNTY":"163","TRACT":"525800","NAME":"Census Tract 5258"}},{"type":"Feature","geometry":{"type":"Polygon","coordinates":[[[-83.1530330002131,42.264401000293],[-83.1480400003706,42.2704379999],[-83.1435339997015,42.2757350001198],[-83.140367999772,42.2794659998982],[-83.1375299999056,42.2827909997852],[-83.1357440000005,42.2825889998814],[-83.1358999996361,42.2822660000647],[-83.1385330003614,42.2744510001618],[-83.1382549996287,42.2718849996765],[-83.1419169998507,42.2625699999396],[-83.1431279998206,42.2593420000575],[-83.1438869998789,42.2597700002758],[-83.146150999635,42.2610339999551],[-83.1508680001913,42.2633759999786],[-83.1530330002131,42.264401000293]]]},"properties":{"GEOID":"26163579300","STATE":"26","COUNTY":"163","TRACT":"579300","NAME":"Census Tract 5793"}},{"type":"Feature","geometry":{"type":"Polygon","coordinates":[[[-83.1690529998313,42.3950310002357],[-83.163204999671,42.3951550002816],[-83.1625350001995,42.3951730001073],[-83.1593500000035,42.3952399998558],[-83.1500890000415,42.3953229997817],[-83.1489829996536,42.3953319996712],[-83.1481309997089,42.391263999694],[-83.1492019999367,42.3896859999077],[-83.1491690003248,42.3861739997771],[-83.1490300004076,42.3834399999672],[-83.1534640002083,42.3850830002895],[-83.1589790002827,42.3854230000391],[-83.165552999991,42.3854480001334],[-83.1686019997446,42.3852829998578],[-83.1689819996862,42.3935710000388],[-83.1690529998313,42.3950310002357]]]},"properties":{"GEOID":"26163536600","STATE":"26","COUNTY":"163","TRACT":"536600","NAME":"Census Tract 5366"}},{"type":"Feature","geometry":{"type":"Polygon","coordinates":[[[-83.08775000037,42.4182349997916],[-83.0822500003642,42.4184320002985],[-83.0636110002645,42.4186530002585],[-83.0614870002505,42.4155210001254],[-83.0587790000805,42.4115069998097],[-83.0585599997973,42.4111849999648],[-83.0570709999931,42.40898099989],[-83.0606960004052,42.4076509998992],[-83.062926999651,42.4068340001272],[-83.064284000109,42.4063340002246],[-83.0676269995905,42.4051049997377],[-83.0692180004003,42.4045179999252],[-83.0724770002162,42.403295999813],[-83.072743000355,42.4031770001316],[-83.0740200004471,42.4049570001197],[-83.0795460003921,42.4086559996905],[-83.0814800004353,42.4081889998537],[-83.0894169995511,42.4181610002627],[-83.08775000037,42.4182349997916]]]},"properties":{"GEOID":"26163509100","STATE":"26","COUNTY":"163","TRACT":"509100","NAME":"Census Tract 5091"}},{"type":"Feature","geometry":{"type":"Polygon","coordinates":[[[-83.1256589996829,42.3518820001133],[-83.1226609999829,42.3518300001541],[-83.1193510001134,42.3530740001507],[-83.112481999954,42.3556849998981],[-83.1107989999811,42.356125000161],[-83.1104099998186,42.3559370000816],[-83.1038279997144,42.3535329996891],[-83.1020939996878,42.3526530002837],[-83.100548999807,42.3516440001007],[-83.0989910004058,42.3501369998351],[-83.1004430004002,42.3496890001765],[-83.1006769998536,42.3496169998031],[-83.1094340000253,42.3466070002351],[-83.111163999854,42.3457710000314],[-83.1129289998428,42.3447019997827],[-83.1151249998268,42.3430280001342],[-83.1183610000764,42.3403229999334],[-83.1206430002742,42.3435100003298],[-83.1233770003835,42.3424209999208],[-83.1248610001649,42.3444799997323],[-83.1244679998045,42.3444929999183],[-83.1297600002961,42.3519599999716],[-83.1256589996829,42.3518820001133]]]},"properties":{"GEOID":"26163527900","STATE":"26","COUNTY":"163","TRACT":"527900","NAME":"Census Tract 5279"}},{"type":"Feature","geometry":{"type":"Polygon","coordinates":[[[-83.0951989995892,42.4397439999043],[-83.087958999709,42.4399549998165],[-83.0831199998523,42.440136999987],[-83.0819039998595,42.4400150001205],[-83.0788120004482,42.440066999984],[-83.0736730001175,42.4329290002853],[-83.0828939998965,42.4329009997248],[-83.0946539997911,42.4324839999366],[-83.0949240001279,42.4324729997345],[-83.0951989995892,42.4397439999043]]]},"properties":{"GEOID":"26163507400","STATE":"26","COUNTY":"163","TRACT":"507400","NAME":"Census Tract 5074"}},{"type":"Feature","geometry":{"type":"Polygon","coordinates":[[[-83.1582090003538,42.3661939997378],[-83.1512199996455,42.3663159998721],[-83.1499130003144,42.3663430000656],[-83.1496170000384,42.35912299984],[-83.1500589999043,42.35911400007],[-83.1496229998862,42.3518769998127],[-83.1526349998299,42.351815999698],[-83.1575249997402,42.3517160001438],[-83.1579630003065,42.3588870000623],[-83.1582090003538,42.3661939997378]]]},"properties":{"GEOID":"26163534700","STATE":"26","COUNTY":"163","TRACT":"534700","NAME":"Census Tract 5347"}},{"type":"Feature","geometry":{"type":"Polygon","coordinates":[[[-83.0581670003353,42.4404359996875],[-83.0536399997498,42.4405190001407],[-83.0494079996153,42.4406039998999],[-83.0472750002789,42.4406489999986],[-83.0391929996015,42.4408240002227],[-83.0389480002774,42.4336819999646],[-83.0470269996834,42.433490000071],[-83.0471210002931,42.4334879997651],[-83.0533200000826,42.4333440001173],[-83.0577210002714,42.4332479997263],[-83.057885000303,42.4358110000677],[-83.0581670003353,42.4404359996875]]]},"properties":{"GEOID":"26163506600","STATE":"26","COUNTY":"163","TRACT":"506600","NAME":"Census Tract 5066"}},{"type":"Feature","geometry":{"type":"Polygon","coordinates":[[[-83.0902250000132,42.3797159998875],[-83.0817380001782,42.3828149998471],[-83.0805930003305,42.3811129996697],[-83.077940000412,42.377169000318],[-83.0863629997746,42.3740529999658],[-83.0902250000132,42.3797159998875]]]},"properties":{"GEOID":"26163532400","STATE":"26","COUNTY":"163","TRACT":"532400","NAME":"Census Tract 5324"}},{"type":"Feature","geometry":{"type":"Polygon","coordinates":[[[-83.1460410000301,42.252991999835],[-83.1438869998789,42.2597700002758],[-83.1431279998206,42.2593420000575],[-83.1419169998507,42.2625699999396],[-83.1375469996241,42.2616649997018],[-83.1345620003429,42.2610349998638],[-83.1334009997034,42.260504000231],[-83.1340889996165,42.2591740000229],[-83.1348629997434,42.2578209999532],[-83.1385490002549,42.2582300000848],[-83.1389159997777,42.2569769997514],[-83.1400589999756,42.2535579998569],[-83.1413229996489,42.2505789998688],[-83.1451849998875,42.2514899999878],[-83.1448750002661,42.2527200000287],[-83.1460410000301,42.252991999835]]]},"properties":{"GEOID":"26163579501","STATE":"26","COUNTY":"163","TRACT":"579501","NAME":"Census Tract 5795.01"}}]}