{"type":"FeatureCollection","crs":{"type":"name","properties":{"name":"EPSG:4326"}},"features":[{"type":"Feature","id":7,"geometry":{"type":"MultiPolygon","coordinates":[[[[-83.155358446,42.328146169],[-83.155009446,42.3276621690001],[-83.153213446,42.3280951690001],[-83.1531958209999,42.328071999],[-83.154925657,42.327654758],[-83.156471718,42.327240464],[-83.156478754,42.327669323],[-83.156515142,42.3277992430001],[-83.156521783,42.3278272750001],[-83.156104446,42.327942169],[-83.155358446,42.328146169]]],[[[-83.225011664,42.3288058420001],[-83.2251139479999,42.3288024610001],[-83.225142702,42.328805612],[-83.2251528039999,42.3288189040001],[-83.2250334679999,42.3288231660001],[-83.225011664,42.3288058420001]]],[[[-83.214692465,42.336124168],[-83.2146921679999,42.3361241210001],[-83.214701968,42.3361249920001],[-83.214692465,42.336124168]]],[[[-83.214888465,42.336141168],[-83.2148092029999,42.336134293],[-83.215003364,42.3361402350001],[-83.215335953,42.336136319],[-83.215327402,42.334729796],[-83.215314404,42.333585005],[-83.2153112359999,42.333348271],[-83.215278879,42.333061694],[-83.215197957,42.332213498],[-83.215196519,42.331995233],[-83.215211797,42.331699703],[-83.215315864,42.3303329940001],[-83.215301735,42.329769663],[-83.215283154,42.329105535],[-83.215279467,42.329019976],[-83.215362136,42.3290181830001],[-83.215362464,42.329026166],[-83.215366464,42.3291131660001],[-83.2153854649999,42.329777166],[-83.215399465,42.330340166],[-83.215295464,42.331707167],[-83.215284464,42.331932167],[-83.215281465,42.332221167],[-83.2153624649999,42.3330691670001],[-83.215394465,42.333355167],[-83.215398465,42.3335921670001],[-83.215411465,42.3347371670001],[-83.215419465,42.336143168],[-83.215086465,42.336147167],[-83.214888465,42.336141168]]],[[[-83.213169325,42.336046964],[-83.213578524,42.335784791],[-83.21362937,42.335813316],[-83.2132524639999,42.336054168],[-83.213208464,42.336071168],[-83.2130414649999,42.3361351670001],[-83.212816464,42.3361821680001],[-83.2125984639999,42.3362021680001],[-83.211997464,42.3362201680001],[-83.210733464,42.336252168],[-83.209511464,42.336276168],[-83.208292463,42.336296168],[-83.207071462,42.336314168],[-83.2058904629999,42.336325168],[-83.204584462,42.3363271690001],[-83.2033544609999,42.3363371680001],[-83.202114461,42.336361169],[-83.20087046,42.3363761690001],[-83.19962946,42.3363971690001],[-83.1985364599999,42.336408169],[-83.19839746,42.336416168],[-83.19829046,42.3364211680001],[-83.197177459,42.336435168],[-83.19613946,42.3364431690001],[-83.196056133,42.33644465],[-83.196055749,42.3364353270001],[-83.197093692,42.336427391],[-83.197700884,42.3364216750001],[-83.198207211,42.336413926],[-83.1983139879999,42.336408362],[-83.198453319,42.3364011530001],[-83.1989270449999,42.3363975660001],[-83.199545503,42.3363899730001],[-83.2007867679999,42.3363692410001],[-83.2020307179999,42.3363541050001],[-83.2026526189999,42.3363440090001],[-83.203271312,42.336330186],[-83.203882949,42.336323851],[-83.204500856,42.336319648],[-83.205806448,42.336317887],[-83.206987577,42.3363069150001],[-83.207598902,42.336297675],[-83.2082083929999,42.336289224],[-83.2094280429999,42.3362688060001],[-83.210038917,42.336257763],[-83.2106497,42.336244884],[-83.211914233,42.336212382],[-83.212514907,42.3361949040001],[-83.2127329909999,42.3361748830001],[-83.212957407,42.3361274640001],[-83.213124718,42.3360638870001],[-83.213169325,42.336046964]]],[[[-83.196044832,42.3396830390001],[-83.196084685,42.3395703900001],[-83.1961284599999,42.339690169],[-83.196146459,42.340059169],[-83.19622746,42.34195917],[-83.1962914599999,42.34349617],[-83.1962924599999,42.34367317],[-83.1962934599999,42.34389717],[-83.19632846,42.3446271700001],[-83.19631946,42.34488817],[-83.19634646,42.3454641700001],[-83.19637746,42.3460571700001],[-83.196436461,42.3472841710001],[-83.1964924609999,42.3484291710001],[-83.1965484609999,42.3496031710001],[-83.196613461,42.350898171],[-83.195512461,42.350920171],[-83.19445646,42.350939172],[-83.19339646,42.350960172],[-83.19233546,42.350980172],[-83.191291459,42.3510001710001],[-83.190287459,42.3510191720001],[-83.189260458,42.3510401710001],[-83.188107458,42.351061171],[-83.186915458,42.3510871720001],[-83.186771458,42.351093172],[-83.185688458,42.3511111720001],[-83.1844834569999,42.3511361720001],[-83.1820774569999,42.351187172],[-83.1819384569999,42.351189172],[-83.179596455,42.3512401720001],[-83.1783844559999,42.3512661720001],[-83.177188455,42.3512921720001],[-83.1760284549999,42.351318173],[-83.1749204539999,42.351342172],[-83.173762454,42.351367172],[-83.172605453,42.3513921730001],[-83.1713724529999,42.3514191730001],[-83.1700034519999,42.351449173],[-83.169704453,42.351453172],[-83.168507452,42.351483172],[-83.1673974509999,42.3515071730001],[-83.166299451,42.3515321730001],[-83.166126451,42.3515361720001],[-83.165029451,42.3515611730001],[-83.163920451,42.3515851730001],[-83.16209345,42.351626173],[-83.1609334499999,42.351650173],[-83.15977745,42.351675173],[-83.1586684489999,42.351699174],[-83.157529449,42.351724173],[-83.156343448,42.3517481740001],[-83.155167449,42.351772173],[-83.1539914479999,42.351795173],[-83.152639447,42.3518241730001],[-83.151639447,42.3518441740001],[-83.150634446,42.3518641740001],[-83.1496274469999,42.351885173],[-83.148622446,42.3519061740001],[-83.147740445,42.351924174],[-83.1477390649999,42.35191472],[-83.148539268,42.3518988430001],[-83.1495442879999,42.3518778420001],[-83.1505510009999,42.3518571190001],[-83.151556248,42.3518369140001],[-83.1525554199999,42.3518169050001],[-83.1539081189999,42.351788239],[-83.155083982,42.3517644230001],[-83.1562595999999,42.351740772],[-83.1574462739999,42.351716416],[-83.157999683,42.35170494],[-83.1585845119999,42.351692164],[-83.159693505,42.3516674070001],[-83.160849715,42.351642692],[-83.1620100439999,42.3516183680001],[-83.16383711,42.351577422],[-83.164946324,42.3515535170001],[-83.1660432909999,42.351528843],[-83.166215977,42.3515249970001],[-83.167313671,42.3514995290001],[-83.168424107,42.351475851],[-83.16962132,42.3514461670001],[-83.169920014,42.3514413940001],[-83.171289346,42.3514116170001],[-83.172521574,42.351384792],[-83.173679115,42.3513596010001],[-83.174837265,42.3513344030001],[-83.175944406,42.351310369],[-83.17652852,42.3512975880001],[-83.177104738,42.3512850820001],[-83.1777101009999,42.3512718760001],[-83.1783007719999,42.3512589860001],[-83.1795130149999,42.3512332120001],[-83.1818552189999,42.351182233],[-83.181993367,42.351179319],[-83.1843996379999,42.351128562],[-83.185604374,42.351104101],[-83.1866879739999,42.3510855700001],[-83.186831527,42.3510800020001],[-83.187421876,42.351066297],[-83.1880241759999,42.3510542560001],[-83.189177144,42.35103264],[-83.190203976,42.3510117760001],[-83.1912081949999,42.35099274],[-83.192252006,42.350972663],[-83.1933124449999,42.3509525690001],[-83.194372406,42.350932099],[-83.1954288219999,42.350912845],[-83.195938709,42.3509027000001],[-83.1965297099999,42.350891156],[-83.196507109,42.3504709850001],[-83.196467567,42.3496540790001],[-83.196464878,42.3495962800001],[-83.1964091999999,42.3484218780001],[-83.196352614,42.3472766400001],[-83.1962939169999,42.3460498960001],[-83.196263158,42.345456767],[-83.1962360809999,42.3448808740001],[-83.19624523,42.344619408],[-83.1962201439999,42.3440992800001],[-83.196210106,42.343890097],[-83.1962086,42.343666066],[-83.196207429,42.3434889490001],[-83.196196293,42.3432272740001],[-83.196143997,42.341951704],[-83.196062608,42.3400517800001],[-83.196044832,42.3396830390001]]]]},"properties":{"OBJECTID":7,"zipcode":"48126"}},{"type":"Feature","id":10,"geometry":{"type":"Polygon","coordinates":[[[-83.043803413,42.343601178],[-83.044081413,42.3435011780001],[-83.0442214129999,42.343442177],[-83.044522413,42.343335177],[-83.0459754139999,42.3427931780001],[-83.0462464139999,42.342693178],[-83.047823415,42.3421511770001],[-83.048686414,42.341839177],[-83.0485634139999,42.3416541770001],[-83.0485404149999,42.341620177],[-83.0485184139999,42.3415851770001],[-83.048480415,42.341526177],[-83.048441414,42.3414681770001],[-83.047970414,42.340762177],[-83.049648415,42.3400361770001],[-83.050987415,42.339458177],[-83.050520415,42.3388641770001],[-83.050028415,42.3382381760001],[-83.051342415,42.3376741760001],[-83.052982415,42.336965176],[-83.0543244149999,42.3363851760001],[-83.0552634159999,42.3359811760001],[-83.056552416,42.3354231750001],[-83.056295416,42.3353151760001],[-83.057685416,42.334877175],[-83.058994417,42.334465175],[-83.059421417,42.335216175],[-83.059790418,42.335864175],[-83.0598754169999,42.335977175],[-83.060083418,42.336204175],[-83.060308418,42.3361481750001],[-83.060959418,42.3359911750001],[-83.0617624179999,42.3358121750001],[-83.062465418,42.335662175],[-83.062943418,42.3355601750001],[-83.064009418,42.3353181750001],[-83.0641914189999,42.335283175],[-83.063829418,42.3347111750001],[-83.063612419,42.334441175],[-83.0630704179999,42.333747175],[-83.0630044179999,42.333662175],[-83.062162417,42.3325861750001],[-83.061659417,42.332011175],[-83.061489418,42.331858174],[-83.061189417,42.331594174],[-83.061324418,42.331588174],[-83.061419417,42.331584175],[-83.061510418,42.3315801750001],[-83.061677418,42.3315721750001],[-83.061892418,42.331557175],[-83.062167417,42.3315361740001],[-83.0623504179999,42.331521175],[-83.062564418,42.331740175],[-83.063145418,42.332260175],[-83.063438419,42.332628175],[-83.063599418,42.3328181750001],[-83.0637224179999,42.332986175],[-83.0644794189999,42.3327491740001],[-83.0649084189999,42.333504175],[-83.066380419,42.333043175],[-83.06680842,42.333798175],[-83.0680554199999,42.333409174],[-83.06834042,42.333909175],[-83.0684164199999,42.334042175],[-83.0684924189999,42.334173175],[-83.0685524199999,42.3342761750001],[-83.0685984199999,42.334352175],[-83.0686664199999,42.334485175],[-83.06879042,42.3346851750001],[-83.0689154199999,42.3349331750001],[-83.0693444199999,42.3356681750001],[-83.06662942,42.336519175],[-83.06705342,42.3372721750001],[-83.06748442,42.338025176],[-83.06633542,42.3383841750001],[-83.06651842,42.338745176],[-83.0667094199999,42.339118176],[-83.066625419,42.339126176],[-83.06651342,42.3391311760001],[-83.066445419,42.3391381760001],[-83.06635442,42.339148176],[-83.0665054199999,42.339483176],[-83.066568419,42.339509176],[-83.0666644199999,42.339549176],[-83.0671344199999,42.3397451760001],[-83.06822642,42.340188176],[-83.06804842,42.3404391760001],[-83.068044421,42.340458175],[-83.06804842,42.340477176],[-83.06890842,42.341965176],[-83.0696954209999,42.341719176],[-83.070546421,42.3414531760001],[-83.070585421,42.3415201760001],[-83.0710264209999,42.3422841760001],[-83.071616421,42.342096176],[-83.0716954219999,42.342231176],[-83.071104421,42.342417176],[-83.0715764219999,42.343240176],[-83.071929422,42.343850176],[-83.072481422,42.3448061760001],[-83.072539422,42.3448971760001],[-83.0730664229999,42.345802177],[-83.073290422,42.346174176],[-83.073373423,42.3463221760001],[-83.073400423,42.346440176],[-83.073548423,42.346704177],[-83.0738074229999,42.3471461770001],[-83.0742374229999,42.3478861770001],[-83.074672423,42.3486371770001],[-83.0752664239999,42.3484521770001],[-83.075702424,42.349226177],[-83.076001423,42.3497781770001],[-83.076290424,42.350314177],[-83.077487424,42.3499381770001],[-83.0781064239999,42.351014177],[-83.0787324249999,42.352102178],[-83.0783984239999,42.352202177],[-83.077596424,42.352454177],[-83.076500424,42.3528001770001],[-83.074478423,42.3534311780001],[-83.074129423,42.3535401780001],[-83.0739214229999,42.3536081780001],[-83.073589424,42.3537161780001],[-83.073400423,42.353778178],[-83.073480423,42.353936178],[-83.073100423,42.354063178],[-83.073007423,42.353904178],[-83.072005422,42.3542121780001],[-83.071315423,42.354431178],[-83.071081423,42.3545051780001],[-83.070511423,42.3546841780001],[-83.068873422,42.3551961790001],[-83.0668614209999,42.3558341780001],[-83.066620421,42.3559221790001],[-83.0663854209999,42.3560081790001],[-83.0652834209999,42.3564631780001],[-83.065086421,42.356556179],[-83.064660421,42.356698179],[-83.064291421,42.3567931790001],[-83.0640274209999,42.3568601790001],[-83.06327142,42.357122179],[-83.0632404199999,42.3571341790001],[-83.06297842,42.357233179],[-83.0626344199999,42.3573821790001],[-83.06229842,42.3575131790001],[-83.0620924199999,42.357599179],[-83.06193542,42.357664179],[-83.06144142,42.357888179],[-83.05984542,42.35866918],[-83.059180419,42.3589991800001],[-83.059045419,42.359058179],[-83.058693419,42.35921218],[-83.058673419,42.3592201800001],[-83.058603419,42.3592491800001],[-83.057248419,42.35974718],[-83.0570714189999,42.3598101800001],[-83.054895418,42.36060018],[-83.054475418,42.3607521800001],[-83.0542454179999,42.3608431800001],[-83.0530304169999,42.35903718],[-83.052697417,42.358542179],[-83.052341417,42.35799218],[-83.051763416,42.35711918],[-83.051444417,42.3566401790001],[-83.049103416,42.3530791790001],[-83.0486484159999,42.352421179],[-83.0479094149999,42.3513531790001],[-83.047825415,42.351226179],[-83.046702415,42.3494881780001],[-83.045663415,42.3479991780001],[-83.044677414,42.3463961780001],[-83.044568414,42.346226178],[-83.044418413,42.345939178],[-83.044319414,42.345719178],[-83.044162413,42.3453411780001],[-83.044088414,42.345144178],[-83.0440364139999,42.344951178],[-83.043992413,42.3446911780001],[-83.043966413,42.3445341780001],[-83.043848413,42.3438351780001],[-83.043803413,42.343601178]]]},"properties":{"OBJECTID":10,"zipcode":"48201"}},{"type":"Feature","id":11,"geometry":{"type":"Polygon","coordinates":[[[-83.0563774189999,42.365217181],[-83.056248419,42.364945181],[-83.055902418,42.363984181],[-83.055233419,42.36267518],[-83.054659418,42.3615241800001],[-83.054416418,42.36109518],[-83.054369418,42.36101218],[-83.0542454179999,42.3608431800001],[-83.054475418,42.3607521800001],[-83.054895418,42.36060018],[-83.0570714189999,42.3598101800001],[-83.057248419,42.35974718],[-83.058603419,42.3592491800001],[-83.058673419,42.3592201800001],[-83.058693419,42.35921218],[-83.059045419,42.359058179],[-83.059180419,42.3589991800001],[-83.05984542,42.35866918],[-83.06144142,42.357888179],[-83.06193542,42.357664179],[-83.0620924199999,42.357599179],[-83.06229842,42.3575131790001],[-83.0626344199999,42.3573821790001],[-83.06297842,42.357233179],[-83.0632404199999,42.3571341790001],[-83.06327142,42.357122179],[-83.0640274209999,42.3568601790001],[-83.064291421,42.3567931790001],[-83.064660421,42.356698179],[-83.065086421,42.356556179],[-83.0652834209999,42.3564631780001],[-83.0663854209999,42.3560081790001],[-83.066620421,42.3559221790001],[-83.0668614209999,42.3558341780001],[-83.068873422,42.3551961790001],[-83.070511423,42.3546841780001],[-83.071081423,42.3545051780001],[-83.071315423,42.354431178],[-83.072005422,42.3542121780001],[-83.073007423,42.353904178],[-83.073100423,42.354063178],[-83.073480423,42.353936178],[-83.074211423,42.3552521780001],[-83.074447423,42.355735178],[-83.074552424,42.3559861780001],[-83.074788424,42.356773178],[-83.0748894239999,42.3569991780001],[-83.0751594239999,42.357558178],[-83.075303424,42.357829178],[-83.075668424,42.3584441790001],[-83.076035425,42.3590681790001],[-83.076290425,42.3595011790001],[-83.0767724249999,42.359198179],[-83.077377425,42.358818179],[-83.078781425,42.357871178],[-83.0790024249999,42.357716178],[-83.079655426,42.358380179],[-83.080129426,42.358266179],[-83.080299426,42.3582251780001],[-83.080758426,42.358475178],[-83.081074426,42.3584471780001],[-83.081153426,42.3584901780001],[-83.081460426,42.358658178],[-83.081280426,42.358928178],[-83.082072427,42.3603071790001],[-83.082212427,42.360551179],[-83.082379427,42.360844178],[-83.082578427,42.361199179],[-83.0830614269999,42.362060179],[-83.0831154269999,42.3621351790001],[-83.083165427,42.3621761790001],[-83.0832024269999,42.3621811790001],[-83.083216427,42.362184179],[-83.0832634269999,42.3621821790001],[-83.083605427,42.362078179],[-83.083400427,42.3630091790001],[-83.083491427,42.363020179],[-83.084610427,42.363157179],[-83.084522427,42.3635481790001],[-83.085169428,42.3636471790001],[-83.0852024279999,42.3634851790001],[-83.085530428,42.3635261790001],[-83.085646428,42.363546179],[-83.085734428,42.363561179],[-83.085715428,42.363671179],[-83.086178428,42.363720179],[-83.086063428,42.3643611790001],[-83.085412428,42.3646061790001],[-83.085232428,42.3654261790001],[-83.085231428,42.3654621790001],[-83.085238428,42.365498179],[-83.085253428,42.3655321790001],[-83.085350428,42.365652179],[-83.0865534279999,42.3651991790001],[-83.087573428,42.3648141790001],[-83.088708429,42.364391179],[-83.089733429,42.364009179],[-83.089806429,42.364188179],[-83.088744429,42.3645911790001],[-83.087691428,42.3649891790001],[-83.086605428,42.3653981800001],[-83.088222429,42.367793179],[-83.0887334289999,42.36855418],[-83.087612429,42.3689761800001],[-83.0865074279999,42.36938918],[-83.086447429,42.36941118],[-83.086830429,42.36978918],[-83.087298429,42.3705281800001],[-83.087458429,42.37076618],[-83.087625429,42.37101518],[-83.087643429,42.3710631800001],[-83.089384429,42.37042918],[-83.0897484289999,42.3709511800001],[-83.0889314299999,42.3712431800001],[-83.088964429,42.3712911800001],[-83.08923243,42.37168418],[-83.0892764289999,42.37177018],[-83.0891774299999,42.3718041810001],[-83.08916443,42.3718831800001],[-83.08976943,42.372784181],[-83.09000543,42.373142181],[-83.09022343,42.37346218],[-83.090654431,42.3740981810001],[-83.09088243,42.3744361810001],[-83.09108243,42.3747331810001],[-83.09151243,42.3753701810001],[-83.092381431,42.376662181],[-83.0925514309999,42.376908181],[-83.092838431,42.377314181],[-83.0930894309999,42.3776831810001],[-83.093107431,42.377720181],[-83.0931184309999,42.3777551810001],[-83.093623432,42.3785071820001],[-83.094219432,42.379379182],[-83.094810432,42.3802431820001],[-83.0954034329999,42.381107182],[-83.095990432,42.381967182],[-83.095483432,42.3821381820001],[-83.095391432,42.382169182],[-83.0952534319999,42.382213182],[-83.094896433,42.382328182],[-83.094657432,42.382420182],[-83.095011432,42.3825141820001],[-83.094604433,42.382664182],[-83.094545432,42.382688182],[-83.094963433,42.382799182],[-83.095388433,42.382912182],[-83.095435433,42.3829261820001],[-83.095647432,42.3829881820001],[-83.095915433,42.3831021820001],[-83.0960994329999,42.383243182],[-83.0961714329999,42.383341182],[-83.0962384329999,42.383433182],[-83.0963064329999,42.383524182],[-83.0966444329999,42.3834021820001],[-83.096700433,42.3833951820001],[-83.0968884329999,42.3833941820001],[-83.0969774329999,42.3834451820001],[-83.097097434,42.383588182],[-83.097508433,42.384192182],[-83.097569434,42.384283182],[-83.0980764339999,42.385029182],[-83.098671434,42.385906183],[-83.0992024339999,42.386691183],[-83.0999044339999,42.3877251820001],[-83.100386434,42.3884791830001],[-83.100514434,42.3887071830001],[-83.100572041,42.3887921150001],[-83.100508668,42.3888149110001],[-83.0976478009999,42.3898439370001],[-83.0945989269999,42.3909404710001],[-83.09169337,42.391985349],[-83.0885856739999,42.3931027990001],[-83.0855775479999,42.3942283050001],[-83.0826113369999,42.3953564170001],[-83.07989079,42.3963909940001],[-83.079714547,42.396458012],[-83.0794784289999,42.3960331850001],[-83.079352429,42.395827185],[-83.078971429,42.3952441850001],[-83.0785514289999,42.3946141850001],[-83.078434429,42.3944391850001],[-83.0779684279999,42.3937581850001],[-83.077883428,42.393660185],[-83.077646428,42.3934071850001],[-83.0774844279999,42.3932191850001],[-83.077442428,42.393149185],[-83.0774114279999,42.393034184],[-83.0772784279999,42.392879185],[-83.077220428,42.392785184],[-83.0771654279999,42.392693185],[-83.0766924269999,42.3919871850001],[-83.076373427,42.391506185],[-83.076006427,42.390967184],[-83.075910428,42.390829184],[-83.075469427,42.390199184],[-83.075190427,42.3897351840001],[-83.0750974269999,42.389593184],[-83.074465426,42.3886521840001],[-83.074191427,42.388241184],[-83.073811426,42.3876721840001],[-83.074113426,42.3875591840001],[-83.0738184269999,42.387120184],[-83.073836426,42.387047184],[-83.073601426,42.386705184],[-83.073252426,42.3868341840001],[-83.072753426,42.3860871840001],[-83.0722434259999,42.3853201840001],[-83.071650425,42.3844351830001],[-83.071164425,42.3837121830001],[-83.0706484249999,42.3829491830001],[-83.070094425,42.3821301830001],[-83.0695494249999,42.3813211830001],[-83.0690064249999,42.380518183],[-83.068482424,42.3797421830001],[-83.067978424,42.378994182],[-83.067454423,42.3782181830001],[-83.0668974229999,42.377393182],[-83.066577423,42.376921182],[-83.066278423,42.376475182],[-83.065746423,42.375691182],[-83.0655014229999,42.3753421820001],[-83.065422422,42.375217182],[-83.065156422,42.3748161820001],[-83.064877423,42.374407182],[-83.064390423,42.373679182],[-83.064279422,42.373525182],[-83.064725422,42.3733591820001],[-83.064006422,42.372273181],[-83.0629374219999,42.372650181],[-83.0628934219999,42.372588181],[-83.0627624219999,42.372396182],[-83.062168421,42.371497182],[-83.062112422,42.371412182],[-83.061135421,42.369945181],[-83.063242422,42.3691751810001],[-83.062925421,42.3686981810001],[-83.062845421,42.368593181],[-83.062523421,42.3681101810001],[-83.0604274199999,42.368873181],[-83.05919242,42.369317182],[-83.05916042,42.369339182],[-83.0591414199999,42.3693651820001],[-83.05913342,42.3693991810001],[-83.059143421,42.369430181],[-83.059466421,42.369904181],[-83.0598114199999,42.3704261820001],[-83.059491421,42.3705431820001],[-83.05935642,42.3705921810001],[-83.059198421,42.370649181],[-83.05911342,42.3704561810001],[-83.0589554199999,42.3701161820001],[-83.05860842,42.3693711810001],[-83.05845642,42.3690431810001],[-83.0583294199999,42.368774181],[-83.0582464189999,42.368597181],[-83.05820342,42.3685001810001],[-83.05814842,42.368377181],[-83.057923419,42.368505181],[-83.05768442,42.3680071810001],[-83.0573434189999,42.3672811810001],[-83.0563774189999,42.365217181]]]},"properties":{"OBJECTID":11,"zipcode":"48202"}},{"type":"Feature","id":12,"geometry":{"type":"Polygon","coordinates":[[[-83.083392477,42.4470669940001],[-83.083390435,42.447028194],[-83.083362434,42.4468111940001],[-83.0833434349999,42.446664194],[-83.083270434,42.4463411940001],[-83.083157434,42.446127194],[-83.083294435,42.4460261940001],[-83.083320435,42.445945194],[-83.083355435,42.445795194],[-83.083313435,42.4449451930001],[-83.083906434,42.444934193],[-83.083790434,42.4424941930001],[-83.083675434,42.440089193],[-83.083561434,42.437716192],[-83.083449434,42.4353591920001],[-83.0834964329999,42.432896192],[-83.0833844329999,42.430473191],[-83.0833384329999,42.428267191],[-83.083219433,42.42525219],[-83.083139433,42.4250571900001],[-83.083107432,42.42378419],[-83.0831054329999,42.4237161900001],[-83.083030432,42.42200319],[-83.083016432,42.421672189],[-83.082951432,42.4202201890001],[-83.0829364319999,42.419892189],[-83.082901432,42.4187641890001],[-83.082268432,42.4187861890001],[-83.082254432,42.4184401890001],[-83.082232432,42.417937189],[-83.082170431,42.4165341880001],[-83.082153431,42.416471188],[-83.082130432,42.4164261880001],[-83.081865432,42.4160321890001],[-83.081832431,42.415982188],[-83.0817914309999,42.4159221890001],[-83.081132431,42.414951188],[-83.0809604309999,42.414697188],[-83.079803431,42.412987188],[-83.0801034309999,42.412874188],[-83.08070743,42.412649188],[-83.08046143,42.4122851880001],[-83.08000543,42.412450188],[-83.0799744299999,42.4124161880001],[-83.079906431,42.412316188],[-83.0783944299999,42.4100791880001],[-83.07832043,42.4100551880001],[-83.0782184299999,42.4100741870001],[-83.077886429,42.4101671870001],[-83.0776074299999,42.409707188],[-83.077810429,42.409611188],[-83.0790744299999,42.409094188],[-83.0793174299999,42.4089981870001],[-83.0793654299999,42.4089761870001],[-83.0794704309999,42.4089321870001],[-83.0794264299999,42.4088811880001],[-83.0793854299999,42.408811187],[-83.07930143,42.4087291870001],[-83.07955043,42.408664187],[-83.07947543,42.4085651870001],[-83.0792494299999,42.408315187],[-83.0791194299999,42.4081861870001],[-83.07897643,42.4080561870001],[-83.0789354299999,42.408022187],[-83.0788044289999,42.4079121870001],[-83.07853643,42.407704187],[-83.07829543,42.407539187],[-83.07794143,42.4073071870001],[-83.07747943,42.407049187],[-83.077015429,42.406805187],[-83.0757274279999,42.4061431870001],[-83.075482429,42.406018187],[-83.075217429,42.405880187],[-83.074989428,42.4057381870001],[-83.0744674279999,42.405363187],[-83.074024428,42.4049651870001],[-83.073619428,42.404502187],[-83.073139428,42.403787186],[-83.072747427,42.403185186],[-83.073119428,42.403020187],[-83.073461428,42.4029161870001],[-83.074019428,42.4027131870001],[-83.074300428,42.4026101860001],[-83.074580428,42.402506187],[-83.075132428,42.402305187],[-83.075172428,42.4022901860001],[-83.0753864279999,42.402214186],[-83.076181429,42.4019321860001],[-83.0763054289999,42.401898186],[-83.076275639,42.401861716],[-83.0763214529999,42.401845473],[-83.08092945,42.4074385590001],[-83.081073268,42.407617842],[-83.081179863,42.4077507220001],[-83.08143166,42.408064606],[-83.0815076549999,42.4081593390001],[-83.081636903,42.408308791],[-83.081756175,42.4084660620001],[-83.081798777,42.408522238],[-83.082313568,42.40916394],[-83.082469185,42.4093473980001],[-83.0856404789999,42.413310677],[-83.08695521,42.414949214],[-83.0894371219999,42.4180421240001],[-83.089473921,42.4180901060001],[-83.0913863219999,42.418064692],[-83.092360056,42.418052776],[-83.0929382739999,42.418045696],[-83.0933476059999,42.418040682],[-83.0941984789999,42.4180302550001],[-83.0947489769999,42.418023506],[-83.095332408,42.418023674],[-83.096322726,42.418008865],[-83.0973181689999,42.417974611],[-83.0975625,42.417965278],[-83.0983363719999,42.4179386220001],[-83.099616022,42.4178934760001],[-83.100999208,42.4178482190001],[-83.1017325879999,42.417829184],[-83.102909515,42.417803835],[-83.104467815,42.4177638040001],[-83.104910144,42.4177575530001],[-83.105214221,42.417749961],[-83.1054586659999,42.4177477580001],[-83.1078731759999,42.4177243300001],[-83.1091752559999,42.417704719],[-83.109529358,42.417698644],[-83.110196115,42.417687022],[-83.110714323,42.417678075],[-83.112259351,42.4176509370001],[-83.112574313,42.41764541],[-83.113580225,42.417627607],[-83.115509778,42.417597812],[-83.115639861,42.417595116],[-83.1163603909999,42.4175801750001],[-83.1167735989999,42.4175715760001],[-83.11885305,42.417538522],[-83.120720749,42.4175086880001],[-83.121852352,42.4174823760001],[-83.1213105799999,42.416687623],[-83.1207759329999,42.4159034690001],[-83.120230949,42.415104134],[-83.119685821,42.414304566],[-83.119145186,42.4135115650001],[-83.118605201,42.412719694],[-83.118081263,42.411927134],[-83.117582021,42.411172105],[-83.1174162029999,42.4109265500001],[-83.117066365,42.4103922350001],[-83.1164069019999,42.4093948360001],[-83.115631228,42.4082214850001],[-83.113931644,42.405796024],[-83.113223308,42.404652539],[-83.113207399,42.4046380670001],[-83.113175428,42.404590157],[-83.1131125629999,42.404493561],[-83.112077095,42.403121571],[-83.11201009,42.4030322070001],[-83.111492943,42.402288336],[-83.1110386769999,42.4016359390001],[-83.1108117329999,42.401298303],[-83.110591987,42.400971371],[-83.1103705259999,42.400645231],[-83.1101306619999,42.400292054],[-83.109893045,42.399940891],[-83.109756778,42.3997411080001],[-83.109658101,42.399598024],[-83.109428394,42.3992593670001],[-83.109286724,42.399049715],[-83.1091712189999,42.3988810130001],[-83.109073541,42.398738345],[-83.108968768,42.3985853140001],[-83.10883301,42.398387024],[-83.108807091,42.398349168],[-83.1086270329999,42.39808617],[-83.1084834119999,42.3978763910001],[-83.1084720979999,42.3978494730001],[-83.1078831899999,42.3969692950001],[-83.107055213,42.395741071],[-83.1066551609999,42.395051219],[-83.105693735,42.393363454],[-83.105443411,42.39302209],[-83.105165665,42.392616799],[-83.104887648,42.3922131250001],[-83.104686687,42.3919214150001],[-83.104599596,42.3918132100001],[-83.104494615,42.3916827460001],[-83.104310168,42.3914155300001],[-83.1040275,42.3910080200001],[-83.1037450109999,42.3906099670001],[-83.103461178,42.390206403],[-83.103179357,42.3898045810001],[-83.10292614,42.3894558910001],[-83.102292308,42.388608283],[-83.102074462,42.3882895630001],[-83.102089435,42.3882841820001],[-83.1022824349999,42.388092183],[-83.1025284359999,42.3884601830001],[-83.102597435,42.388559183],[-83.102947435,42.389058182],[-83.103013435,42.3891601830001],[-83.103168436,42.3894011830001],[-83.1033394359999,42.3896521830001],[-83.103557436,42.3899391830001],[-83.1037234359999,42.3901501830001],[-83.104341436,42.390940183],[-83.1044194359999,42.391038183],[-83.1048954359999,42.3917011830001],[-83.105466437,42.392497183],[-83.105910436,42.393109183],[-83.1061054359999,42.3935851840001],[-83.106177437,42.393759183],[-83.106288437,42.393998184],[-83.106346437,42.394124183],[-83.106475437,42.394373183],[-83.106632437,42.3946521830001],[-83.106885437,42.395015184],[-83.107019437,42.395470184],[-83.1071384369999,42.3957481840001],[-83.1077664379999,42.396680184],[-83.1079664379999,42.396977184],[-83.1085554379999,42.397857184],[-83.108567438,42.3978841840001],[-83.1087104389999,42.398093184],[-83.1088904379999,42.3983561840001],[-83.1089164379999,42.398394184],[-83.1090524379999,42.398593184],[-83.109054438,42.398625184],[-83.109123438,42.398757184],[-83.109216438,42.398871184],[-83.1092544379999,42.398888184],[-83.109288438,42.398937184],[-83.109370438,42.3990571840001],[-83.1097414389999,42.3996051840001],[-83.1098404379999,42.399748184],[-83.110214438,42.4002991840001],[-83.110675439,42.400979184],[-83.111122439,42.4016431840001],[-83.11157644,42.4022961840001],[-83.11209344,42.4030391850001],[-83.11216044,42.4031291840001],[-83.11319644,42.4045011850001],[-83.11323744,42.404562185],[-83.11327744,42.404624185],[-83.11331344,42.4046811850001],[-83.11401544,42.405803185],[-83.115714441,42.408229185],[-83.1157484409999,42.4081911850001],[-83.115762441,42.4081451860001],[-83.116400441,42.408049185],[-83.116418442,42.4083311860001],[-83.1164224409999,42.4083961850001],[-83.116923441,42.4083071850001],[-83.1170274419999,42.409986185],[-83.117502442,42.4099731850001],[-83.117528441,42.410391186],[-83.1185334419999,42.410368186],[-83.119482443,42.410346185],[-83.120460443,42.410324186],[-83.121558443,42.410300185],[-83.122089443,42.4102871850001],[-83.122231444,42.4126701860001],[-83.1223754439999,42.4150791860001],[-83.122519444,42.417477187],[-83.122339444,42.4174811870001],[-83.1223754439999,42.4181201870001],[-83.122582444,42.4181161870001],[-83.130149447,42.417968186],[-83.130397447,42.423288187],[-83.130594447,42.4277331880001],[-83.130664447,42.4293021880001],[-83.130739448,42.4311261890001],[-83.1296294469999,42.431159189],[-83.129640448,42.431418189],[-83.1296514479999,42.4316801890001],[-83.129757447,42.431805189],[-83.1314754479999,42.4328751890001],[-83.131646448,42.433852189],[-83.132005449,42.43768019],[-83.1339064489999,42.43761519],[-83.13409845,42.43905719],[-83.133472449,42.43907219],[-83.132987449,42.43907819],[-83.1328664489999,42.43905519],[-83.1323724489999,42.43907219],[-83.13257945,42.4444181910001],[-83.132592449,42.444837191],[-83.13318945,42.444818191],[-83.13319545,42.444996191],[-83.13320645,42.445307191],[-83.1332224499999,42.4461261910001],[-83.1332244499999,42.4462671910001],[-83.13238645,42.4462871910001],[-83.1329784499999,42.4463641910001],[-83.13307345,42.446384191],[-83.1330990119999,42.446394749],[-83.133038715,42.446395618],[-83.1276568119999,42.446490618],[-83.125248895,42.446563032],[-83.124994499,42.4465682570001],[-83.1248185919999,42.446570147],[-83.124629477,42.4465785900001],[-83.122573492,42.446637896],[-83.122158326,42.446646113],[-83.1205018199999,42.4466704330001],[-83.117412535,42.4467196780001],[-83.1126739039999,42.4467950550001],[-83.112599298,42.446798253],[-83.1122902069999,42.44680858],[-83.111677668,42.446829043],[-83.109571693,42.446957399],[-83.1093960279999,42.446972472],[-83.105316381,42.447082096],[-83.102796311,42.447139818],[-83.101658727,42.447101279],[-83.1003273059999,42.4470181830001],[-83.10005144,42.4469981930001],[-83.099904198,42.446989532],[-83.099554933,42.4469653190001],[-83.099153937,42.446928762],[-83.099105439,42.446924193],[-83.099100903,42.4469239270001],[-83.099019911,42.446916543],[-83.097361174,42.44682047],[-83.0958999539999,42.4468398290001],[-83.095239979,42.446852156],[-83.094849363,42.4468624100001],[-83.0946172,42.446865507],[-83.0942758739999,42.44687363],[-83.0930269739999,42.4468971850001],[-83.090190365,42.4469970590001],[-83.0862560849999,42.44710329],[-83.085827137,42.4471125790001],[-83.084517996,42.447136835],[-83.0835459,42.447150746],[-83.083392477,42.4470669940001]]]},"properties":{"OBJECTID":12,"zipcode":"48203"}},{"type":"Feature","id":13,"geometry":{"type":"Polygon","coordinates":[[[-83.109230435,42.357715177],[-83.109072434,42.3574781770001],[-83.108847434,42.3571411770001],[-83.1092904349999,42.356974177],[-83.109563435,42.356865177],[-83.109856435,42.3567471760001],[-83.110214435,42.356592176],[-83.110327435,42.3565341770001],[-83.110496435,42.3564351760001],[-83.110679435,42.356306176],[-83.1107274349999,42.3562241760001],[-83.110803435,42.3561331770001],[-83.110879435,42.3560651760001],[-83.111016435,42.355962177],[-83.1111534349999,42.3558821760001],[-83.111241435,42.3558411770001],[-83.1113334349999,42.355806176],[-83.1114294349999,42.355777177],[-83.111529435,42.3557541760001],[-83.1116534349999,42.355740176],[-83.1124864349999,42.355693176],[-83.113639436,42.355220176],[-83.114814436,42.3547821760001],[-83.115977436,42.354347176],[-83.1162164369999,42.354258176],[-83.116018436,42.353961176],[-83.116002436,42.353918175],[-83.1161064359999,42.3538421760001],[-83.117072437,42.353480176],[-83.118049436,42.3531141760001],[-83.118157436,42.3530741750001],[-83.1186654369999,42.352883175],[-83.1186654369999,42.352853175],[-83.118729437,42.3528291750001],[-83.119088437,42.3528301750001],[-83.119110438,42.352706175],[-83.119194437,42.3526651760001],[-83.119307437,42.352611175],[-83.119902437,42.352388176],[-83.120140438,42.352382176],[-83.1202464369999,42.3523741750001],[-83.1202394379999,42.352343175],[-83.120215437,42.3517721750001],[-83.121269438,42.351753175],[-83.1212774379999,42.352034175],[-83.121285438,42.352079175],[-83.1213004379999,42.3521091750001],[-83.121437438,42.352302175],[-83.1225774379999,42.3518671750001],[-83.1226654389999,42.3518381750001],[-83.1227174379999,42.351833175],[-83.123128438,42.351846175],[-83.124385438,42.351868175],[-83.1256634389999,42.3518901750001],[-83.1270334389999,42.351914175],[-83.12825144,42.351936175],[-83.129764441,42.351968175],[-83.132084441,42.352012174],[-83.132194441,42.3520141750001],[-83.1335104409999,42.3520391750001],[-83.1345864419999,42.352060174],[-83.135707442,42.352080174],[-83.137147442,42.352100175],[-83.1382504429999,42.3521091740001],[-83.139719443,42.352084174],[-83.140001443,42.352078174],[-83.140732444,42.3520641740001],[-83.141064444,42.352057174],[-83.141743444,42.3520431740001],[-83.142129444,42.352036174],[-83.142802444,42.3520221740001],[-83.143192444,42.352014174],[-83.143909444,42.3520001740001],[-83.1442544449999,42.351993174],[-83.144967445,42.3519781740001],[-83.1452464449999,42.3519731740001],[-83.146025446,42.351958174],[-83.1462534449999,42.3519541740001],[-83.147083446,42.351937174],[-83.147740445,42.351924174],[-83.148622446,42.3519061740001],[-83.1496274469999,42.351885173],[-83.150634446,42.3518641740001],[-83.151639447,42.3518441740001],[-83.152639447,42.3518241730001],[-83.1539914479999,42.351795173],[-83.155167449,42.351772173],[-83.156343448,42.3517481740001],[-83.157529449,42.351724173],[-83.1586684489999,42.351699174],[-83.15977745,42.351675173],[-83.1609334499999,42.351650173],[-83.16209345,42.351626173],[-83.163920451,42.3515851730001],[-83.165029451,42.3515611730001],[-83.166126451,42.3515361720001],[-83.166299451,42.3515321730001],[-83.1673974509999,42.3515071730001],[-83.1674384519999,42.352359173],[-83.166889451,42.3523691730001],[-83.166791452,42.3523701730001],[-83.166841452,42.3536491730001],[-83.166862452,42.353928173],[-83.166870452,42.3540341730001],[-83.166951452,42.355911174],[-83.167158452,42.3559031730001],[-83.167597452,42.355886174],[-83.167610452,42.356171173],[-83.1676194519999,42.356356174],[-83.167629452,42.356577174],[-83.167632453,42.356653174],[-83.167651453,42.3570661740001],[-83.167172452,42.357082174],[-83.166993452,42.3570881740001],[-83.167046453,42.358309174],[-83.167086452,42.358363174],[-83.1670984529999,42.3586371740001],[-83.1672104529999,42.358749174],[-83.167262453,42.3610241750001],[-83.167326453,42.363830175],[-83.167378453,42.366017175],[-83.167471454,42.3688741760001],[-83.1675424539999,42.3710621760001],[-83.167614454,42.373248177],[-83.167690454,42.375610177],[-83.1677644549999,42.378853178],[-83.168366454,42.379079177],[-83.168390455,42.3796731780001],[-83.1683944549999,42.379756178],[-83.1683964539999,42.379828178],[-83.168456455,42.380499178],[-83.168202455,42.3805051780001],[-83.167919454,42.3805121780001],[-83.167364455,42.380526178],[-83.166300454,42.3805541780001],[-83.165462454,42.3805751780001],[-83.165234454,42.380581178],[-83.164231453,42.3806091780001],[-83.164135453,42.380611178],[-83.163102453,42.380636178],[-83.162049453,42.3806631780001],[-83.1609924529999,42.380691178],[-83.160458453,42.3807101780001],[-83.160335453,42.3807081780001],[-83.159923452,42.3807201780001],[-83.1588384519999,42.380747178],[-83.157825451,42.3807741780001],[-83.156844451,42.3807991780001],[-83.155861451,42.3808231780001],[-83.154876451,42.380848179],[-83.1539084509999,42.380873179],[-83.15282045,42.380900179],[-83.1516844489999,42.3809281790001],[-83.15059945,42.3809541790001],[-83.1495774489999,42.3809801790001],[-83.149053449,42.380991179],[-83.148120449,42.381011179],[-83.147432448,42.3810251790001],[-83.147200448,42.381030179],[-83.1469674479999,42.381034179],[-83.146641448,42.3810411790001],[-83.146456448,42.3810441790001],[-83.1461794479999,42.381050179],[-83.145181448,42.3810701790001],[-83.145066447,42.381072179],[-83.144210447,42.3810891790001],[-83.143994447,42.3810941790001],[-83.1436984469999,42.3811001790001],[-83.142567447,42.381122179],[-83.1414814459999,42.381144179],[-83.140390446,42.381165179],[-83.139846446,42.3811771800001],[-83.1393214459999,42.38119318],[-83.139307446,42.38082918],[-83.138855446,42.3810001800001],[-83.138830446,42.38057618],[-83.138823445,42.3804621790001],[-83.136334445,42.3814151790001],[-83.136411445,42.38152618],[-83.1365544449999,42.381732179],[-83.136585445,42.38186218],[-83.136005445,42.38208418],[-83.135570445,42.38224818],[-83.1351574449999,42.38181918],[-83.1320104439999,42.3830481800001],[-83.1301504429999,42.38377518],[-83.129861443,42.383345181],[-83.1293384429999,42.3825701800001],[-83.128942443,42.38197818],[-83.1285014429999,42.38132218],[-83.1280544429999,42.3806651800001],[-83.1276104419999,42.3800071790001],[-83.1271554419999,42.3793351790001],[-83.126702441,42.378664179],[-83.126250441,42.37799318],[-83.125796441,42.377321179],[-83.125343441,42.3766491800001],[-83.124887441,42.3759781790001],[-83.124450441,42.376142179],[-83.123756441,42.3751041790001],[-83.1230424399999,42.3740501790001],[-83.12198144,42.372484179],[-83.121942439,42.3724271780001],[-83.120906439,42.3709111790001],[-83.120104439,42.369692179],[-83.120510439,42.369534179],[-83.1202584389999,42.3691661780001],[-83.119932439,42.369290178],[-83.1194684389999,42.368606178],[-83.1190224389999,42.367949178],[-83.118578438,42.3672921780001],[-83.118123438,42.3666231780001],[-83.117643438,42.3659161780001],[-83.117165438,42.365210178],[-83.116687438,42.3645051780001],[-83.1162114379999,42.3638031780001],[-83.115736437,42.363102177],[-83.1152444369999,42.362374177],[-83.114740436,42.361631177],[-83.114258436,42.360918177],[-83.113775437,42.3602041770001],[-83.1132914359999,42.3594901770001],[-83.112811436,42.358777177],[-83.112404436,42.358164177],[-83.112399436,42.358013177],[-83.112250436,42.3579521770001],[-83.1109304349999,42.357418177],[-83.110741435,42.357624177],[-83.110653435,42.357699177],[-83.110592435,42.357737177],[-83.1105264349999,42.3577701770001],[-83.1095184339999,42.358147177],[-83.109230435,42.357715177]]]},"properties":{"OBJECTID":13,"zipcode":"48204"}},{"type":"Feature","id":14,"geometry":{"type":"Polygon","coordinates":[[[-82.952298394,42.4365691990001],[-82.952606394,42.436093199],[-82.952405394,42.435816199],[-82.9523323929999,42.4356751980001],[-82.952390394,42.4356941980001],[-82.953327394,42.4356811980001],[-82.955005394,42.4356561980001],[-82.955066394,42.4356461990001],[-82.955136394,42.435622198],[-82.955376394,42.4354761980001],[-82.954236394,42.4349991980001],[-82.9539053939999,42.4348721980001],[-82.953846394,42.4348491980001],[-82.9536843929999,42.434787198],[-82.9537263939999,42.4346131980001],[-82.954191394,42.434001198],[-82.954281394,42.433882198],[-82.9548103939999,42.433185198],[-82.954886394,42.4330841980001],[-82.955363394,42.4324511980001],[-82.955408394,42.432376198],[-82.955488394,42.432269198],[-82.9560233939999,42.4315631970001],[-82.956119394,42.4314271970001],[-82.9566073949999,42.4307281970001],[-82.956658395,42.4306561970001],[-82.956770395,42.430640198],[-82.957297394,42.429886197],[-82.957186395,42.4298681970001],[-82.9567893939999,42.429728197],[-82.9572563939999,42.4291091970001],[-82.957694395,42.4293961970001],[-82.957837395,42.429501197],[-82.957961395,42.429609197],[-82.957926394,42.429341197],[-82.958692395,42.4283141970001],[-82.9587463949999,42.4282091970001],[-82.958911394,42.4278871970001],[-82.959450394,42.4271771960001],[-82.959516395,42.427091196],[-82.959989395,42.426462196],[-82.9600693949999,42.4263561970001],[-82.960602395,42.425653196],[-82.961180395,42.424891196],[-82.961216395,42.4248301960001],[-82.9617783959999,42.4240861960001],[-82.961822395,42.4240281960001],[-82.961901396,42.423923196],[-82.962463395,42.423199196],[-82.962516396,42.423130196],[-82.962760395,42.4228091950001],[-82.9636903959999,42.4228051950001],[-82.963676396,42.422413195],[-82.963090396,42.422420195],[-82.9630603959999,42.422416195],[-82.962448395,42.422166195],[-82.963048395,42.4213641950001],[-82.963629396,42.421604196],[-82.963685396,42.4216171950001],[-82.965070396,42.421602195],[-82.9650403959999,42.4207831950001],[-82.9639163959999,42.4207881950001],[-82.963754395,42.420793195],[-82.963462395,42.420823195],[-82.963796395,42.4203781950001],[-82.964091396,42.419990195],[-82.964353396,42.419645195],[-82.964958396,42.4188501950001],[-82.9649743959999,42.4192101950001],[-82.964989396,42.4195681950001],[-82.9674703969999,42.419576195],[-82.971210398,42.4195881950001],[-82.9735653989999,42.418816195],[-82.9762213989999,42.417805194],[-82.9789354,42.416885194],[-82.981754401,42.4159081930001],[-82.9844474019999,42.414948193],[-82.987161402,42.414000193],[-82.9899374029999,42.413032193],[-82.990876403,42.4126881930001],[-82.992781404,42.412136192],[-82.993233404,42.411447192],[-82.993483404,42.4113601920001],[-82.9937354039999,42.411760192],[-82.9969284049999,42.4105311920001],[-82.998855406,42.4099291910001],[-82.9993574059999,42.4097401920001],[-82.9992224049999,42.4095181910001],[-82.999123406,42.409357191],[-82.999131405,42.409317192],[-82.9991124059999,42.4092571910001],[-82.9989534059999,42.4090011910001],[-82.998721405,42.4086501910001],[-83.000584406,42.4079921910001],[-83.001200406,42.407776191],[-83.002759407,42.4089851910001],[-83.003538407,42.4095871910001],[-83.004324407,42.4101941910001],[-83.005120408,42.410813192],[-83.005396408,42.4110271910001],[-83.005914408,42.411447192],[-83.006100408,42.411598191],[-83.006658408,42.4120851910001],[-83.007219408,42.4125791920001],[-83.007384408,42.412733191],[-83.0074324079999,42.4127781920001],[-83.008047409,42.413495192],[-83.008727408,42.4142881920001],[-83.009395409,42.415070192],[-83.0100404089999,42.4158231920001],[-83.0106634099999,42.416550192],[-83.01103241,42.416980192],[-83.01133541,42.4173061920001],[-83.0115644099999,42.4175361920001],[-83.01207441,42.418014192],[-83.0131194099999,42.418976193],[-83.01324141,42.419090193],[-83.01279941,42.419302192],[-83.01185241,42.419337193],[-83.01037441,42.4193911930001],[-83.00897141,42.4194431930001],[-83.008883409,42.4194461920001],[-83.008389409,42.4196261920001],[-83.007979409,42.419250193],[-83.0062114089999,42.419537193],[-83.0062394079999,42.4199161930001],[-83.005207408,42.419946193],[-83.004653408,42.419945193],[-83.004759409,42.422181193],[-83.0048164089999,42.423824193],[-83.004828408,42.4241641930001],[-83.004793408,42.4254011940001],[-83.0049074089999,42.427221194],[-83.0049994089999,42.4286901950001],[-83.004963409,42.429015195],[-83.0051334089999,42.430830195],[-83.0051264089999,42.4326331950001],[-83.0051974089999,42.4340431950001],[-83.004674409,42.434050195],[-83.004696409,42.434434196],[-83.005191409,42.434422195],[-83.00526641,42.436461196],[-83.00534841,42.438670196],[-83.00540141,42.4400891970001],[-83.0053974099999,42.440194197],[-83.00544741,42.441661197],[-83.006014411,42.4416471970001],[-83.007049411,42.4416201970001],[-83.008085411,42.441592197],[-83.0091534109999,42.441565196],[-83.010654412,42.441666196],[-83.010765412,42.441680197],[-83.010796412,42.441684197],[-83.010850412,42.4416911970001],[-83.0067204109999,42.447196198],[-83.005538411,42.448814198],[-83.005501411,42.448815198],[-83.005345411,42.4488211980001],[-83.005270411,42.4488241980001],[-83.0051894109999,42.4488271980001],[-83.004870411,42.448840198],[-83.004769411,42.4488441980001],[-83.0037764099999,42.448885198],[-83.00270241,42.4489091980001],[-83.00262141,42.4489091980001],[-83.00252041,42.4489101980001],[-83.00111041,42.448918199],[-83.000862409,42.448921199],[-83.0007404099999,42.448923198],[-83.0003524099999,42.448928198],[-83.000170409,42.4489351990001],[-82.9991444089999,42.448976198],[-82.999102409,42.4489781980001],[-82.998881409,42.4489841980001],[-82.9985784089999,42.448993199],[-82.997869409,42.449014198],[-82.996630408,42.4490411990001],[-82.9965334079999,42.449043198],[-82.995443408,42.4490661990001],[-82.995428408,42.4490661990001],[-82.994711407,42.449082199],[-82.994203407,42.4490951990001],[-82.994126407,42.4490971990001],[-82.993399407,42.4491121990001],[-82.992953407,42.4491221980001],[-82.9929374069999,42.4491221980001],[-82.9922834069999,42.4491381990001],[-82.992167407,42.449141199],[-82.991775407,42.449149199],[-82.9917474069999,42.449150199],[-82.990750406,42.449173199],[-82.990547406,42.4491771990001],[-82.990367406,42.4491801990001],[-82.9894524059999,42.4491991990001],[-82.989304406,42.4492031990001],[-82.9881684059999,42.4492291990001],[-82.988097406,42.449231199],[-82.987915405,42.449235199],[-82.987819406,42.449237199],[-82.987792405,42.449238199],[-82.987662405,42.449241199],[-82.986892406,42.449259199],[-82.985663405,42.4492881990001],[-82.983675405,42.4493361990001],[-82.9835574049999,42.4493391990001],[-82.983487404,42.4493411990001],[-82.9832024039999,42.449347199],[-82.981559403,42.449388199],[-82.980927403,42.4494051990001],[-82.9807724039999,42.4494092000001],[-82.9803224029999,42.4494212000001],[-82.980156404,42.4494251990001],[-82.9789294029999,42.4494571990001],[-82.9783224019999,42.4494732000001],[-82.978262403,42.4494751990001],[-82.977820402,42.449486199],[-82.9777354029999,42.4494882000001],[-82.977181403,42.4495022],[-82.9770854019999,42.4495052],[-82.9770214019999,42.4495072],[-82.976326402,42.4495252],[-82.975852402,42.4495382000001],[-82.974629401,42.4495682],[-82.9743184019999,42.4495762000001],[-82.973812401,42.4495892],[-82.9735574009999,42.4495952],[-82.973391401,42.4495992000001],[-82.973182401,42.4496042000001],[-82.9728544009999,42.4496122],[-82.972417401,42.4496232000001],[-82.972223401,42.4496282000001],[-82.9720834,42.4496322],[-82.971672401,42.4496482000001],[-82.971425401,42.4496582],[-82.9713293999999,42.4496622],[-82.971045401,42.4496732000001],[-82.9709253999999,42.4496782],[-82.9706083999999,42.4496972000001],[-82.9699214,42.4497412000001],[-82.9698294,42.4497462],[-82.9691054,42.4497932],[-82.9687224,42.4498142],[-82.968303399,42.4498302000001],[-82.9679424,42.4498442],[-82.9678853999999,42.4498462],[-82.9676954,42.4498512000001],[-82.966097399,42.4498942000001],[-82.9649403989999,42.4499152000001],[-82.964732398,42.4499192000001],[-82.964660399,42.4499202000001],[-82.963894398,42.4499352],[-82.963677398,42.4499392000001],[-82.963403399,42.4499432000001],[-82.963282398,42.4499452000001],[-82.9621773979999,42.4499612000001],[-82.961116397,42.4499782010001],[-82.961003397,42.4499802010001],[-82.960123397,42.449995201],[-82.959172396,42.4500112010001],[-82.958640397,42.450021201],[-82.957740397,42.4500342010001],[-82.957710396,42.4500342010001],[-82.956844396,42.4500472010001],[-82.956610396,42.4500502010001],[-82.956214396,42.4500562010001],[-82.956068396,42.450059201],[-82.955487396,42.4500712010001],[-82.955037395,42.450078201],[-82.953963395,42.4500982010001],[-82.953894395,42.450100201],[-82.953754396,42.450103201],[-82.952736395,42.4501232010001],[-82.952503394,42.450127201],[-82.951646395,42.4501442010001],[-82.951412394,42.450149201],[-82.951319394,42.450151201],[-82.949639394,42.4501832010001],[-82.949547394,42.4501852010001],[-82.9494563929999,42.4501862010001],[-82.9488433939999,42.450198201],[-82.9484823929999,42.4502052010001],[-82.948110394,42.450212201],[-82.947581393,42.450222201],[-82.946396393,42.450237201],[-82.9462123929999,42.450236202],[-82.946059393,42.450236202],[-82.945521393,42.4502322010001],[-82.9453103929999,42.4502282010001],[-82.943768392,42.4502072010001],[-82.9433143919999,42.450201201],[-82.942999392,42.4502072010001],[-82.9426353919999,42.450213201],[-82.942293392,42.450219201],[-82.942153392,42.450222201],[-82.9416243909999,42.4502322010001],[-82.9412873909999,42.450238201],[-82.942220391,42.4492132010001],[-82.9426853909999,42.449426201],[-82.943431392,42.448487201],[-82.9435393919999,42.448350201],[-82.944067392,42.4476502010001],[-82.944128392,42.4475692010001],[-82.944811392,42.446667201],[-82.945012392,42.4464002010001],[-82.945558392,42.445736201],[-82.9456003919999,42.4457402],[-82.946249393,42.4457312010001],[-82.946224393,42.4448392],[-82.946206392,42.4442692000001],[-82.946131393,42.4441142000001],[-82.946400392,42.4436932],[-82.946805392,42.4430442],[-82.946883392,42.4429302],[-82.947010392,42.4429602000001],[-82.947056392,42.4429652000001],[-82.9474503929999,42.4429612000001],[-82.948040393,42.4421422],[-82.9481263929999,42.4420201990001],[-82.9482163919999,42.4419182],[-82.948822393,42.4411112000001],[-82.948900393,42.4410102000001],[-82.9494063929999,42.4403391990001],[-82.949507393,42.4402022000001],[-82.950158393,42.439352199],[-82.9501973929999,42.4392931990001],[-82.950767393,42.438540199],[-82.9508953929999,42.438382199],[-82.951514393,42.4375641990001],[-82.951575393,42.4374761990001],[-82.951716393,42.4372731990001],[-82.9517503929999,42.4372901990001],[-82.952236394,42.4366431980001],[-82.952298394,42.4365691990001]]]},"properties":{"OBJECTID":14,"zipcode":"48205"}},{"type":"Feature","id":15,"geometry":{"type":"Polygon","coordinates":[[[-83.102074462,42.3882895630001],[-83.102053471,42.388258852],[-83.102005721,42.3882763940001],[-83.100572041,42.3887921150001],[-83.100514434,42.3887071830001],[-83.100386434,42.3884791830001],[-83.0999044339999,42.3877251820001],[-83.0992024339999,42.386691183],[-83.098671434,42.385906183],[-83.0980764339999,42.385029182],[-83.097569434,42.384283182],[-83.097508433,42.384192182],[-83.097097434,42.383588182],[-83.0969774329999,42.3834451820001],[-83.0968884329999,42.3833941820001],[-83.096700433,42.3833951820001],[-83.0966444329999,42.3834021820001],[-83.0963064329999,42.383524182],[-83.0962384329999,42.383433182],[-83.0961714329999,42.383341182],[-83.0960994329999,42.383243182],[-83.095915433,42.3831021820001],[-83.095647432,42.3829881820001],[-83.095435433,42.3829261820001],[-83.095388433,42.382912182],[-83.094963433,42.382799182],[-83.094545432,42.382688182],[-83.094604433,42.382664182],[-83.095011432,42.3825141820001],[-83.094657432,42.382420182],[-83.094896433,42.382328182],[-83.0952534319999,42.382213182],[-83.095391432,42.382169182],[-83.095483432,42.3821381820001],[-83.095990432,42.381967182],[-83.0954034329999,42.381107182],[-83.094810432,42.3802431820001],[-83.094219432,42.379379182],[-83.093623432,42.3785071820001],[-83.0931184309999,42.3777551810001],[-83.093107431,42.377720181],[-83.0930894309999,42.3776831810001],[-83.092838431,42.377314181],[-83.0925514309999,42.376908181],[-83.092381431,42.376662181],[-83.09151243,42.3753701810001],[-83.09108243,42.3747331810001],[-83.09088243,42.3744361810001],[-83.090654431,42.3740981810001],[-83.09022343,42.37346218],[-83.09000543,42.373142181],[-83.08976943,42.372784181],[-83.08916443,42.3718831800001],[-83.0891774299999,42.3718041810001],[-83.0892764289999,42.37177018],[-83.08923243,42.37168418],[-83.088964429,42.3712911800001],[-83.0889314299999,42.3712431800001],[-83.0897484289999,42.3709511800001],[-83.089384429,42.37042918],[-83.087643429,42.3710631800001],[-83.087625429,42.37101518],[-83.087458429,42.37076618],[-83.087298429,42.3705281800001],[-83.086830429,42.36978918],[-83.086447429,42.36941118],[-83.0865074279999,42.36938918],[-83.087612429,42.3689761800001],[-83.0887334289999,42.36855418],[-83.088222429,42.367793179],[-83.086605428,42.3653981800001],[-83.087691428,42.3649891790001],[-83.088744429,42.3645911790001],[-83.089806429,42.364188179],[-83.0902084299999,42.363973179],[-83.09070643,42.363739179],[-83.090795429,42.3638651790001],[-83.09147043,42.3648991790001],[-83.09153243,42.3649991790001],[-83.0917244299999,42.364933179],[-83.093578431,42.364244179],[-83.09284143,42.3631001790001],[-83.093333431,42.362928179],[-83.093937431,42.3627181790001],[-83.0946044309999,42.3624551790001],[-83.09496143,42.362999178],[-83.0974594309999,42.3620891780001],[-83.097561431,42.361965178],[-83.0994354319999,42.3613681780001],[-83.1004264319999,42.3609851780001],[-83.100555432,42.360998178],[-83.1010854319999,42.360801178],[-83.1032844329999,42.3599571780001],[-83.105184433,42.359227177],[-83.105986434,42.358927177],[-83.109230435,42.357715177],[-83.1095184339999,42.358147177],[-83.1105264349999,42.3577701770001],[-83.110592435,42.357737177],[-83.110653435,42.357699177],[-83.110741435,42.357624177],[-83.1109304349999,42.357418177],[-83.112250436,42.3579521770001],[-83.112399436,42.358013177],[-83.112404436,42.358164177],[-83.112811436,42.358777177],[-83.1132914359999,42.3594901770001],[-83.113775437,42.3602041770001],[-83.114258436,42.360918177],[-83.114740436,42.361631177],[-83.1152444369999,42.362374177],[-83.115736437,42.363102177],[-83.1162114379999,42.3638031780001],[-83.116687438,42.3645051780001],[-83.117165438,42.365210178],[-83.117643438,42.3659161780001],[-83.118123438,42.3666231780001],[-83.118578438,42.3672921780001],[-83.1190224389999,42.367949178],[-83.1194684389999,42.368606178],[-83.119932439,42.369290178],[-83.1202584389999,42.3691661780001],[-83.120510439,42.369534179],[-83.120104439,42.369692179],[-83.120906439,42.3709111790001],[-83.121942439,42.3724271780001],[-83.12198144,42.372484179],[-83.1230424399999,42.3740501790001],[-83.123756441,42.3751041790001],[-83.124450441,42.376142179],[-83.124887441,42.3759781790001],[-83.125343441,42.3766491800001],[-83.125796441,42.377321179],[-83.126250441,42.37799318],[-83.126702441,42.378664179],[-83.1271554419999,42.3793351790001],[-83.1276104419999,42.3800071790001],[-83.1280544429999,42.3806651800001],[-83.1285014429999,42.38132218],[-83.128942443,42.38197818],[-83.1293384429999,42.3825701800001],[-83.129861443,42.383345181],[-83.1301504429999,42.38377518],[-83.128064443,42.38454718],[-83.128378443,42.3850241810001],[-83.127842443,42.3852421810001],[-83.127572443,42.384834181],[-83.124158442,42.3861271810001],[-83.121468441,42.387146181],[-83.11876144,42.3881721820001],[-83.1153904389999,42.3894491820001],[-83.1122194389999,42.390650183],[-83.110663438,42.391241183],[-83.110405438,42.3913391830001],[-83.110656438,42.391799182],[-83.1103794379999,42.3919021830001],[-83.110204438,42.3919681830001],[-83.110131438,42.391862183],[-83.1098574379999,42.391466183],[-83.109491437,42.3916091830001],[-83.108137437,42.392099183],[-83.1084034369999,42.3924891830001],[-83.1078404369999,42.3926941830001],[-83.107303437,42.392887183],[-83.107037437,42.3924891830001],[-83.105980437,42.3929121830001],[-83.106272437,42.3933031830001],[-83.1073884369999,42.394834184],[-83.107218437,42.3948951830001],[-83.106885437,42.395015184],[-83.106632437,42.3946521830001],[-83.106475437,42.394373183],[-83.106346437,42.394124183],[-83.106288437,42.393998184],[-83.106177437,42.393759183],[-83.1061054359999,42.3935851840001],[-83.105910436,42.393109183],[-83.105466437,42.392497183],[-83.1048954359999,42.3917011830001],[-83.1044194359999,42.391038183],[-83.104341436,42.390940183],[-83.1037234359999,42.3901501830001],[-83.103557436,42.3899391830001],[-83.1033394359999,42.3896521830001],[-83.103168436,42.3894011830001],[-83.103013435,42.3891601830001],[-83.102947435,42.389058182],[-83.102597435,42.388559183],[-83.1025284359999,42.3884601830001],[-83.1022824349999,42.388092183],[-83.102089435,42.3882841820001],[-83.102074462,42.3882895630001]]]},"properties":{"OBJECTID":15,"zipcode":"48206"}},{"type":"Feature","id":16,"geometry":{"type":"Polygon","coordinates":[[[-82.951683385,42.352581184],[-82.949477384,42.348549183],[-82.948154384,42.3461291830001],[-82.9481123839999,42.346050183],[-82.959754387,42.3400411810001],[-82.963108388,42.3391811810001],[-82.978789392,42.3351591790001],[-82.9892013959999,42.3324891780001],[-82.999895399,42.3319901780001],[-83.003632399,42.331816178],[-83.0080404009999,42.3316101770001],[-83.014080403,42.331329177],[-83.0171744039999,42.3308881770001],[-83.019028404,42.3306241760001],[-83.0240384049999,42.329438176],[-83.0262384069999,42.3289181760001],[-83.03915741,42.3247791740001],[-83.03951141,42.324611175],[-83.04058441,42.3241011740001],[-83.040847411,42.324025174],[-83.0408984109999,42.324096174],[-83.041354411,42.3246891740001],[-83.042830411,42.326679175],[-83.042712411,42.3267151750001],[-83.040635411,42.327378175],[-83.04075141,42.3276081750001],[-83.040770411,42.3276771750001],[-83.040706411,42.327652175],[-83.0405754109999,42.3276351750001],[-83.04047941,42.3276381750001],[-83.040173411,42.327742175],[-83.03911441,42.328157175],[-83.03789941,42.3286511750001],[-83.0371624099999,42.3290171750001],[-83.03695641,42.3291211750001],[-83.03687941,42.329174175],[-83.03685541,42.3292291760001],[-83.03684541,42.3292721760001],[-83.036858409,42.3293301750001],[-83.0369624099999,42.3295051750001],[-83.0369844099999,42.329540175],[-83.037001409,42.3295671750001],[-83.03701341,42.329586175],[-83.0349644089999,42.3302401760001],[-83.0348524089999,42.330284175],[-83.03503541,42.330546176],[-83.035197409,42.330777176],[-83.03537841,42.331042176],[-83.035812409,42.3316801760001],[-83.0378184099999,42.3308091760001],[-83.03800441,42.3307361760001],[-83.0382044099999,42.330689175],[-83.038928411,42.330501176],[-83.0393474109999,42.330328175],[-83.039609411,42.330619176],[-83.039834411,42.3308771750001],[-83.03911541,42.3311641760001],[-83.03830541,42.3315491760001],[-83.038031411,42.331669176],[-83.03629641,42.3324291760001],[-83.03666441,42.332999176],[-83.03673041,42.333109176],[-83.03682741,42.333270176],[-83.03688341,42.333363176],[-83.0370974109999,42.333672176],[-83.037189411,42.333794176],[-83.0383084109999,42.3354211760001],[-83.037962411,42.335582177],[-83.0379054109999,42.335609176],[-83.0380014099999,42.3357331770001],[-83.038611411,42.336624176],[-83.038407411,42.336712177],[-83.0388484109999,42.337386177],[-83.039173411,42.3378771770001],[-83.039627411,42.338530177],[-83.039936411,42.3389351770001],[-83.0400874119999,42.339101177],[-83.0402484109999,42.339260177],[-83.040458411,42.3394421770001],[-83.040545411,42.3395391770001],[-83.0413484119999,42.3401691770001],[-83.042007412,42.3406871770001],[-83.042155413,42.340810177],[-83.042213412,42.340857177],[-83.042360413,42.340990177],[-83.042563413,42.3411961780001],[-83.042732413,42.341397177],[-83.042952413,42.341683177],[-83.043101413,42.3418921780001],[-83.043242413,42.3421051770001],[-83.043352413,42.3422831770001],[-83.0433924129999,42.3423481770001],[-83.0435054129999,42.3425451780001],[-83.043623413,42.3428701770001],[-83.043700413,42.3431161780001],[-83.043760413,42.343377178],[-83.043803413,42.343601178],[-83.043848413,42.3438351780001],[-83.043966413,42.3445341780001],[-83.043992413,42.3446911780001],[-83.0440364139999,42.344951178],[-83.044088414,42.345144178],[-83.044162413,42.3453411780001],[-83.044319414,42.345719178],[-83.044418413,42.345939178],[-83.044568414,42.346226178],[-83.044677414,42.3463961780001],[-83.045663415,42.3479991780001],[-83.046702415,42.3494881780001],[-83.047825415,42.351226179],[-83.0479094149999,42.3513531790001],[-83.0486484159999,42.352421179],[-83.049103416,42.3530791790001],[-83.051444417,42.3566401790001],[-83.051763416,42.35711918],[-83.052341417,42.35799218],[-83.052697417,42.358542179],[-83.0530304169999,42.35903718],[-83.0542454179999,42.3608431800001],[-83.054369418,42.36101218],[-83.054416418,42.36109518],[-83.054659418,42.3615241800001],[-83.055233419,42.36267518],[-83.055902418,42.363984181],[-83.056248419,42.364945181],[-83.0563774189999,42.365217181],[-83.0561994189999,42.365283181],[-83.055886419,42.365398181],[-83.055072418,42.365691181],[-83.053641418,42.366212181],[-83.052946418,42.3651711810001],[-83.052323418,42.364269181],[-83.050699417,42.364858181],[-83.050181417,42.364078181],[-83.049708417,42.363367181],[-83.047129416,42.3642831810001],[-83.0468474159999,42.3638561810001],[-83.046638415,42.3635881810001],[-83.046313416,42.3637061810001],[-83.046106416,42.363781181],[-83.045111415,42.364140181],[-83.044354416,42.364414181],[-83.042811414,42.364974181],[-83.0407964139999,42.365705182],[-83.0403264139999,42.365872182],[-83.038755414,42.3664471820001],[-83.037791413,42.3668001820001],[-83.0368314129999,42.367148182],[-83.035861413,42.3675001820001],[-83.034215412,42.3681001830001],[-83.034690413,42.368819182],[-83.032284412,42.369693183],[-83.031807412,42.368975182],[-83.031006412,42.369265183],[-83.030291411,42.3695241830001],[-83.0276594109999,42.370481183],[-83.02668341,42.3708361830001],[-83.02510541,42.371409183],[-83.02475341,42.371536183],[-83.0243604089999,42.371679183],[-83.0237954089999,42.3718851830001],[-83.022489409,42.372361184],[-83.021503409,42.3727201840001],[-83.020549409,42.373064184],[-83.019261408,42.3735281840001],[-83.0190474079999,42.373611184],[-83.0188234089999,42.373699184],[-83.018690409,42.3737511840001],[-83.018271408,42.373898185],[-83.017870408,42.3740491840001],[-83.018183408,42.373577184],[-83.017887408,42.3731721840001],[-83.0175144079999,42.372529184],[-83.017032408,42.3717661840001],[-83.016898408,42.371554184],[-83.015804407,42.369847184],[-83.0158104069999,42.369647183],[-83.013895406,42.366939183],[-83.012389405,42.3646701830001],[-83.013059405,42.364425183],[-83.0124144049999,42.363299183],[-83.011595405,42.363595182],[-83.0110004049999,42.3626991830001],[-83.009628404,42.3606341820001],[-83.009510404,42.3604531820001],[-83.008903404,42.359522182],[-83.007937404,42.358059182],[-83.0078734029999,42.3579611820001],[-83.0069794029999,42.3565151820001],[-83.006626403,42.3559161820001],[-83.0065514029999,42.355788182],[-83.0057424029999,42.3545851810001],[-83.005437402,42.3541151810001],[-83.0050874029999,42.353577181],[-83.0043264019999,42.352411181],[-83.004269402,42.352324181],[-83.0031994019999,42.3507121810001],[-83.002001401,42.3490231810001],[-83.002109401,42.348984181],[-83.002469401,42.348843181],[-83.002922401,42.3486661800001],[-83.0027804009999,42.3482591810001],[-83.0026864009999,42.348083181],[-83.002563401,42.347903181],[-83.0020833999999,42.34716618],[-83.0019264009999,42.3469121800001],[-83.0009034,42.34563918],[-83.0005734,42.34530318],[-83.0004203999999,42.34509418],[-82.998570399,42.34262218],[-82.987141396,42.3468201810001],[-82.984753396,42.347570181],[-82.977588393,42.350090182],[-82.972024392,42.353367183],[-82.971021392,42.3532471830001],[-82.967527391,42.3529301830001],[-82.96375239,42.352788183],[-82.952780386,42.352380184],[-82.951683385,42.352581184]]]},"properties":{"OBJECTID":16,"zipcode":"48207"}},{"type":"Feature","id":17,"geometry":{"type":"Polygon","coordinates":[[[-83.073480423,42.353936178],[-83.073400423,42.353778178],[-83.073589424,42.3537161780001],[-83.0739214229999,42.3536081780001],[-83.074129423,42.3535401780001],[-83.074478423,42.3534311780001],[-83.076500424,42.3528001770001],[-83.077596424,42.352454177],[-83.0783984239999,42.352202177],[-83.0787324249999,42.352102178],[-83.0781064239999,42.351014177],[-83.077487424,42.3499381770001],[-83.076290424,42.350314177],[-83.076001423,42.3497781770001],[-83.075702424,42.349226177],[-83.0752664239999,42.3484521770001],[-83.074672423,42.3486371770001],[-83.0742374229999,42.3478861770001],[-83.0738074229999,42.3471461770001],[-83.073548423,42.346704177],[-83.073400423,42.346440176],[-83.073373423,42.3463221760001],[-83.073290422,42.346174176],[-83.0730664229999,42.345802177],[-83.072539422,42.3448971760001],[-83.072481422,42.3448061760001],[-83.071929422,42.343850176],[-83.0715764219999,42.343240176],[-83.071104421,42.342417176],[-83.0716954219999,42.342231176],[-83.071616421,42.342096176],[-83.0710264209999,42.3422841760001],[-83.070585421,42.3415201760001],[-83.070546421,42.3414531760001],[-83.0696954209999,42.341719176],[-83.06890842,42.341965176],[-83.06804842,42.340477176],[-83.068044421,42.340458175],[-83.06804842,42.3404391760001],[-83.06822642,42.340188176],[-83.0671344199999,42.3397451760001],[-83.0666644199999,42.339549176],[-83.066568419,42.339509176],[-83.0665054199999,42.339483176],[-83.06635442,42.339148176],[-83.066445419,42.3391381760001],[-83.06651342,42.3391311760001],[-83.066625419,42.339126176],[-83.0667094199999,42.339118176],[-83.06651842,42.338745176],[-83.06633542,42.3383841750001],[-83.06748442,42.338025176],[-83.06791142,42.338780176],[-83.068337421,42.339535175],[-83.0686004199999,42.3399971750001],[-83.0686584199999,42.3401101750001],[-83.069014421,42.340005175],[-83.0691774209999,42.339986176],[-83.069747421,42.3399721760001],[-83.069792421,42.339965175],[-83.071480421,42.339441175],[-83.0735904219999,42.3387801750001],[-83.0740164219999,42.339535175],[-83.074984423,42.3392311750001],[-83.076245423,42.338839175],[-83.0758194219999,42.3380831750001],[-83.077004423,42.337712175],[-83.078361423,42.337287175],[-83.078789423,42.3380361750001],[-83.079699424,42.337755175],[-83.0799054239999,42.337685175],[-83.080079424,42.3376331750001],[-83.081244424,42.3372731750001],[-83.082245424,42.3369591750001],[-83.0833944239999,42.3365971750001],[-83.0846974249999,42.336188174],[-83.085333425,42.3359911740001],[-83.086922426,42.3354761740001],[-83.087245426,42.3354051740001],[-83.087560426,42.335288174],[-83.088562426,42.3349741740001],[-83.089921427,42.3361311740001],[-83.090019427,42.3362231740001],[-83.090074427,42.336296174],[-83.090180427,42.336436174],[-83.090552427,42.336312174],[-83.0907934269999,42.336229174],[-83.090685427,42.336098174],[-83.091096427,42.3359681740001],[-83.091147427,42.3359521740001],[-83.090775427,42.335620174],[-83.090224427,42.3350441740001],[-83.089810427,42.3345781740001],[-83.090261427,42.3344381740001],[-83.091135427,42.334164173],[-83.0921424269999,42.333847174],[-83.0933614269999,42.333469173],[-83.094300427,42.3331771730001],[-83.095226428,42.3328901730001],[-83.096017429,42.3326451730001],[-83.097462429,42.3321961730001],[-83.0968004279999,42.331279173],[-83.098540429,42.3312721720001],[-83.0984854289999,42.331419173],[-83.098452429,42.331555173],[-83.098587429,42.3317851730001],[-83.0995894289999,42.3331821730001],[-83.09976743,42.333441173],[-83.099964429,42.333735173],[-83.100276429,42.334164173],[-83.100568429,42.334565173],[-83.10208843,42.332360173],[-83.10218843,42.332500173],[-83.1014274299999,42.3336101730001],[-83.10141243,42.333645173],[-83.10140543,42.3336821730001],[-83.10141343,42.3337441730001],[-83.102316431,42.3350071730001],[-83.1032174309999,42.336257174],[-83.103636431,42.336840173],[-83.104817431,42.338482173],[-83.1048684309999,42.3385371740001],[-83.104917432,42.338591174],[-83.106954432,42.3413971740001],[-83.107777433,42.342533174],[-83.108631433,42.3437111740001],[-83.109398433,42.3447761740001],[-83.108130433,42.3447981750001],[-83.108297433,42.345044175],[-83.108939433,42.345928175],[-83.109185433,42.346267175],[-83.109438433,42.3466151750001],[-83.109577434,42.346803175],[-83.109659434,42.3469071750001],[-83.1100094339999,42.3467761750001],[-83.110614434,42.3465221750001],[-83.110806434,42.346714175],[-83.111233434,42.3472971750001],[-83.111188434,42.347322175],[-83.110403434,42.347892175],[-83.110479434,42.3480091750001],[-83.111435434,42.3479921750001],[-83.111575435,42.349963175],[-83.1114724349999,42.3519451760001],[-83.111619435,42.353918176],[-83.111635435,42.3556161760001],[-83.111617435,42.3556131760001],[-83.111409435,42.355539176],[-83.1116534349999,42.355740176],[-83.111529435,42.3557541760001],[-83.1114294349999,42.355777177],[-83.1113334349999,42.355806176],[-83.111241435,42.3558411770001],[-83.1111534349999,42.3558821760001],[-83.111016435,42.355962177],[-83.110879435,42.3560651760001],[-83.110803435,42.3561331770001],[-83.1107274349999,42.3562241760001],[-83.110679435,42.356306176],[-83.110496435,42.3564351760001],[-83.110327435,42.3565341770001],[-83.110214435,42.356592176],[-83.109856435,42.3567471760001],[-83.109563435,42.356865177],[-83.1092904349999,42.356974177],[-83.108847434,42.3571411770001],[-83.109072434,42.3574781770001],[-83.109230435,42.357715177],[-83.105986434,42.358927177],[-83.105184433,42.359227177],[-83.1032844329999,42.3599571780001],[-83.1010854319999,42.360801178],[-83.100555432,42.360998178],[-83.1004264319999,42.3609851780001],[-83.0994354319999,42.3613681780001],[-83.097561431,42.361965178],[-83.0974594309999,42.3620891780001],[-83.09496143,42.362999178],[-83.0946044309999,42.3624551790001],[-83.093937431,42.3627181790001],[-83.093333431,42.362928179],[-83.09284143,42.3631001790001],[-83.093578431,42.364244179],[-83.0917244299999,42.364933179],[-83.09153243,42.3649991790001],[-83.09147043,42.3648991790001],[-83.090795429,42.3638651790001],[-83.09070643,42.363739179],[-83.0902084299999,42.363973179],[-83.089806429,42.364188179],[-83.089733429,42.364009179],[-83.088708429,42.364391179],[-83.087573428,42.3648141790001],[-83.0865534279999,42.3651991790001],[-83.085350428,42.365652179],[-83.085253428,42.3655321790001],[-83.085238428,42.365498179],[-83.085231428,42.3654621790001],[-83.085232428,42.3654261790001],[-83.085412428,42.3646061790001],[-83.086063428,42.3643611790001],[-83.086178428,42.363720179],[-83.085715428,42.363671179],[-83.085734428,42.363561179],[-83.085646428,42.363546179],[-83.085530428,42.3635261790001],[-83.0852024279999,42.3634851790001],[-83.085169428,42.3636471790001],[-83.084522427,42.3635481790001],[-83.084610427,42.363157179],[-83.083491427,42.363020179],[-83.083400427,42.3630091790001],[-83.083605427,42.362078179],[-83.0832634269999,42.3621821790001],[-83.083216427,42.362184179],[-83.0832024269999,42.3621811790001],[-83.083165427,42.3621761790001],[-83.0831154269999,42.3621351790001],[-83.0830614269999,42.362060179],[-83.082578427,42.361199179],[-83.082379427,42.360844178],[-83.082212427,42.360551179],[-83.082072427,42.3603071790001],[-83.081280426,42.358928178],[-83.081460426,42.358658178],[-83.081153426,42.3584901780001],[-83.081074426,42.3584471780001],[-83.080758426,42.358475178],[-83.080299426,42.3582251780001],[-83.080129426,42.358266179],[-83.079655426,42.358380179],[-83.0790024249999,42.357716178],[-83.078781425,42.357871178],[-83.077377425,42.358818179],[-83.0767724249999,42.359198179],[-83.076290425,42.3595011790001],[-83.076035425,42.3590681790001],[-83.075668424,42.3584441790001],[-83.075303424,42.357829178],[-83.0751594239999,42.357558178],[-83.0748894239999,42.3569991780001],[-83.074788424,42.356773178],[-83.074552424,42.3559861780001],[-83.074447423,42.355735178],[-83.074211423,42.3552521780001],[-83.073480423,42.353936178]]]},"properties":{"OBJECTID":17,"zipcode":"48208"}},{"type":"Feature","id":18,"geometry":{"type":"Polygon","coordinates":[[[-83.0803504209999,42.3111511700001],[-83.0804984209999,42.3110211700001],[-83.080995421,42.3106811700001],[-83.081576422,42.3102711700001],[-83.0825054219999,42.30938817],[-83.0848934219999,42.306641169],[-83.092570424,42.2991241670001],[-83.0978894249999,42.293759166],[-83.0984314249999,42.2940361660001],[-83.098571425,42.2940841660001],[-83.0985864249999,42.294003166],[-83.098627425,42.2936301660001],[-83.098233425,42.2933421660001],[-83.099220426,42.2924021650001],[-83.099389426,42.2924611660001],[-83.099831426,42.291846165],[-83.1005924259999,42.291061165],[-83.1028734269999,42.2884081650001],[-83.103049426,42.288425165],[-83.103556913,42.2880206460001],[-83.10781917,42.2889645700001],[-83.1089907419999,42.2891851410001],[-83.1092294279999,42.289233164],[-83.1093174279999,42.2892471650001],[-83.110373646,42.2893827250001],[-83.111064466,42.289475065],[-83.1119945459999,42.2895884370001],[-83.113577359,42.2899990940001],[-83.114625915,42.2901780440001],[-83.1146835439999,42.2901807310001],[-83.1147094299999,42.290185165],[-83.115850431,42.290238165],[-83.1161554299999,42.290220165],[-83.11631943,42.290211164],[-83.116628431,42.2901941640001],[-83.117380431,42.2900291650001],[-83.1179954309999,42.289797164],[-83.118268431,42.289735164],[-83.118217288,42.289674683],[-83.119247526,42.2890567860001],[-83.119456529,42.2887550090001],[-83.119612288,42.2883858690001],[-83.119778697,42.2880150440001],[-83.1198752559999,42.2875546820001],[-83.1197319629999,42.28645635],[-83.119425209,42.2856052340001],[-83.119303868,42.285117046],[-83.1192649229999,42.2847625100001],[-83.1192882299999,42.284402078],[-83.1189901499999,42.28328378],[-83.118857913,42.2829757530001],[-83.1177596649999,42.281163995],[-83.117639459,42.280412733],[-83.117624163,42.280025913],[-83.117645113,42.2798126800001],[-83.117664922,42.279624083],[-83.117772058,42.279462381],[-83.117978722,42.2793032220001],[-83.118294068,42.2791879480001],[-83.11877263,42.279134395],[-83.119357596,42.279173998],[-83.121891961,42.2794360010001],[-83.128711257,42.280791633],[-83.13020112,42.281101219],[-83.131491281,42.2814092],[-83.132777402,42.281805116],[-83.134210578,42.282226767],[-83.135622229,42.282752981],[-83.135707812,42.2825956670001],[-83.135768521,42.28261193],[-83.135774537,42.282601782],[-83.135861436,42.2826171620001],[-83.1358754359999,42.2825951620001],[-83.135932436,42.2825491620001],[-83.135966436,42.282537162],[-83.135986436,42.282508162],[-83.136024436,42.2824841620001],[-83.136076436,42.2824541620001],[-83.1362094359999,42.2824141620001],[-83.136294436,42.2824091620001],[-83.1363539399999,42.282400898],[-83.136492721,42.2824197840001],[-83.136791984,42.2825317080001],[-83.137075655,42.2826432380001],[-83.137451287,42.282791876],[-83.1374681899999,42.282773026],[-83.137534437,42.2827991620001],[-83.137150437,42.2832681620001],[-83.137815437,42.284811163],[-83.137905436,42.2849511630001],[-83.139438437,42.2868081620001],[-83.139500437,42.286895163],[-83.139561438,42.2869841630001],[-83.139836438,42.287368163],[-83.142633439,42.291223164],[-83.143439439,42.292280163],[-83.1440354389999,42.293110164],[-83.1442544399999,42.2933531640001],[-83.144449185,42.2935618820001],[-83.1443937329999,42.2935846670001],[-83.143918765,42.2937925360001],[-83.143940696,42.293929215],[-83.143961425,42.2940920410001],[-83.1439284479999,42.294195917],[-83.143838879,42.294303595],[-83.143694161,42.2943837],[-83.1435800199999,42.2944122230001],[-83.1433815949999,42.2944333770001],[-83.143246462,42.294420798],[-83.143092568,42.294401545],[-83.142557718,42.294407279],[-83.1422386249999,42.294704037],[-83.141768616,42.295191241],[-83.141606668,42.2953504640001],[-83.141484238,42.295458039],[-83.1411968479999,42.2960074490001],[-83.14085069,42.2965105490001],[-83.140620656,42.29703714],[-83.140449356,42.2977492960001],[-83.140323842,42.2990552590001],[-83.140445534,42.299544489],[-83.140690452,42.3003414130001],[-83.141340417,42.3016439720001],[-83.141572608,42.3021724750001],[-83.141849712,42.303686381],[-83.141873752,42.304073547],[-83.142160168,42.30471394],[-83.1423585589999,42.3052523420001],[-83.142414547,42.305502952],[-83.142420223,42.305686338],[-83.142398683,42.3058480930001],[-83.142314698,42.305987326],[-83.142154419,42.3060984470001],[-83.141277373,42.306458422],[-83.141100525,42.3064696480001],[-83.140886769,42.3065165880001],[-83.14072817,42.306591102],[-83.140604315,42.306676967],[-83.1405047919999,42.3068472160001],[-83.140602842,42.3071690670001],[-83.1406751169999,42.30743791],[-83.1406436399999,42.3076622400001],[-83.1405273779999,42.307889656],[-83.140344032,42.3080420750001],[-83.139962455,42.3082104110001],[-83.139795123,42.3083213510001],[-83.139695594,42.3084916010001],[-83.139638337,42.3086629210001],[-83.1396583389999,42.308841435],[-83.139728378,42.3090055110001],[-83.1404052179999,42.3100854740001],[-83.140454847,42.3102333260001],[-83.140476053,42.3103856920001],[-83.140509425,42.3105802530001],[-83.140602695,42.310797075],[-83.140608362,42.310809267],[-83.140701311,42.31100919],[-83.141687716,42.3124022960001],[-83.144141423,42.3157438590001],[-83.145955144,42.3182288450001],[-83.146240652,42.3186199990001],[-83.1465018769999,42.319008448],[-83.146834057,42.3194648030001],[-83.146887606,42.3195390270001],[-83.146924316,42.319592476],[-83.146969766,42.3196480780001],[-83.1464924419999,42.3197131680001],[-83.1462684429999,42.3197361680001],[-83.1446524419999,42.319970168],[-83.143963442,42.3200541680001],[-83.1435444419999,42.320111168],[-83.138635441,42.320850169],[-83.13760644,42.321008169],[-83.13577744,42.321303169],[-83.135623439,42.3213341690001],[-83.135032439,42.321456169],[-83.133416439,42.3218551690001],[-83.133212439,42.321907169],[-83.1325294379999,42.3220791690001],[-83.1313724389999,42.3223911690001],[-83.1301154379999,42.322676169],[-83.129683438,42.32275417],[-83.129252438,42.32282417],[-83.1289504379999,42.3228631700001],[-83.1284554369999,42.32291417],[-83.127773437,42.3229531690001],[-83.126402436,42.3229981700001],[-83.122831436,42.3231331700001],[-83.1224584349999,42.3231721700001],[-83.121841436,42.32324917],[-83.115315434,42.32420317],[-83.113943433,42.3243931710001],[-83.108275431,42.325160171],[-83.107220431,42.325318171],[-83.106794431,42.325370171],[-83.106841431,42.325298171],[-83.106782431,42.3253061710001],[-83.106239431,42.325384172],[-83.10207143,42.325932171],[-83.1001494289999,42.3263001710001],[-83.100194428,42.3263641720001],[-83.0980584279999,42.326692172],[-83.097997429,42.326606172],[-83.097327428,42.325675172],[-83.096679428,42.3247691720001],[-83.096634427,42.3248511720001],[-83.094637427,42.3256251720001],[-83.094090427,42.3248591720001],[-83.094037427,42.3249231720001],[-83.093822427,42.3250091720001],[-83.093655427,42.3247721720001],[-83.093310426,42.324906171],[-83.0915834259999,42.3225011720001],[-83.091761426,42.3224311710001],[-83.0921474259999,42.322281171],[-83.092231426,42.322249172],[-83.091928426,42.3218231710001],[-83.091411426,42.3210981710001],[-83.091365426,42.3210331710001],[-83.091280425,42.320914171],[-83.091164426,42.3209661710001],[-83.090943426,42.3210541710001],[-83.0908444249999,42.321094171],[-83.090717426,42.3209181710001],[-83.0905044249999,42.321000171],[-83.088903425,42.318748171],[-83.088719424,42.318476171],[-83.088983425,42.3183731710001],[-83.0886604249999,42.317932171],[-83.088400425,42.3180361710001],[-83.0873334239999,42.31654817],[-83.087574424,42.3164461700001],[-83.088015425,42.3162601710001],[-83.0879224239999,42.3161241710001],[-83.0878084239999,42.3159921700001],[-83.0877404239999,42.31591417],[-83.0875864239999,42.315779171],[-83.0878774239999,42.3154711700001],[-83.0882404239999,42.3152091700001],[-83.088871425,42.31487817],[-83.089438424,42.31467917],[-83.0912924249999,42.31395917],[-83.091096425,42.31368017],[-83.090953425,42.3134771700001],[-83.090768425,42.31321617],[-83.0904144249999,42.31334817],[-83.090026425,42.31348617],[-83.089490424,42.31365817],[-83.0888694239999,42.31390917],[-83.087801424,42.3143531700001],[-83.0868644239999,42.3147281700001],[-83.086332424,42.31397317],[-83.085620424,42.3142801700001],[-83.083712423,42.31159717],[-83.082985422,42.31058117],[-83.0825934219999,42.31075917],[-83.082522422,42.31080817],[-83.082463422,42.3108651700001],[-83.082384422,42.31098117],[-83.0823264219999,42.31111617],[-83.082061422,42.31166517],[-83.081816422,42.31217817],[-83.0817384219999,42.3123431700001],[-83.081680422,42.31247617],[-83.081636422,42.31257617],[-83.081436422,42.3126661700001],[-83.0803504209999,42.3111511700001]]]},"properties":{"OBJECTID":18,"zipcode":"48209"}},{"type":"Feature","id":19,"geometry":{"type":"Polygon","coordinates":[[[-83.098540429,42.3312721720001],[-83.099457429,42.331173173],[-83.0974064279999,42.328379172],[-83.097075428,42.3279421720001],[-83.097057428,42.327528172],[-83.097262428,42.327046172],[-83.097767429,42.326734172],[-83.0980584279999,42.326692172],[-83.100194428,42.3263641720001],[-83.1001494289999,42.3263001710001],[-83.10207143,42.325932171],[-83.106239431,42.325384172],[-83.106782431,42.3253061710001],[-83.106841431,42.325298171],[-83.106794431,42.325370171],[-83.107220431,42.325318171],[-83.108275431,42.325160171],[-83.113943433,42.3243931710001],[-83.115315434,42.32420317],[-83.121841436,42.32324917],[-83.1224584349999,42.3231721700001],[-83.122831436,42.3231331700001],[-83.126402436,42.3229981700001],[-83.127773437,42.3229531690001],[-83.1284554369999,42.32291417],[-83.1289504379999,42.3228631700001],[-83.129252438,42.32282417],[-83.129683438,42.32275417],[-83.1301154379999,42.322676169],[-83.1313724389999,42.3223911690001],[-83.1325294379999,42.3220791690001],[-83.133212439,42.321907169],[-83.133416439,42.3218551690001],[-83.135032439,42.321456169],[-83.135623439,42.3213341690001],[-83.13577744,42.321303169],[-83.13760644,42.321008169],[-83.138635441,42.320850169],[-83.1435444419999,42.320111168],[-83.143963442,42.3200541680001],[-83.1446524419999,42.319970168],[-83.1462684429999,42.3197361680001],[-83.1464924419999,42.3197131680001],[-83.146969766,42.3196480780001],[-83.1470560819999,42.3197536750001],[-83.149373068,42.3228963810001],[-83.1528631259999,42.327737041],[-83.1531298479999,42.3280879120001],[-83.1531958209999,42.328071999],[-83.153213446,42.3280951690001],[-83.155009446,42.3276621690001],[-83.155358446,42.328146169],[-83.156104446,42.327942169],[-83.156521783,42.3278272750001],[-83.1565515899999,42.327953092],[-83.1565665749999,42.3281635220001],[-83.1565948959999,42.3285612650001],[-83.1566011749999,42.3287320470001],[-83.156607801,42.328909943],[-83.156636587,42.3295225140001],[-83.1566577839999,42.329925394],[-83.156774609,42.3339434100001],[-83.156901961,42.3369613290001],[-83.156407099,42.336949949],[-83.1557429009999,42.336984003],[-83.154344457,42.337231264],[-83.1536004819999,42.337377471],[-83.1529589259999,42.337587033],[-83.1525994999999,42.3377689810001],[-83.1522287809999,42.3379419600001],[-83.1518081199999,42.338183137],[-83.151457594,42.3384260830001],[-83.151106269,42.3386863710001],[-83.150817369,42.338861412],[-83.1502147419999,42.339497384],[-83.149941653,42.3398377870001],[-83.149675875,42.3402738830001],[-83.1494314829999,42.3407539300001],[-83.1487161699999,42.3438441920001],[-83.148475845,42.3444013540001],[-83.1483516869999,42.3446891950001],[-83.148300573,42.344981771],[-83.147877313,42.3474044640001],[-83.1476340239999,42.349141907],[-83.1475836549999,42.349368629],[-83.1474663559999,42.3499185000001],[-83.1475130709999,42.3507538790001],[-83.147527091,42.350844312],[-83.147574812,42.3511950760001],[-83.1475878959999,42.3512759860001],[-83.147596211,42.351445696],[-83.147604883,42.3515608750001],[-83.147612727,42.351618645],[-83.147657129,42.3519163460001],[-83.1477390649999,42.35191472],[-83.147740445,42.351924174],[-83.147083446,42.351937174],[-83.1462534449999,42.3519541740001],[-83.146025446,42.351958174],[-83.1452464449999,42.3519731740001],[-83.144967445,42.3519781740001],[-83.1442544449999,42.351993174],[-83.143909444,42.3520001740001],[-83.143192444,42.352014174],[-83.142802444,42.3520221740001],[-83.142129444,42.352036174],[-83.141743444,42.3520431740001],[-83.141064444,42.352057174],[-83.140732444,42.3520641740001],[-83.140001443,42.352078174],[-83.139719443,42.352084174],[-83.1382504429999,42.3521091740001],[-83.137147442,42.352100175],[-83.135707442,42.352080174],[-83.1345864419999,42.352060174],[-83.1335104409999,42.3520391750001],[-83.132194441,42.3520141750001],[-83.132084441,42.352012174],[-83.129764441,42.351968175],[-83.12825144,42.351936175],[-83.1270334389999,42.351914175],[-83.1256634389999,42.3518901750001],[-83.124385438,42.351868175],[-83.123128438,42.351846175],[-83.1227174379999,42.351833175],[-83.1226654389999,42.3518381750001],[-83.1225774379999,42.3518671750001],[-83.121437438,42.352302175],[-83.1213004379999,42.3521091750001],[-83.121285438,42.352079175],[-83.1212774379999,42.352034175],[-83.121269438,42.351753175],[-83.120215437,42.3517721750001],[-83.1202394379999,42.352343175],[-83.1202464369999,42.3523741750001],[-83.120140438,42.352382176],[-83.119902437,42.352388176],[-83.119307437,42.352611175],[-83.119194437,42.3526651760001],[-83.119110438,42.352706175],[-83.119088437,42.3528301750001],[-83.118729437,42.3528291750001],[-83.1186654369999,42.352853175],[-83.1186654369999,42.352883175],[-83.118157436,42.3530741750001],[-83.118049436,42.3531141760001],[-83.117072437,42.353480176],[-83.1161064359999,42.3538421760001],[-83.116002436,42.353918175],[-83.116018436,42.353961176],[-83.1162164369999,42.354258176],[-83.115977436,42.354347176],[-83.114814436,42.3547821760001],[-83.113639436,42.355220176],[-83.1124864349999,42.355693176],[-83.1116534349999,42.355740176],[-83.111409435,42.355539176],[-83.111617435,42.3556131760001],[-83.111635435,42.3556161760001],[-83.111619435,42.353918176],[-83.1114724349999,42.3519451760001],[-83.111575435,42.349963175],[-83.111435434,42.3479921750001],[-83.110479434,42.3480091750001],[-83.110403434,42.347892175],[-83.111188434,42.347322175],[-83.111233434,42.3472971750001],[-83.110806434,42.346714175],[-83.110614434,42.3465221750001],[-83.1100094339999,42.3467761750001],[-83.109659434,42.3469071750001],[-83.109577434,42.346803175],[-83.109438433,42.3466151750001],[-83.109185433,42.346267175],[-83.108939433,42.345928175],[-83.108297433,42.345044175],[-83.108130433,42.3447981750001],[-83.109398433,42.3447761740001],[-83.108631433,42.3437111740001],[-83.107777433,42.342533174],[-83.106954432,42.3413971740001],[-83.104917432,42.338591174],[-83.1048684309999,42.3385371740001],[-83.104817431,42.338482173],[-83.103636431,42.336840173],[-83.1032174309999,42.336257174],[-83.102316431,42.3350071730001],[-83.10141343,42.3337441730001],[-83.10140543,42.3336821730001],[-83.10141243,42.333645173],[-83.1014274299999,42.3336101730001],[-83.10218843,42.332500173],[-83.10208843,42.332360173],[-83.100568429,42.334565173],[-83.100276429,42.334164173],[-83.099964429,42.333735173],[-83.09976743,42.333441173],[-83.0995894289999,42.3331821730001],[-83.098587429,42.3317851730001],[-83.098452429,42.331555173],[-83.0984854289999,42.331419173],[-83.098540429,42.3312721720001]]]},"properties":{"OBJECTID":19,"zipcode":"48210"}},{"type":"Feature","id":20,"geometry":{"type":"Polygon","coordinates":[[[-83.037816417,42.404694189],[-83.0377424169999,42.404725189],[-83.0376514169999,42.404748189],[-83.037368417,42.4047591890001],[-83.0354774159999,42.4047961890001],[-83.035172416,42.4048051890001],[-83.034966415,42.3975571880001],[-83.034856415,42.3975621880001],[-83.0347124149999,42.397568187],[-83.034369415,42.3975781870001],[-83.034301415,42.3975791880001],[-83.033227414,42.3975981880001],[-83.032200415,42.397614188],[-83.031213414,42.3976311880001],[-83.030227414,42.3976451880001],[-83.0292454139999,42.397662188],[-83.0282584129999,42.397677188],[-83.028227413,42.3968391880001],[-83.028198413,42.396038188],[-83.029184414,42.3960221880001],[-83.029090413,42.3935951870001],[-83.028362413,42.393604187],[-83.028107413,42.393613187],[-83.0279894129999,42.390461186],[-83.028976413,42.390451187],[-83.029088413,42.3904491860001],[-83.029086413,42.389644186],[-83.029088412,42.3888661870001],[-83.028110412,42.388878186],[-83.027127412,42.388890186],[-83.027127412,42.3873681860001],[-83.027602412,42.3870101860001],[-83.028110412,42.386627186],[-83.028297413,42.3864871860001],[-83.027272411,42.385665186],[-83.0270034119999,42.385480186],[-83.026827412,42.3856111860001],[-83.0265314119999,42.385170186],[-83.026363412,42.384916186],[-83.026275412,42.384784186],[-83.026103411,42.3845241860001],[-83.025492411,42.3846451850001],[-83.024152411,42.3825541850001],[-83.024671411,42.3823661850001],[-83.024178411,42.3816231850001],[-83.02368941,42.3808861850001],[-83.02315041,42.381082185],[-83.02270341,42.380405185],[-83.02262641,42.3803401850001],[-83.02179841,42.3790701850001],[-83.02236441,42.378864185],[-83.021811409,42.3780261850001],[-83.02167041,42.3778211850001],[-83.0209814089999,42.3767831850001],[-83.0199404089999,42.377162184],[-83.019330409,42.3762481840001],[-83.019797409,42.376078185],[-83.018784408,42.374591184],[-83.0193814089999,42.374374184],[-83.019174408,42.374058184],[-83.0190854089999,42.3737081840001],[-83.0190474079999,42.373611184],[-83.019261408,42.3735281840001],[-83.020549409,42.373064184],[-83.021503409,42.3727201840001],[-83.022489409,42.372361184],[-83.0237954089999,42.3718851830001],[-83.0243604089999,42.371679183],[-83.02475341,42.371536183],[-83.02510541,42.371409183],[-83.02668341,42.3708361830001],[-83.0276594109999,42.370481183],[-83.030291411,42.3695241830001],[-83.031006412,42.369265183],[-83.031807412,42.368975182],[-83.032284412,42.369693183],[-83.034690413,42.368819182],[-83.034215412,42.3681001830001],[-83.035861413,42.3675001820001],[-83.0368314129999,42.367148182],[-83.037791413,42.3668001820001],[-83.038755414,42.3664471820001],[-83.0403264139999,42.365872182],[-83.0407964139999,42.365705182],[-83.042811414,42.364974181],[-83.044354416,42.364414181],[-83.045111415,42.364140181],[-83.046106416,42.363781181],[-83.046313416,42.3637061810001],[-83.046638415,42.3635881810001],[-83.0468474159999,42.3638561810001],[-83.047129416,42.3642831810001],[-83.049708417,42.363367181],[-83.050181417,42.364078181],[-83.050699417,42.364858181],[-83.052323418,42.364269181],[-83.052946418,42.3651711810001],[-83.053641418,42.366212181],[-83.055072418,42.365691181],[-83.055886419,42.365398181],[-83.0561994189999,42.365283181],[-83.0563774189999,42.365217181],[-83.0573434189999,42.3672811810001],[-83.05768442,42.3680071810001],[-83.057923419,42.368505181],[-83.05814842,42.368377181],[-83.05820342,42.3685001810001],[-83.0582464189999,42.368597181],[-83.0583294199999,42.368774181],[-83.05845642,42.3690431810001],[-83.05860842,42.3693711810001],[-83.0589554199999,42.3701161820001],[-83.05911342,42.3704561810001],[-83.059198421,42.370649181],[-83.05935642,42.3705921810001],[-83.059491421,42.3705431820001],[-83.0598114199999,42.3704261820001],[-83.059466421,42.369904181],[-83.059143421,42.369430181],[-83.05913342,42.3693991810001],[-83.0591414199999,42.3693651820001],[-83.05916042,42.369339182],[-83.05919242,42.369317182],[-83.0604274199999,42.368873181],[-83.062523421,42.3681101810001],[-83.062845421,42.368593181],[-83.062925421,42.3686981810001],[-83.063242422,42.3691751810001],[-83.061135421,42.369945181],[-83.062112422,42.371412182],[-83.062168421,42.371497182],[-83.0627624219999,42.372396182],[-83.0628934219999,42.372588181],[-83.0629374219999,42.372650181],[-83.064006422,42.372273181],[-83.064725422,42.3733591820001],[-83.064279422,42.373525182],[-83.064390423,42.373679182],[-83.064877423,42.374407182],[-83.065156422,42.3748161820001],[-83.065422422,42.375217182],[-83.0655014229999,42.3753421820001],[-83.065746423,42.375691182],[-83.066278423,42.376475182],[-83.066577423,42.376921182],[-83.0668974229999,42.377393182],[-83.067454423,42.3782181830001],[-83.067978424,42.378994182],[-83.068482424,42.3797421830001],[-83.0690064249999,42.380518183],[-83.0695494249999,42.3813211830001],[-83.070094425,42.3821301830001],[-83.0706484249999,42.3829491830001],[-83.071164425,42.3837121830001],[-83.071650425,42.3844351830001],[-83.0722434259999,42.3853201840001],[-83.072753426,42.3860871840001],[-83.073252426,42.3868341840001],[-83.073601426,42.386705184],[-83.073836426,42.387047184],[-83.0738184269999,42.387120184],[-83.074113426,42.3875591840001],[-83.073811426,42.3876721840001],[-83.074191427,42.388241184],[-83.074465426,42.3886521840001],[-83.0750974269999,42.389593184],[-83.075190427,42.3897351840001],[-83.075469427,42.390199184],[-83.075910428,42.390829184],[-83.076006427,42.390967184],[-83.076373427,42.391506185],[-83.0766924269999,42.3919871850001],[-83.0771654279999,42.392693185],[-83.077220428,42.392785184],[-83.0772784279999,42.392879185],[-83.0774114279999,42.393034184],[-83.077442428,42.393149185],[-83.0774844279999,42.3932191850001],[-83.077646428,42.3934071850001],[-83.077883428,42.393660185],[-83.0779684279999,42.3937581850001],[-83.078434429,42.3944391850001],[-83.0785514289999,42.3946141850001],[-83.078971429,42.3952441850001],[-83.079352429,42.395827185],[-83.0794784289999,42.3960331850001],[-83.079714547,42.396458012],[-83.079648827,42.3964830030001],[-83.079053841,42.3967094610001],[-83.078160483,42.3970494750001],[-83.077213095,42.3974100410001],[-83.0760887329999,42.397837946],[-83.075121463,42.3982044470001],[-83.0744644759999,42.3984542320001],[-83.073762129,42.3987212550001],[-83.073633964,42.3985647900001],[-83.073061368,42.3978657580001],[-83.0727221669999,42.397451647],[-83.0726713509999,42.397389608],[-83.0711831469999,42.39557267],[-83.069571262,42.3936045900001],[-83.069310726,42.3932825790001],[-83.0692213149999,42.3931670790001],[-83.069084071,42.392989791],[-83.068909907,42.3927648060001],[-83.06877071,42.3925849930001],[-83.067465075,42.390898314],[-83.066671086,42.389872553],[-83.066552415,42.389706919],[-83.066367446,42.389766636],[-83.0663123209999,42.389785309],[-83.0641611249999,42.3905895940001],[-83.063972733,42.3906536050001],[-83.0624707549999,42.391219882],[-83.061941423,42.390418185],[-83.060584422,42.388421185],[-83.059918422,42.3874391850001],[-83.059663422,42.387066185],[-83.0592724219999,42.3864931850001],[-83.058160421,42.384846184],[-83.058062421,42.3847011840001],[-83.0580164209999,42.3846521840001],[-83.0577434209999,42.384256184],[-83.05645042,42.3823261840001],[-83.056156421,42.3819101830001],[-83.055998421,42.381649183],[-83.05575042,42.381253184],[-83.05568742,42.381153184],[-83.0556440189999,42.381209369],[-83.055563151,42.381084058],[-83.054929006,42.3800671810001],[-83.054832163,42.379880686],[-83.0546682299999,42.3795958690001],[-83.054280824,42.379736096],[-83.051858252,42.3806129330001],[-83.047951272,42.3820268820001],[-83.045115497,42.383053034],[-83.0425300679999,42.383988507],[-83.0405970149999,42.384687877],[-83.040410584,42.384755324],[-83.041155442,42.385800923],[-83.041787711,42.386688442],[-83.042178214,42.38723658],[-83.042439837,42.3876038060001],[-83.042534175,42.387736223],[-83.042635468,42.3878784010001],[-83.04331376,42.388830452],[-83.043773007,42.389475034],[-83.044276848,42.390182189],[-83.0431244279999,42.390198538],[-83.042222984,42.3902148710001],[-83.0422245359999,42.390571433],[-83.0422420729999,42.391283216],[-83.042257304,42.3920418500001],[-83.0422694769999,42.39259481],[-83.042295834,42.3931272560001],[-83.0422929309999,42.393859341],[-83.042302018,42.393923376],[-83.04231486,42.394239838],[-83.042328896,42.394631678],[-83.0423295999999,42.3948159980001],[-83.042330767,42.3950987390001],[-83.0423382489999,42.395192648],[-83.042343508,42.395540237],[-83.042349383,42.395928552],[-83.042368804,42.3966649770001],[-83.042388698,42.3974280640001],[-83.0423895709999,42.3975205310001],[-83.042390698,42.3976399920001],[-83.042396907,42.398297626],[-83.042401336,42.3987667650001],[-83.042406123,42.3992738790001],[-83.0424147409999,42.400186681],[-83.0424159139999,42.400310994],[-83.041762418,42.401236188],[-83.038541417,42.405267189],[-83.0383994169999,42.405104189],[-83.038343417,42.4050231890001],[-83.038225417,42.404813189],[-83.0381714169999,42.4046901880001],[-83.0381064169999,42.404491189],[-83.038089417,42.4044141890001],[-83.038078417,42.404327188],[-83.038002417,42.4045291890001],[-83.0379474169999,42.4046011890001],[-83.037905417,42.4046391890001],[-83.037816417,42.404694189]]]},"properties":{"OBJECTID":20,"zipcode":"48211"}},{"type":"Feature","id":21,"geometry":{"type":"MultiPolygon","coordinates":[[[[-83.0556440189999,42.381209369],[-83.05568742,42.381153184],[-83.05575042,42.381253184],[-83.055998421,42.381649183],[-83.056156421,42.3819101830001],[-83.05645042,42.3823261840001],[-83.0577434209999,42.384256184],[-83.0580164209999,42.3846521840001],[-83.058062421,42.3847011840001],[-83.058160421,42.384846184],[-83.0592724219999,42.3864931850001],[-83.059663422,42.387066185],[-83.059918422,42.3874391850001],[-83.060584422,42.388421185],[-83.061941423,42.390418185],[-83.0624707549999,42.391219882],[-83.062408099,42.391243505],[-83.061857678,42.3904103830001],[-83.061610429,42.390047651],[-83.06090234,42.389005341],[-83.0605005469999,42.3884138980001],[-83.0598348409999,42.387431684],[-83.0596641349999,42.3871798170001],[-83.059188738,42.3864857560001],[-83.057911711,42.384618206],[-83.057851426,42.384522689],[-83.0576601779999,42.38424854],[-83.0563669249999,42.3823182730001],[-83.0560726579999,42.3819022760001],[-83.0558622409999,42.381613868],[-83.0557524669999,42.381454021],[-83.055734681,42.3813987070001],[-83.055733834,42.3813627490001],[-83.055662883,42.381238599],[-83.0556440189999,42.381209369]]],[[[-83.069365766,42.393353679],[-83.069310726,42.3932825790001],[-83.069571262,42.3936045900001],[-83.069365766,42.393353679]]],[[[-83.033723417,42.4262141930001],[-83.033722418,42.4261241930001],[-83.031874417,42.426166193],[-83.030254417,42.426187193],[-83.0289624169999,42.4262391930001],[-83.0288334159999,42.4261481930001],[-83.028138416,42.426156193],[-83.0279044159999,42.426159193],[-83.0274124159999,42.426178193],[-83.0274174159999,42.4262671930001],[-83.0249204149999,42.426318193],[-83.023972414,42.426316193],[-83.023959415,42.4259451930001],[-83.0239314139999,42.425176193],[-83.023902414,42.424407193],[-83.0238904139999,42.424064193],[-83.023873415,42.423611193],[-83.024288415,42.423603192],[-83.024570415,42.4231741930001],[-83.0249394149999,42.422673192],[-83.025445414,42.4219871920001],[-83.025668415,42.421685193],[-83.026022415,42.4211821920001],[-83.0273064149999,42.419438191],[-83.0276894149999,42.418967191],[-83.029113415,42.4170661910001],[-83.030025415,42.4158211910001],[-83.035013416,42.40906719],[-83.0351534169999,42.4088781900001],[-83.035350416,42.4084031900001],[-83.0357384169999,42.407924189],[-83.037054417,42.406408189],[-83.037594417,42.405786189],[-83.037804417,42.405554189],[-83.037870417,42.405489189],[-83.037884417,42.404945188],[-83.037891417,42.4047741890001],[-83.037816417,42.404694189],[-83.037905417,42.4046391890001],[-83.0379474169999,42.4046011890001],[-83.038002417,42.4045291890001],[-83.038078417,42.404327188],[-83.038089417,42.4044141890001],[-83.0381064169999,42.404491189],[-83.0381714169999,42.4046901880001],[-83.038225417,42.404813189],[-83.038343417,42.4050231890001],[-83.0383994169999,42.405104189],[-83.038541417,42.405267189],[-83.041762418,42.401236188],[-83.0424159139999,42.400310994],[-83.042417733,42.400503687],[-83.0424233909999,42.4011030720001],[-83.042426698,42.401453276],[-83.042432392,42.4020564790001],[-83.04244771,42.4036790870001],[-83.0424549319999,42.4044441830001],[-83.043843226,42.4044438230001],[-83.044910922,42.4044491060001],[-83.047178039,42.40446029],[-83.049850712,42.4044295310001],[-83.050116292,42.404429377],[-83.0525548589999,42.40442792],[-83.053943308,42.4044403950001],[-83.054140375,42.4047341850001],[-83.0545831809999,42.405394614],[-83.055023052,42.406050596],[-83.055494873,42.406754328],[-83.055563165,42.406856186],[-83.055952326,42.4074351560001],[-83.0563941029999,42.408094304],[-83.056838081,42.408753206],[-83.05699184,42.40898188],[-83.05745909,42.4088099680001],[-83.057908964,42.408644446],[-83.058387813,42.408468242],[-83.0588346,42.408304313],[-83.059718248,42.4079824130001],[-83.0602540629999,42.4077849970001],[-83.0606163749999,42.407651403],[-83.061141828,42.40746255],[-83.061493652,42.4073293280001],[-83.062006056,42.4071411780001],[-83.062368706,42.407008482],[-83.062847636,42.40683425],[-83.0632459239999,42.406688284],[-83.063694047,42.406523341],[-83.0642045,42.406334545],[-83.064681046,42.406159028],[-83.064780573,42.4061225180001],[-83.0657847589999,42.405754141],[-83.0666770139999,42.4054256580001],[-83.06754743,42.405105409],[-83.068705645,42.404678265],[-83.06913916,42.4045191650001],[-83.069628839,42.404340345],[-83.0701143969999,42.404161678],[-83.07059078,42.4039855940001],[-83.0710933519999,42.403800174],[-83.071571771,42.403624634],[-83.0720581529999,42.403446874],[-83.0723972979999,42.4032962680001],[-83.072664135,42.403177774],[-83.073035642,42.4030127950001],[-83.073377473,42.402909105],[-83.0739359459999,42.402705943],[-83.074496332,42.40249842],[-83.0750886559999,42.4022825440001],[-83.0760976019999,42.4019248370001],[-83.076215727,42.401882957],[-83.076275639,42.401861716],[-83.0763054289999,42.401898186],[-83.076181429,42.4019321860001],[-83.0753864279999,42.402214186],[-83.075172428,42.4022901860001],[-83.075132428,42.402305187],[-83.074580428,42.402506187],[-83.074300428,42.4026101860001],[-83.074019428,42.4027131870001],[-83.073461428,42.4029161870001],[-83.073119428,42.403020187],[-83.072747427,42.403185186],[-83.073139428,42.403787186],[-83.073619428,42.404502187],[-83.074024428,42.4049651870001],[-83.0744674279999,42.405363187],[-83.074989428,42.4057381870001],[-83.075217429,42.405880187],[-83.075482429,42.406018187],[-83.0757274279999,42.4061431870001],[-83.077015429,42.406805187],[-83.07747943,42.407049187],[-83.07794143,42.4073071870001],[-83.07829543,42.407539187],[-83.07853643,42.407704187],[-83.0788044289999,42.4079121870001],[-83.0789354299999,42.408022187],[-83.07897643,42.4080561870001],[-83.0791194299999,42.4081861870001],[-83.0792494299999,42.408315187],[-83.07947543,42.4085651870001],[-83.07955043,42.408664187],[-83.07930143,42.4087291870001],[-83.0793854299999,42.408811187],[-83.0794264299999,42.4088811880001],[-83.0794704309999,42.4089321870001],[-83.0793654299999,42.4089761870001],[-83.0793174299999,42.4089981870001],[-83.0790744299999,42.409094188],[-83.077810429,42.409611188],[-83.0776074299999,42.409707188],[-83.077886429,42.4101671870001],[-83.0782184299999,42.4100741870001],[-83.07832043,42.4100551880001],[-83.0783944299999,42.4100791880001],[-83.079906431,42.412316188],[-83.0799744299999,42.4124161880001],[-83.08000543,42.412450188],[-83.08046143,42.4122851880001],[-83.08070743,42.412649188],[-83.0801034309999,42.412874188],[-83.079803431,42.412987188],[-83.0809604309999,42.414697188],[-83.081132431,42.414951188],[-83.0817914309999,42.4159221890001],[-83.081832431,42.415982188],[-83.081865432,42.4160321890001],[-83.082130432,42.4164261880001],[-83.082153431,42.416471188],[-83.082170431,42.4165341880001],[-83.082232432,42.417937189],[-83.082254432,42.4184401890001],[-83.082268432,42.4187861890001],[-83.082901432,42.4187641890001],[-83.0829364319999,42.419892189],[-83.082951432,42.4202201890001],[-83.083016432,42.421672189],[-83.083030432,42.42200319],[-83.0831054329999,42.4237161900001],[-83.083107432,42.42378419],[-83.083139433,42.4250571900001],[-83.083219433,42.42525219],[-83.082548432,42.4253481900001],[-83.081511432,42.42549519],[-83.0805464319999,42.42563319],[-83.080150432,42.4256911900001],[-83.080004431,42.4257111910001],[-83.0795144319999,42.4257161900001],[-83.0790834319999,42.42571819],[-83.078449431,42.425723191],[-83.0779824309999,42.42572719],[-83.077439431,42.4257321900001],[-83.07690543,42.4257391900001],[-83.07646943,42.425745191],[-83.075744431,42.4257561910001],[-83.0754874309999,42.425760191],[-83.07472243,42.4257721910001],[-83.07442943,42.4257761900001],[-83.07371743,42.425783191],[-83.072807429,42.4257941910001],[-83.0720454299999,42.4258031910001],[-83.071660429,42.425807191],[-83.071062429,42.4258161910001],[-83.070818429,42.4258171910001],[-83.070647429,42.4258171910001],[-83.070082429,42.425829191],[-83.069099428,42.4258401910001],[-83.068618428,42.4258421910001],[-83.067997428,42.424975191],[-83.067722428,42.4250801910001],[-83.067669428,42.425088191],[-83.066686428,42.4251041910001],[-83.0667034269999,42.425854191],[-83.0663164279999,42.425859191],[-83.0657094269999,42.4258671910001],[-83.0650824269999,42.425876191],[-83.0647204269999,42.425882191],[-83.0638864259999,42.4258901910001],[-83.0637214269999,42.425893191],[-83.062710427,42.4259091910001],[-83.062702426,42.4257801910001],[-83.062674427,42.4246541910001],[-83.062295427,42.424645191],[-83.062176426,42.4246231910001],[-83.062048426,42.424573191],[-83.061917426,42.424481191],[-83.061792426,42.424385191],[-83.061674426,42.4243321910001],[-83.0615514259999,42.4243091910001],[-83.0613694259999,42.424301191],[-83.058844425,42.424329191],[-83.058727425,42.4243191910001],[-83.058662425,42.4242911910001],[-83.058609425,42.424250191],[-83.058243425,42.4239981910001],[-83.058171425,42.423961191],[-83.058061425,42.4239371910001],[-83.057800425,42.4239321910001],[-83.0553414239999,42.424010191],[-83.0541074239999,42.4240161910001],[-83.053203423,42.4240221920001],[-83.051780423,42.4240661920001],[-83.051007423,42.424090192],[-83.048321422,42.424162192],[-83.047130422,42.424163192],[-83.047060422,42.424181192],[-83.047009421,42.424227192],[-83.046969421,42.424289192],[-83.0468674209999,42.4243981910001],[-83.0468004209999,42.424452192],[-83.046723421,42.424501192],[-83.046630421,42.424547191],[-83.046516422,42.424572192],[-83.046089421,42.424614192],[-83.0456764209999,42.424648192],[-83.045134421,42.424685192],[-83.043407421,42.4247331920001],[-83.043438421,42.425347192],[-83.043442421,42.4254331920001],[-83.04348642,42.426297192],[-83.0430634209999,42.4263081920001],[-83.04242542,42.426324192],[-83.04134642,42.426350192],[-83.040014419,42.4263811920001],[-83.038643419,42.426411192],[-83.037278418,42.4264471930001],[-83.0360064179999,42.426476193],[-83.0335334169999,42.4265351930001],[-83.033678417,42.4263301930001],[-83.033702418,42.4262881930001],[-83.033723417,42.4262141930001]]]]},"properties":{"OBJECTID":21,"zipcode":"48212"}},{"type":"Feature","id":22,"geometry":{"type":"Polygon","coordinates":[[[-83.01324141,42.419090193],[-83.0131194099999,42.418976193],[-83.01207441,42.418014192],[-83.0115644099999,42.4175361920001],[-83.01133541,42.4173061920001],[-83.01103241,42.416980192],[-83.0106634099999,42.416550192],[-83.0100404089999,42.4158231920001],[-83.009395409,42.415070192],[-83.008727408,42.4142881920001],[-83.008047409,42.413495192],[-83.0074324079999,42.4127781920001],[-83.007384408,42.412733191],[-83.007219408,42.4125791920001],[-83.006658408,42.4120851910001],[-83.006100408,42.411598191],[-83.005914408,42.411447192],[-83.005396408,42.4110271910001],[-83.005120408,42.410813192],[-83.004324407,42.4101941910001],[-83.003538407,42.4095871910001],[-83.002759407,42.4089851910001],[-83.001200406,42.407776191],[-83.000584406,42.4079921910001],[-82.998721405,42.4086501910001],[-82.9989534059999,42.4090011910001],[-82.9991124059999,42.4092571910001],[-82.999131405,42.409317192],[-82.999123406,42.409357191],[-82.9992224049999,42.4095181910001],[-82.9993574059999,42.4097401920001],[-82.998855406,42.4099291910001],[-82.9969284049999,42.4105311920001],[-82.9937354039999,42.411760192],[-82.993483404,42.4113601920001],[-82.993233404,42.411447192],[-82.992781404,42.412136192],[-82.990876403,42.4126881930001],[-82.9899374029999,42.413032193],[-82.987161402,42.414000193],[-82.9844474019999,42.414948193],[-82.981754401,42.4159081930001],[-82.9789354,42.416885194],[-82.9762213989999,42.417805194],[-82.9735653989999,42.418816195],[-82.971210398,42.4195881950001],[-82.9674703969999,42.419576195],[-82.964989396,42.4195681950001],[-82.9649743959999,42.4192101950001],[-82.964958396,42.4188501950001],[-82.964936396,42.418366194],[-82.964899395,42.4175231940001],[-82.9648633949999,42.416674194],[-82.964373396,42.416681194],[-82.964291395,42.415778194],[-82.964347395,42.4156951940001],[-82.964449395,42.415738194],[-82.964691396,42.415841194],[-82.964827395,42.415844194],[-82.9647803949999,42.414810194],[-82.9647713949999,42.4145941940001],[-82.964727395,42.4136101940001],[-82.964715395,42.4133551940001],[-82.964138395,42.4129591940001],[-82.964038395,42.4104191930001],[-82.9639433949999,42.4086091930001],[-82.963848394,42.406268192],[-82.964388394,42.405925193],[-82.9643743949999,42.4055951920001],[-82.9649943949999,42.4054151930001],[-82.964955394,42.4053261930001],[-82.9645933939999,42.4046711920001],[-82.9646003949999,42.404509192],[-82.964596394,42.4044321920001],[-82.964583394,42.404355192],[-82.9645543949999,42.404262192],[-82.964542394,42.404231193],[-82.964461394,42.404085192],[-82.964407394,42.403987192],[-82.964302394,42.403830192],[-82.964223394,42.4037121920001],[-82.964028394,42.4034151920001],[-82.963942394,42.4034351920001],[-82.963713394,42.4035091920001],[-82.9632973939999,42.4036581920001],[-82.962398393,42.402297192],[-82.962322394,42.402182192],[-82.9613843929999,42.4007791920001],[-82.9608863929999,42.4009631920001],[-82.960764393,42.4007791920001],[-82.961257393,42.4005961920001],[-82.9611863929999,42.4004861920001],[-82.9602423919999,42.3990471920001],[-82.960156392,42.3989161920001],[-82.959197392,42.3974731910001],[-82.9590233919999,42.397532191],[-82.9589593919999,42.397434191],[-82.959658392,42.3971851910001],[-82.959891392,42.3971021910001],[-82.9598573919999,42.396985191],[-82.9588523909999,42.395456191],[-82.960115392,42.3950031910001],[-82.961235393,42.394601191],[-82.9621993929999,42.3942521910001],[-82.9631633929999,42.393904191],[-82.964140393,42.39355319],[-82.965087394,42.39321319],[-82.966013393,42.39288119],[-82.967049394,42.3925081900001],[-82.9680933939999,42.39213219],[-82.9691653949999,42.39174719],[-82.970238395,42.3913611900001],[-82.971310395,42.3909741890001],[-82.9723773959999,42.390587189],[-82.9734353959999,42.3902071890001],[-82.974492396,42.3898271890001],[-82.9758533959999,42.389340189],[-82.9760333959999,42.389296189],[-82.9793113969999,42.3889041890001],[-82.979458397,42.3888561890001],[-82.979929398,42.3886861890001],[-82.980323398,42.3885441890001],[-82.980382397,42.3885231890001],[-82.980445398,42.3885001890001],[-82.9806163979999,42.3884381890001],[-82.982270398,42.387844188],[-82.982962398,42.387595188],[-82.9838543979999,42.387274188],[-82.985124399,42.3868171880001],[-82.986337399,42.386379188],[-82.9872553989999,42.386036188],[-82.9883854,42.3856201880001],[-82.9896113999999,42.385164188],[-82.9905774009999,42.384783187],[-82.991538401,42.384399187],[-82.992507401,42.3840121870001],[-82.993541401,42.3836011870001],[-82.9945814009999,42.383189187],[-82.9956624019999,42.382778187],[-82.996820402,42.3823661870001],[-82.997992402,42.3819121870001],[-82.999043403,42.3814901860001],[-82.999931403,42.3811101860001],[-83.000185403,42.380983186],[-83.000353403,42.3808781860001],[-83.0004504029999,42.3808181860001],[-83.0007194029999,42.3806761860001],[-83.001371404,42.380421187],[-83.0024074039999,42.3800241860001],[-83.0033774039999,42.379651186],[-83.004827404,42.379074186],[-83.0057934049999,42.378689186],[-83.0067504049999,42.3783091860001],[-83.007726405,42.377920186],[-83.008702406,42.3775321850001],[-83.009683405,42.377141185],[-83.0106604059999,42.376751185],[-83.011636407,42.376363185],[-83.012413406,42.376052185],[-83.0126194059999,42.3759761850001],[-83.013692407,42.375581185],[-83.014765407,42.3751901850001],[-83.0158314079999,42.3748021850001],[-83.016343407,42.374618184],[-83.016858408,42.3744261840001],[-83.017870408,42.3740491840001],[-83.018271408,42.373898185],[-83.018690409,42.3737511840001],[-83.0188234089999,42.373699184],[-83.0190474079999,42.373611184],[-83.0190854089999,42.3737081840001],[-83.019174408,42.374058184],[-83.0193814089999,42.374374184],[-83.018784408,42.374591184],[-83.019797409,42.376078185],[-83.019330409,42.3762481840001],[-83.0199404089999,42.377162184],[-83.0209814089999,42.3767831850001],[-83.02167041,42.3778211850001],[-83.021811409,42.3780261850001],[-83.02236441,42.378864185],[-83.02179841,42.3790701850001],[-83.02262641,42.3803401850001],[-83.02270341,42.380405185],[-83.02315041,42.381082185],[-83.02368941,42.3808861850001],[-83.024178411,42.3816231850001],[-83.024671411,42.3823661850001],[-83.024152411,42.3825541850001],[-83.025492411,42.3846451850001],[-83.026103411,42.3845241860001],[-83.026275412,42.384784186],[-83.026363412,42.384916186],[-83.0265314119999,42.385170186],[-83.026827412,42.3856111860001],[-83.0270034119999,42.385480186],[-83.027272411,42.385665186],[-83.028297413,42.3864871860001],[-83.028110412,42.386627186],[-83.027602412,42.3870101860001],[-83.027127412,42.3873681860001],[-83.027127412,42.388890186],[-83.028110412,42.388878186],[-83.029088412,42.3888661870001],[-83.029086413,42.389644186],[-83.029088413,42.3904491860001],[-83.028976413,42.390451187],[-83.0279894129999,42.390461186],[-83.028107413,42.393613187],[-83.028362413,42.393604187],[-83.029090413,42.3935951870001],[-83.029184414,42.3960221880001],[-83.028198413,42.396038188],[-83.028227413,42.3968391880001],[-83.0282584129999,42.397677188],[-83.027903413,42.397682188],[-83.027937414,42.3987221880001],[-83.027960413,42.399457188],[-83.027982414,42.4001891880001],[-83.027993414,42.4005501880001],[-83.027999414,42.4008651890001],[-83.027957414,42.4008821890001],[-83.027911414,42.4008931880001],[-83.0278314129999,42.400901188],[-83.023472412,42.4009761890001],[-83.023004412,42.400961189],[-83.0230604119999,42.402340189],[-83.018282411,42.402496189],[-83.018291411,42.402762189],[-83.018379411,42.405129189],[-83.01721241,42.4051611900001],[-83.01520341,42.40521419],[-83.01515141,42.40521919],[-83.01503841,42.4052461900001],[-83.008836408,42.407618191],[-83.0087184079999,42.4076781910001],[-83.008616408,42.407753191],[-83.008563408,42.40780319],[-83.008517408,42.4078571910001],[-83.008459408,42.407954191],[-83.008428408,42.4080361910001],[-83.0084154079999,42.408094191],[-83.0084204079999,42.4081241910001],[-83.008429408,42.408162191],[-83.008450408,42.4082101910001],[-83.008501408,42.4082861910001],[-83.0095464089999,42.4093201910001],[-83.0104254089999,42.410190191],[-83.010651409,42.410429191],[-83.011903409,42.4117461910001],[-83.012077409,42.411942191],[-83.01266641,42.4126041920001],[-83.0129624099999,42.4129361920001],[-83.01326441,42.4132631910001],[-83.01387941,42.413924191],[-83.0144724099999,42.4145491910001],[-83.015014411,42.415113191],[-83.015610411,42.4157261920001],[-83.0167584119999,42.4168971920001],[-83.0175914119999,42.4177531920001],[-83.0178994119999,42.4180681920001],[-83.018700412,42.418913192],[-83.019157412,42.4193991920001],[-83.019232412,42.4194671920001],[-83.019348413,42.4195431920001],[-83.0194574129999,42.4195671920001],[-83.018035412,42.4195971930001],[-83.0137214109999,42.4196891920001],[-83.01368741,42.4195991930001],[-83.0136364099999,42.419503192],[-83.0135894109999,42.419434193],[-83.01351341,42.4193471930001],[-83.01324141,42.419090193]]]},"properties":{"OBJECTID":22,"zipcode":"48213"}},{"type":"Feature","id":23,"geometry":{"type":"Polygon","coordinates":[[[-82.952919386,42.354876184],[-82.951683385,42.352581184],[-82.952780386,42.352380184],[-82.96375239,42.352788183],[-82.967527391,42.3529301830001],[-82.971021392,42.3532471830001],[-82.972024392,42.353367183],[-82.977588393,42.350090182],[-82.984753396,42.347570181],[-82.987141396,42.3468201810001],[-82.998570399,42.34262218],[-83.0004203999999,42.34509418],[-83.0005734,42.34530318],[-83.0009034,42.34563918],[-83.0019264009999,42.3469121800001],[-83.0020833999999,42.34716618],[-83.002563401,42.347903181],[-83.0026864009999,42.348083181],[-83.0027804009999,42.3482591810001],[-83.002922401,42.3486661800001],[-83.002469401,42.348843181],[-83.002109401,42.348984181],[-83.002001401,42.3490231810001],[-83.0031994019999,42.3507121810001],[-83.004269402,42.352324181],[-83.0043264019999,42.352411181],[-83.0050874029999,42.353577181],[-83.005437402,42.3541151810001],[-83.0057424029999,42.3545851810001],[-83.0065514029999,42.355788182],[-83.006626403,42.3559161820001],[-83.0069794029999,42.3565151820001],[-83.0078734029999,42.3579611820001],[-83.007937404,42.358059182],[-83.008903404,42.359522182],[-83.009510404,42.3604531820001],[-83.009628404,42.3606341820001],[-83.0110004049999,42.3626991830001],[-83.011595405,42.363595182],[-83.0124144049999,42.363299183],[-83.013059405,42.364425183],[-83.012389405,42.3646701830001],[-83.013895406,42.366939183],[-83.0158104069999,42.369647183],[-83.015804407,42.369847184],[-83.016898408,42.371554184],[-83.017032408,42.3717661840001],[-83.0175144079999,42.372529184],[-83.017887408,42.3731721840001],[-83.018183408,42.373577184],[-83.017870408,42.3740491840001],[-83.016858408,42.3744261840001],[-83.016343407,42.374618184],[-83.0158314079999,42.3748021850001],[-83.014765407,42.3751901850001],[-83.013692407,42.375581185],[-83.0126194059999,42.3759761850001],[-83.012413406,42.376052185],[-83.011636407,42.376363185],[-83.0106604059999,42.376751185],[-83.009683405,42.377141185],[-83.008702406,42.3775321850001],[-83.007726405,42.377920186],[-83.0067504049999,42.3783091860001],[-83.0057934049999,42.378689186],[-83.004827404,42.379074186],[-83.0033774039999,42.379651186],[-83.0024074039999,42.3800241860001],[-83.001371404,42.380421187],[-83.0007194029999,42.3806761860001],[-83.0004504029999,42.3808181860001],[-83.000353403,42.3808781860001],[-83.000185403,42.380983186],[-82.999931403,42.3811101860001],[-82.999043403,42.3814901860001],[-82.997992402,42.3819121870001],[-82.996820402,42.3823661870001],[-82.9956624019999,42.382778187],[-82.9945814009999,42.383189187],[-82.993541401,42.3836011870001],[-82.992507401,42.3840121870001],[-82.991538401,42.384399187],[-82.9905774009999,42.384783187],[-82.9896113999999,42.385164188],[-82.9883854,42.3856201880001],[-82.9872553989999,42.386036188],[-82.986337399,42.386379188],[-82.985124399,42.3868171880001],[-82.9838543979999,42.387274188],[-82.982962398,42.387595188],[-82.982270398,42.387844188],[-82.9806163979999,42.3884381890001],[-82.980445398,42.3885001890001],[-82.980382397,42.3885231890001],[-82.980323398,42.3885441890001],[-82.979929398,42.3886861890001],[-82.9780543969999,42.388106189],[-82.9777133969999,42.3879631880001],[-82.977499397,42.387864189],[-82.977258396,42.387729189],[-82.977066397,42.387586189],[-82.976945396,42.3874651890001],[-82.976406396,42.386716189],[-82.975598396,42.3854661890001],[-82.9742973959999,42.383454188],[-82.9742043959999,42.3832131880001],[-82.9741633959999,42.383047188],[-82.974136395,42.3828731880001],[-82.974108395,42.382639188],[-82.974104395,42.3825671880001],[-82.9739823949999,42.382660188],[-82.9739133949999,42.382689188],[-82.973861396,42.382710188],[-82.9738253959999,42.3827251880001],[-82.973775395,42.3826481880001],[-82.9734683949999,42.3821751880001],[-82.9736473949999,42.382075188],[-82.973793395,42.3819941880001],[-82.974103395,42.3818211880001],[-82.974160395,42.381275187],[-82.9742093949999,42.381107188],[-82.974286395,42.3809351880001],[-82.9743933949999,42.380752188],[-82.974529395,42.3805791880001],[-82.974651396,42.3804521870001],[-82.9748653949999,42.380305187],[-82.975110395,42.380169188],[-82.976111396,42.3796861870001],[-82.9763473959999,42.379559187],[-82.976519395,42.3794581870001],[-82.976700396,42.3793281870001],[-82.976830396,42.3792131870001],[-82.976916396,42.379129187],[-82.977069396,42.378927187],[-82.9771313959999,42.378819187],[-82.977189396,42.378705187],[-82.9772653959999,42.3784701870001],[-82.9772893959999,42.3783311870001],[-82.9772933959999,42.3781971870001],[-82.977285396,42.378057187],[-82.9772693959999,42.3779221870001],[-82.977238396,42.377782187],[-82.9772003959999,42.377693187],[-82.977060396,42.377438187],[-82.9749543949999,42.3741491870001],[-82.9735633939999,42.372041186],[-82.973470394,42.3719161860001],[-82.973358394,42.371802186],[-82.973255394,42.371726186],[-82.972502394,42.371169186],[-82.9708393929999,42.3699381860001],[-82.9706853929999,42.3698231860001],[-82.970485393,42.369654186],[-82.970294393,42.3694621860001],[-82.9697833929999,42.368865186],[-82.969637393,42.368672186],[-82.968985392,42.3677291860001],[-82.967687392,42.3682091860001],[-82.966721392,42.3685631860001],[-82.965654392,42.368961186],[-82.9651343909999,42.3691521860001],[-82.9649963909999,42.3691961860001],[-82.964936392,42.3692161860001],[-82.964802392,42.3692401860001],[-82.96190039,42.3696641860001],[-82.96130139,42.3697341870001],[-82.9599983899999,42.3698881870001],[-82.95938839,42.3699601860001],[-82.958909389,42.3700091870001],[-82.958732389,42.369523187],[-82.95869339,42.369273186],[-82.958706389,42.369020186],[-82.958735389,42.368917186],[-82.95876939,42.368795187],[-82.95881539,42.368706186],[-82.9588783889999,42.3685851860001],[-82.959029389,42.368369186],[-82.95947139,42.367764186],[-82.95952439,42.367679186],[-82.9595783889999,42.367522186],[-82.9596213899999,42.3673101860001],[-82.9596223889999,42.3671461860001],[-82.959576389,42.3669261860001],[-82.9595083899999,42.3667621860001],[-82.95924239,42.366348186],[-82.958439389,42.365132186],[-82.957871389,42.364280186],[-82.9581393889999,42.363940186],[-82.956663388,42.3615631850001],[-82.956515388,42.361331185],[-82.952919386,42.354876184]]]},"properties":{"OBJECTID":23,"zipcode":"48214"}},{"type":"Feature","id":24,"geometry":{"type":"Polygon","coordinates":[[[-82.946648387,42.38747719],[-82.946739388,42.3870511900001],[-82.946880387,42.38699819],[-82.946153387,42.38598919],[-82.946064387,42.3858681900001],[-82.945730386,42.3853521900001],[-82.945803387,42.3853241900001],[-82.945437387,42.38474719],[-82.9439153859999,42.38242619],[-82.943005386,42.3810471890001],[-82.942940902,42.3810689480001],[-82.942921685,42.381039335],[-82.942823462,42.3810728610001],[-82.942571385,42.380682189],[-82.9424173849999,42.3804691890001],[-82.942576385,42.380403189],[-82.941318385,42.3784771890001],[-82.939953384,42.3764141890001],[-82.939738384,42.3760791880001],[-82.939685384,42.375996189],[-82.939614068,42.376008728],[-82.939601878,42.375988997],[-82.939570875,42.3759956740001],[-82.939510828,42.376004239],[-82.939455983,42.376007332],[-82.9394303839999,42.376001188],[-82.939386384,42.375977189],[-82.9393583839999,42.375945188],[-82.9389143829999,42.375148188],[-82.938766384,42.374750188],[-82.9374063829999,42.3727011880001],[-82.935547383,42.369938188],[-82.934981382,42.3690831870001],[-82.933526382,42.366852187],[-82.9323913809999,42.365132187],[-82.93059038,42.362495186],[-82.93054438,42.362425187],[-82.93035838,42.3621481860001],[-82.93095138,42.361911186],[-82.93070138,42.361533186],[-82.93029738,42.360922186],[-82.930009379,42.360489186],[-82.9299663799999,42.3603731860001],[-82.928570379,42.3583031860001],[-82.9294263789999,42.358021186],[-82.931112379,42.357498186],[-82.9313153799999,42.3574611860001],[-82.9319673799999,42.357344185],[-82.9357453809999,42.356668185],[-82.9418653829999,42.3560471850001],[-82.943343383,42.3559441850001],[-82.9445593839999,42.355773185],[-82.945386384,42.3556941850001],[-82.945953384,42.355640184],[-82.948240384,42.355278184],[-82.951410386,42.355036184],[-82.952919386,42.354876184],[-82.956515388,42.361331185],[-82.956663388,42.3615631850001],[-82.9581393889999,42.363940186],[-82.957871389,42.364280186],[-82.958439389,42.365132186],[-82.95924239,42.366348186],[-82.9595083899999,42.3667621860001],[-82.959576389,42.3669261860001],[-82.9596223889999,42.3671461860001],[-82.9596213899999,42.3673101860001],[-82.9595783889999,42.367522186],[-82.95952439,42.367679186],[-82.95947139,42.367764186],[-82.959029389,42.368369186],[-82.9588783889999,42.3685851860001],[-82.95881539,42.368706186],[-82.95876939,42.368795187],[-82.958735389,42.368917186],[-82.958706389,42.369020186],[-82.95869339,42.369273186],[-82.958732389,42.369523187],[-82.958909389,42.3700091870001],[-82.95938839,42.3699601860001],[-82.9599983899999,42.3698881870001],[-82.96130139,42.3697341870001],[-82.96190039,42.3696641860001],[-82.964802392,42.3692401860001],[-82.964936392,42.3692161860001],[-82.9649963909999,42.3691961860001],[-82.9651343909999,42.3691521860001],[-82.965654392,42.368961186],[-82.966721392,42.3685631860001],[-82.967687392,42.3682091860001],[-82.968985392,42.3677291860001],[-82.969637393,42.368672186],[-82.9697833929999,42.368865186],[-82.970294393,42.3694621860001],[-82.970485393,42.369654186],[-82.9706853929999,42.3698231860001],[-82.9708393929999,42.3699381860001],[-82.972502394,42.371169186],[-82.973255394,42.371726186],[-82.973358394,42.371802186],[-82.973470394,42.3719161860001],[-82.9735633939999,42.372041186],[-82.9749543949999,42.3741491870001],[-82.977060396,42.377438187],[-82.9772003959999,42.377693187],[-82.977238396,42.377782187],[-82.9772693959999,42.3779221870001],[-82.977285396,42.378057187],[-82.9772933959999,42.3781971870001],[-82.9772893959999,42.3783311870001],[-82.9772653959999,42.3784701870001],[-82.977189396,42.378705187],[-82.9771313959999,42.378819187],[-82.977069396,42.378927187],[-82.976916396,42.379129187],[-82.976830396,42.3792131870001],[-82.976700396,42.3793281870001],[-82.976519395,42.3794581870001],[-82.9763473959999,42.379559187],[-82.976111396,42.3796861870001],[-82.975110395,42.380169188],[-82.9748653949999,42.380305187],[-82.974651396,42.3804521870001],[-82.974529395,42.3805791880001],[-82.9743933949999,42.380752188],[-82.974286395,42.3809351880001],[-82.9742093949999,42.381107188],[-82.974160395,42.381275187],[-82.974103395,42.3818211880001],[-82.973793395,42.3819941880001],[-82.9736473949999,42.382075188],[-82.9734683949999,42.3821751880001],[-82.973775395,42.3826481880001],[-82.9738253959999,42.3827251880001],[-82.973861396,42.382710188],[-82.9739133949999,42.382689188],[-82.9739823949999,42.382660188],[-82.974104395,42.3825671880001],[-82.974108395,42.382639188],[-82.974136395,42.3828731880001],[-82.9741633959999,42.383047188],[-82.9742043959999,42.3832131880001],[-82.9742973959999,42.383454188],[-82.975598396,42.3854661890001],[-82.976406396,42.386716189],[-82.976945396,42.3874651890001],[-82.977066397,42.387586189],[-82.977258396,42.387729189],[-82.977499397,42.387864189],[-82.9777133969999,42.3879631880001],[-82.9780543969999,42.388106189],[-82.979929398,42.3886861890001],[-82.979458397,42.3888561890001],[-82.9793113969999,42.3889041890001],[-82.9760333959999,42.389296189],[-82.9758533959999,42.389340189],[-82.974492396,42.3898271890001],[-82.9734353959999,42.3902071890001],[-82.9723773959999,42.390587189],[-82.971310395,42.3909741890001],[-82.970238395,42.3913611900001],[-82.9691653949999,42.39174719],[-82.9680933939999,42.39213219],[-82.967049394,42.3925081900001],[-82.966013393,42.39288119],[-82.965087394,42.39321319],[-82.964140393,42.39355319],[-82.9631633929999,42.393904191],[-82.9621993929999,42.3942521910001],[-82.961235393,42.394601191],[-82.960115392,42.3950031910001],[-82.9588523909999,42.395456191],[-82.957889391,42.395803191],[-82.956965391,42.396136191],[-82.956066391,42.396461192],[-82.9556753909999,42.3966021910001],[-82.955175391,42.396783191],[-82.95449639,42.3970291910001],[-82.9541493899999,42.3966251910001],[-82.9534723899999,42.396872192],[-82.95214139,42.3948861910001],[-82.950495389,42.392487191],[-82.948791388,42.390005191],[-82.9487973879999,42.3898771900001],[-82.947727388,42.38824119],[-82.947386388,42.38775819],[-82.9479443879999,42.3876691900001],[-82.947703388,42.3873081900001],[-82.946648387,42.38747719]]]},"properties":{"OBJECTID":24,"zipcode":"48215"}},{"type":"Feature","id":25,"geometry":{"type":"Polygon","coordinates":[[[-83.06748442,42.338025176],[-83.06705342,42.3372721750001],[-83.06662942,42.336519175],[-83.0693444199999,42.3356681750001],[-83.0689154199999,42.3349331750001],[-83.06879042,42.3346851750001],[-83.0686664199999,42.334485175],[-83.0685984199999,42.334352175],[-83.0685524199999,42.3342761750001],[-83.0684924189999,42.334173175],[-83.0684164199999,42.334042175],[-83.06834042,42.333909175],[-83.0680554199999,42.333409174],[-83.06680842,42.333798175],[-83.066380419,42.333043175],[-83.0649084189999,42.333504175],[-83.0644794189999,42.3327491740001],[-83.064049419,42.331995174],[-83.0638584179999,42.331660174],[-83.063714418,42.331454175],[-83.0640074179999,42.3314411740001],[-83.065481418,42.331433174],[-83.065331419,42.3312861740001],[-83.064972419,42.3308321740001],[-83.064340418,42.3300251740001],[-83.063705418,42.3292181740001],[-83.063073418,42.328413174],[-83.064268418,42.327897174],[-83.063636418,42.327092174],[-83.0611584169999,42.3281611740001],[-83.061026417,42.3279821740001],[-83.060526416,42.3273481740001],[-83.059885416,42.3265371730001],[-83.0611624159999,42.3259791740001],[-83.060465416,42.325087173],[-83.061663417,42.3245811730001],[-83.0630274169999,42.3239961730001],[-83.065303418,42.3230231730001],[-83.0657054179999,42.322851173],[-83.066679418,42.322435173],[-83.0668494179999,42.322362172],[-83.066771418,42.322189173],[-83.066730418,42.322117172],[-83.066676419,42.3220371730001],[-83.066618418,42.321967172],[-83.0665124179999,42.321876172],[-83.066389418,42.3217921730001],[-83.066149418,42.321672172],[-83.066327418,42.3213621730001],[-83.066184418,42.321108172],[-83.0659274179999,42.3206511720001],[-83.0657924179999,42.3204191720001],[-83.065702417,42.3202631720001],[-83.065627418,42.320134172],[-83.065577418,42.3200331720001],[-83.07130842,42.3167101710001],[-83.07563942,42.314357171],[-83.0771304209999,42.31339817],[-83.077205421,42.31337217],[-83.0773094209999,42.313366171],[-83.077386421,42.313382171],[-83.077458421,42.31337317],[-83.0774904209999,42.313348171],[-83.077514421,42.31332117],[-83.0775764209999,42.3132831710001],[-83.0776904209999,42.313237171],[-83.0777564209999,42.31329717],[-83.07786542,42.313505171],[-83.077972421,42.3135371700001],[-83.0780534209999,42.313495171],[-83.078096421,42.31341617],[-83.077995421,42.313260171],[-83.077979421,42.3131711710001],[-83.0780314209999,42.3131141710001],[-83.078471421,42.3128121710001],[-83.078530421,42.31276017],[-83.0803504209999,42.3111511700001],[-83.081436422,42.3126661700001],[-83.081636422,42.31257617],[-83.081680422,42.31247617],[-83.0817384219999,42.3123431700001],[-83.081816422,42.31217817],[-83.082061422,42.31166517],[-83.0823264219999,42.31111617],[-83.082384422,42.31098117],[-83.082463422,42.3108651700001],[-83.082522422,42.31080817],[-83.0825934219999,42.31075917],[-83.082985422,42.31058117],[-83.083712423,42.31159717],[-83.085620424,42.3142801700001],[-83.086332424,42.31397317],[-83.0868644239999,42.3147281700001],[-83.087801424,42.3143531700001],[-83.0888694239999,42.31390917],[-83.089490424,42.31365817],[-83.090026425,42.31348617],[-83.0904144249999,42.31334817],[-83.090768425,42.31321617],[-83.090953425,42.3134771700001],[-83.091096425,42.31368017],[-83.0912924249999,42.31395917],[-83.089438424,42.31467917],[-83.088871425,42.31487817],[-83.0882404239999,42.3152091700001],[-83.0878774239999,42.3154711700001],[-83.0875864239999,42.315779171],[-83.0877404239999,42.31591417],[-83.0878084239999,42.3159921700001],[-83.0879224239999,42.3161241710001],[-83.088015425,42.3162601710001],[-83.087574424,42.3164461700001],[-83.0873334239999,42.31654817],[-83.088400425,42.3180361710001],[-83.0886604249999,42.317932171],[-83.088983425,42.3183731710001],[-83.088719424,42.318476171],[-83.088903425,42.318748171],[-83.0905044249999,42.321000171],[-83.090717426,42.3209181710001],[-83.0908444249999,42.321094171],[-83.090943426,42.3210541710001],[-83.091164426,42.3209661710001],[-83.091280425,42.320914171],[-83.091365426,42.3210331710001],[-83.091411426,42.3210981710001],[-83.091928426,42.3218231710001],[-83.092231426,42.322249172],[-83.0921474259999,42.322281171],[-83.091761426,42.3224311710001],[-83.0915834259999,42.3225011720001],[-83.093310426,42.324906171],[-83.093655427,42.3247721720001],[-83.093822427,42.3250091720001],[-83.094037427,42.3249231720001],[-83.094090427,42.3248591720001],[-83.094637427,42.3256251720001],[-83.096634427,42.3248511720001],[-83.096679428,42.3247691720001],[-83.097327428,42.325675172],[-83.097997429,42.326606172],[-83.0980584279999,42.326692172],[-83.097767429,42.326734172],[-83.097262428,42.327046172],[-83.097057428,42.327528172],[-83.097075428,42.3279421720001],[-83.0974064279999,42.328379172],[-83.099457429,42.331173173],[-83.098540429,42.3312721720001],[-83.0968004279999,42.331279173],[-83.097462429,42.3321961730001],[-83.096017429,42.3326451730001],[-83.095226428,42.3328901730001],[-83.094300427,42.3331771730001],[-83.0933614269999,42.333469173],[-83.0921424269999,42.333847174],[-83.091135427,42.334164173],[-83.090261427,42.3344381740001],[-83.089810427,42.3345781740001],[-83.090224427,42.3350441740001],[-83.090775427,42.335620174],[-83.091147427,42.3359521740001],[-83.091096427,42.3359681740001],[-83.090685427,42.336098174],[-83.0907934269999,42.336229174],[-83.090552427,42.336312174],[-83.090180427,42.336436174],[-83.090074427,42.336296174],[-83.090019427,42.3362231740001],[-83.089921427,42.3361311740001],[-83.088562426,42.3349741740001],[-83.087560426,42.335288174],[-83.087245426,42.3354051740001],[-83.086922426,42.3354761740001],[-83.085333425,42.3359911740001],[-83.0846974249999,42.336188174],[-83.0833944239999,42.3365971750001],[-83.082245424,42.3369591750001],[-83.081244424,42.3372731750001],[-83.080079424,42.3376331750001],[-83.0799054239999,42.337685175],[-83.079699424,42.337755175],[-83.078789423,42.3380361750001],[-83.078361423,42.337287175],[-83.077004423,42.337712175],[-83.0758194219999,42.3380831750001],[-83.076245423,42.338839175],[-83.074984423,42.3392311750001],[-83.0740164219999,42.339535175],[-83.0735904219999,42.3387801750001],[-83.071480421,42.339441175],[-83.069792421,42.339965175],[-83.069747421,42.3399721760001],[-83.0691774209999,42.339986176],[-83.069014421,42.340005175],[-83.0686584199999,42.3401101750001],[-83.0686004199999,42.3399971750001],[-83.068337421,42.339535175],[-83.06791142,42.338780176],[-83.06748442,42.338025176]]]},"properties":{"OBJECTID":25,"zipcode":"48216"}},{"type":"Feature","id":26,"geometry":{"type":"Polygon","coordinates":[[[-83.1512974839999,42.2962629560001],[-83.151229442,42.296244164],[-83.151083442,42.296241164],[-83.150837441,42.296213164],[-83.150545441,42.296122164],[-83.150339441,42.296012164],[-83.150072441,42.295833164],[-83.1497674409999,42.2955741640001],[-83.1496864419999,42.295428163],[-83.149687441,42.2954151640001],[-83.149692441,42.2952451630001],[-83.149620441,42.295027164],[-83.1495654409999,42.2948771640001],[-83.1495584419999,42.294728164],[-83.149573442,42.294534164],[-83.149501441,42.2943171640001],[-83.1494284409999,42.2940951640001],[-83.149289441,42.2938211640001],[-83.149151441,42.293679163],[-83.1490244409999,42.2934251630001],[-83.148827441,42.2932101640001],[-83.1486864409999,42.293130163],[-83.14851844,42.292890163],[-83.1481214409999,42.292722164],[-83.1479914399999,42.292618163],[-83.1478454409999,42.2925671630001],[-83.14766344,42.292547164],[-83.147647408,42.292547164],[-83.147579733,42.2925396260001],[-83.147389317,42.292540047],[-83.1472385709999,42.2925696280001],[-83.1470245789999,42.29265124],[-83.146872657,42.292794299],[-83.146628098,42.2928231180001],[-83.1462921199999,42.292879935],[-83.1461419029999,42.292984932],[-83.145258655,42.2932292780001],[-83.144449185,42.2935618820001],[-83.1442544399999,42.2933531640001],[-83.1440354389999,42.293110164],[-83.143439439,42.292280163],[-83.142633439,42.291223164],[-83.139836438,42.287368163],[-83.139561438,42.2869841630001],[-83.139500437,42.286895163],[-83.139438437,42.2868081620001],[-83.137905436,42.2849511630001],[-83.137815437,42.284811163],[-83.137150437,42.2832681620001],[-83.137534437,42.2827991620001],[-83.1376964359999,42.2826191620001],[-83.1379864369999,42.2822961620001],[-83.1387984359999,42.2813341610001],[-83.1403724369999,42.279474162],[-83.140625437,42.279184161],[-83.140825437,42.278936161],[-83.1422204369999,42.277322161],[-83.143538437,42.27574316],[-83.144659438,42.2744361600001],[-83.1463574379999,42.27244216],[-83.148044439,42.2704461600001],[-83.149743439,42.2684421590001],[-83.151429439,42.266445159],[-83.1530374399999,42.264409158],[-83.15491344,42.262158157],[-83.15605044,42.260805157],[-83.15668744,42.2600601570001],[-83.15893844,42.2573761570001],[-83.160737441,42.255341156],[-83.1608634409999,42.2552001560001],[-83.1610283959999,42.2550018690001],[-83.161047583,42.255015837],[-83.1611903149999,42.255131255],[-83.161289852,42.255217671],[-83.1614155409999,42.2553369570001],[-83.1615309159999,42.2554568560001],[-83.161640858,42.255582098],[-83.162034016,42.2560864430001],[-83.1626568739999,42.256892425],[-83.1627548279999,42.2570109660001],[-83.1629820469999,42.25724595],[-83.163189417,42.2574292200001],[-83.1634147139999,42.257600435],[-83.1636804139999,42.25777595],[-83.164397626,42.258227902],[-83.164737286,42.258440304],[-83.1652161339999,42.258751604],[-83.165358995,42.2588547710001],[-83.165520503,42.258971462],[-83.165690323,42.259097335],[-83.165953496,42.2593104540001],[-83.166205132,42.259531103],[-83.166321236,42.2596392090001],[-83.166353268,42.259675384],[-83.166462069,42.259816637],[-83.166520884,42.259909909],[-83.166564651,42.259991497],[-83.166638071,42.260170101],[-83.1666810139999,42.2603388380001],[-83.1666999139999,42.2605098400001],[-83.1666958869999,42.2606944680001],[-83.1667014129999,42.2608044620001],[-83.166699084,42.2610774350001],[-83.1667138459999,42.2612872],[-83.166755876,42.261566766],[-83.166821146,42.261835411],[-83.166843839,42.26187833],[-83.1669256279999,42.261974637],[-83.1671848399999,42.2622813510001],[-83.1677175,42.263265346],[-83.167951182,42.2636965820001],[-83.168030686,42.263817444],[-83.168108982,42.263912903],[-83.1681817309999,42.263987774],[-83.168261344,42.2640587560001],[-83.168347464,42.2641253940001],[-83.168439737,42.2641873250001],[-83.1685385329999,42.2642441040001],[-83.168645665,42.264296018],[-83.1687603949999,42.2643436010001],[-83.168872979,42.264383057],[-83.168996785,42.2644188510001],[-83.169155264,42.2644543800001],[-83.1693013779999,42.264477352],[-83.1698284249999,42.264577333],[-83.169698014,42.2647577430001],[-83.169612943,42.264834056],[-83.168583893,42.265974605],[-83.1683507119999,42.2662620350001],[-83.168316444,42.266293158],[-83.168143444,42.266460157],[-83.167957444,42.2666431580001],[-83.167463444,42.2672761580001],[-83.1651074439999,42.270075159],[-83.161847443,42.2739511600001],[-83.161491443,42.2743591600001],[-83.161365608,42.274610828],[-83.161083519,42.2749754320001],[-83.1581612799999,42.278844774],[-83.158355792,42.279011473],[-83.1586099899999,42.2792323090001],[-83.158944516,42.2795308820001],[-83.159652147,42.2801624430001],[-83.160657589,42.281149461],[-83.160737716,42.281223874],[-83.160779361,42.2812670980001],[-83.160782164,42.2812720710001],[-83.160805733,42.28129528],[-83.160857587,42.281338452],[-83.1613931429999,42.2818577850001],[-83.161720066,42.2822338400001],[-83.16179783,42.2823323590001],[-83.161943214,42.282533609],[-83.162105314,42.282792483],[-83.1622190859999,42.283004651],[-83.1623715169999,42.2833375230001],[-83.162868279,42.284453156],[-83.162983475,42.284686048],[-83.163101363,42.2849241010001],[-83.1632632279999,42.2852145740001],[-83.163290538,42.285263575],[-83.1637280779999,42.286055606],[-83.163829419,42.28624009],[-83.164086149,42.286680131],[-83.164145654,42.286757565],[-83.164232816,42.286840875],[-83.1644843,42.287081153],[-83.164758117,42.2873400330001],[-83.164890747,42.287442016],[-83.1649020789999,42.2874523250001],[-83.165178539,42.287703761],[-83.1656439879999,42.2880839210001],[-83.166356799,42.2886987960001],[-83.166465296,42.288799011],[-83.1665766849999,42.2889064340001],[-83.166686386,42.2890287870001],[-83.166773341,42.2891484690001],[-83.166943079,42.289459907],[-83.166976179,42.289523374],[-83.166995248,42.289572209],[-83.166017058,42.2898176000001],[-83.165194162,42.290056394],[-83.16461455,42.290312246],[-83.1641814869999,42.2905811060001],[-83.1629575169999,42.291257079],[-83.162586215,42.2914258010001],[-83.162158521,42.2915910130001],[-83.161664823,42.291781717],[-83.161321672,42.291842009],[-83.161178392,42.2918569780001],[-83.160878587,42.2918882970001],[-83.160389922,42.2919162050001],[-83.159048463,42.2919422200001],[-83.158585753,42.2919511900001],[-83.158250062,42.2920174050001],[-83.1580194109999,42.2921551910001],[-83.157857257,42.2923176800001],[-83.1577670089999,42.292430284],[-83.157729019,42.292584411],[-83.15772176,42.2926737920001],[-83.157711327,42.292802233],[-83.157708301,42.2930376560001],[-83.157753741,42.29322835],[-83.157815549,42.2933746410001],[-83.157844498,42.293443161],[-83.157945868,42.2935950560001],[-83.158054964,42.293747145],[-83.158148345,42.293904582],[-83.1581770189999,42.294123572],[-83.158168105,42.29431864],[-83.158095531,42.2945523110001],[-83.157930225,42.294783646],[-83.1576909299999,42.294957255],[-83.1573955279999,42.2951070440001],[-83.1572442189999,42.2951739860001],[-83.1570821019999,42.2952275320001],[-83.156882756,42.2952631470001],[-83.156809266,42.2952723500001],[-83.156419462,42.295337196],[-83.156000322,42.2953668380001],[-83.1555338479999,42.295468994],[-83.15527938,42.2955362500001],[-83.154728454,42.295576382],[-83.154398955,42.295548426],[-83.1540414529999,42.2955541430001],[-83.153547077,42.295659545],[-83.151687018,42.296260913],[-83.151401977,42.2962733620001],[-83.1512974839999,42.2962629560001]]]},"properties":{"OBJECTID":26,"zipcode":"48217"}},{"type":"Feature","id":28,"geometry":{"type":"Polygon","coordinates":[[[-83.218536473,42.40834018],[-83.218717472,42.40833618],[-83.2190004729999,42.4083291800001],[-83.219295473,42.4083291800001],[-83.219773473,42.40831718],[-83.221142474,42.4082861800001],[-83.222567474,42.40825318],[-83.223889474,42.40822318],[-83.225033475,42.4081971800001],[-83.225078474,42.40825118],[-83.225187475,42.4099931800001],[-83.226388475,42.4099681800001],[-83.226277476,42.4081691800001],[-83.227512476,42.40814018],[-83.227618475,42.40813418],[-83.228341475,42.40811718],[-83.228412475,42.4081081800001],[-83.228614476,42.4080761800001],[-83.2287564759999,42.4080351800001],[-83.2301734759999,42.4086861800001],[-83.231324477,42.40918918],[-83.231441477,42.4092241800001],[-83.231605477,42.40926618],[-83.231642477,42.4098841800001],[-83.232186477,42.40987518],[-83.2328754769999,42.4098571800001],[-83.233648478,42.4098391790001],[-83.234092478,42.4098341800001],[-83.2351194779999,42.40980718],[-83.235584478,42.409802179],[-83.2356774779999,42.40982918],[-83.235781478,42.4096771800001],[-83.2358194779999,42.4095771790001],[-83.2358424779999,42.40944218],[-83.235856478,42.409203179],[-83.235858478,42.4089881790001],[-83.235846478,42.408797179],[-83.235903478,42.408748179],[-83.235982478,42.408659179],[-83.236107478,42.408477179],[-83.236099478,42.408324179],[-83.236274478,42.408093179],[-83.2363824779999,42.407980179],[-83.236551478,42.408049179],[-83.236826478,42.407963179],[-83.2370814779999,42.4079081790001],[-83.2377474789999,42.4079041790001],[-83.238329479,42.407877179],[-83.2387874789999,42.4078691790001],[-83.23967648,42.407853179],[-83.239861479,42.407850179],[-83.2407704789999,42.407832179],[-83.241857479,42.4078111790001],[-83.24295148,42.4077891790001],[-83.2440654809999,42.4077661790001],[-83.245182481,42.4077451790001],[-83.2462944809999,42.4077241790001],[-83.247439481,42.4077021790001],[-83.248549482,42.4076801780001],[-83.249629482,42.4076601780001],[-83.250715483,42.4076401780001],[-83.2522984829999,42.4076101790001],[-83.252895484,42.4075941780001],[-83.253506484,42.4075731790001],[-83.2546844839999,42.4075461780001],[-83.255888484,42.4075031780001],[-83.256287484,42.4074901780001],[-83.257122485,42.407476178],[-83.257842484,42.407469178],[-83.258083485,42.407466178],[-83.258097485,42.4077251780001],[-83.2580994849999,42.407765178],[-83.258111485,42.4080421780001],[-83.258930485,42.408033178],[-83.2589274849999,42.407895178],[-83.2599434859999,42.407879178],[-83.260757486,42.407873178],[-83.2610414859999,42.4078711780001],[-83.261036486,42.407737178],[-83.261674486,42.4077271780001],[-83.2620564859999,42.407721178],[-83.262047486,42.4075221780001],[-83.262044486,42.407447178],[-83.2633884859999,42.407450177],[-83.263550487,42.407449178],[-83.263600487,42.4074561780001],[-83.263648486,42.407469178],[-83.263693487,42.4074871780001],[-83.263755487,42.4075301780001],[-83.263799487,42.407581178],[-83.2638564869999,42.407628178],[-83.263907487,42.4076581780001],[-83.264091487,42.4077301770001],[-83.264340487,42.407808178],[-83.264672487,42.4078881780001],[-83.264783487,42.4079081780001],[-83.264896487,42.407922178],[-83.265086487,42.4079301780001],[-83.265200487,42.4079271780001],[-83.2656534879999,42.4078891780001],[-83.265829487,42.407880178],[-83.265936487,42.407875178],[-83.266043488,42.407880178],[-83.266630487,42.4079311770001],[-83.267012488,42.4079491780001],[-83.268426488,42.4080391780001],[-83.2688474879999,42.408059177],[-83.268953488,42.408059177],[-83.269042488,42.4080531770001],[-83.269181488,42.408035177],[-83.269282488,42.408014178],[-83.269556489,42.4079321780001],[-83.270143488,42.407923178],[-83.270227489,42.4077711780001],[-83.270495489,42.4075341770001],[-83.270687488,42.4074341780001],[-83.270995489,42.4074921770001],[-83.271493489,42.4077321770001],[-83.272182489,42.407990178],[-83.2725394889999,42.4080901770001],[-83.2729154899999,42.4081851770001],[-83.2737704899999,42.4084371770001],[-83.2741344899999,42.4084691780001],[-83.27434449,42.4083181770001],[-83.27445949,42.4080931770001],[-83.27448349,42.407713178],[-83.27476649,42.4078231770001],[-83.2750294899999,42.407899177],[-83.27506049,42.407855177],[-83.27507249,42.407812177],[-83.27506949,42.407588178],[-83.27507349,42.4075341770001],[-83.2750804899999,42.4075161770001],[-83.2751024899999,42.4075081770001],[-83.27549149,42.4075141770001],[-83.2766904909999,42.4074661770001],[-83.276685491,42.4072861770001],[-83.27713549,42.4072861770001],[-83.278036491,42.407273177],[-83.278703492,42.4072591770001],[-83.2793764909999,42.4072391770001],[-83.280017491,42.407219177],[-83.280706492,42.407204177],[-83.2814214919999,42.4071891770001],[-83.2815754919999,42.407183177],[-83.281956492,42.4071681770001],[-83.282033492,42.407165177],[-83.282243492,42.407159177],[-83.282850492,42.4071351760001],[-83.283496492,42.407111177],[-83.2849264929999,42.4070551770001],[-83.285612494,42.407034176],[-83.285894494,42.4117821770001],[-83.2860444939999,42.414271178],[-83.286115495,42.416654179],[-83.286188494,42.419122179],[-83.286257495,42.421462179],[-83.286311495,42.4232791790001],[-83.286364495,42.42508918],[-83.286399495,42.4251981800001],[-83.2864264949999,42.4256831800001],[-83.287088496,42.4256661800001],[-83.2871264949999,42.42584918],[-83.287155496,42.42599118],[-83.286704496,42.4266131800001],[-83.286678496,42.4269431800001],[-83.286688496,42.4274611800001],[-83.2872263619999,42.4276886060001],[-83.287249144,42.428220524],[-83.2872613909999,42.4285544090001],[-83.2872616759999,42.4285621810001],[-83.2872114959999,42.4285621810001],[-83.286613495,42.42858518],[-83.2860634959999,42.4286071810001],[-83.286184496,42.4308571810001],[-83.286234496,42.432426181],[-83.286300496,42.434475181],[-83.286930496,42.4344661810001],[-83.2869364959999,42.4349101810001],[-83.2871404969999,42.434903181],[-83.287448044,42.434892956],[-83.287471614,42.4358830040001],[-83.287472346,42.4359042880001],[-83.2869164959999,42.4359231810001],[-83.286901496,42.437738182],[-83.287023496,42.438295182],[-83.287058497,42.439447182],[-83.2871554969999,42.4395271820001],[-83.287243497,42.442410183],[-83.287597497,42.442484183],[-83.287630497,42.4424931830001],[-83.287690114,42.4425093290001],[-83.287692061,42.442524322],[-83.287715632,42.442613502],[-83.287726471,42.442684634],[-83.2850975699999,42.4427351300001],[-83.281323312,42.442805966],[-83.278436744,42.4428655230001],[-83.278185002,42.442869112],[-83.269865746,42.4431211890001],[-83.268391679,42.443158402],[-83.265199955,42.443238911],[-83.260974515,42.443345359],[-83.258781681,42.443403037],[-83.2563310749999,42.4434681750001],[-83.250288653,42.4436285620001],[-83.249103275,42.443659987],[-83.246730089,42.443719378],[-83.244203221,42.443789764],[-83.241374003,42.443864599],[-83.239338823,42.443918387],[-83.2372947379999,42.4439632290001],[-83.233240112,42.444052067],[-83.2259640559999,42.444211125],[-83.2255439889999,42.444220295],[-83.222434747,42.4442881100001],[-83.220067961,42.444339675],[-83.2197259479999,42.4443482660001],[-83.21963526,42.4443497080001],[-83.219630476,42.444184186],[-83.2198074769999,42.444181186],[-83.2201544769999,42.444174187],[-83.220147476,42.443977186],[-83.220139477,42.4436471860001],[-83.220661477,42.4436471860001],[-83.2206264769999,42.4426561860001],[-83.220670476,42.4425921860001],[-83.2206084759999,42.4407701860001],[-83.220547476,42.438961186],[-83.220440476,42.4372341850001],[-83.219914476,42.4372391850001],[-83.219733476,42.4372421850001],[-83.219544476,42.437245185],[-83.2193734749999,42.4336401850001],[-83.219336475,42.432612185],[-83.219315476,42.4320601840001],[-83.2192374749999,42.430028184],[-83.219158475,42.4283251840001],[-83.2191504749999,42.4278581830001],[-83.219144475,42.4277431830001],[-83.219142474,42.427709184],[-83.2191254749999,42.427369184],[-83.219075474,42.426389183],[-83.219029474,42.4249371830001],[-83.218962474,42.4227931830001],[-83.218831474,42.419275182],[-83.218824473,42.4190811820001],[-83.218754474,42.417441182],[-83.2187214739999,42.4161121820001],[-83.2187164739999,42.415561182],[-83.218730474,42.413766181],[-83.218731474,42.413539181],[-83.218710473,42.4119221810001],[-83.218710473,42.411760181],[-83.2186864729999,42.410883181],[-83.2186414729999,42.4101301800001],[-83.218536473,42.40834018]]]},"properties":{"OBJECTID":28,"zipcode":"48219"}},{"type":"Feature","id":29,"geometry":{"type":"Polygon","coordinates":[[[-83.122089443,42.4102871850001],[-83.122767443,42.4102721850001],[-83.123991444,42.4102441850001],[-83.125222445,42.4102171850001],[-83.125423444,42.410211185],[-83.126430445,42.410188186],[-83.126658445,42.4101821850001],[-83.127693445,42.410163185],[-83.127811445,42.410162185],[-83.128752445,42.4101351850001],[-83.128928445,42.4101311850001],[-83.1297304459999,42.4101071850001],[-83.130086445,42.410097185],[-83.130706446,42.4100861850001],[-83.131319446,42.4100701850001],[-83.131683446,42.4100611850001],[-83.1325234459999,42.4100411850001],[-83.1326574459999,42.4100381850001],[-83.133632447,42.4100241850001],[-83.133759447,42.410023185],[-83.134621447,42.410012184],[-83.134981447,42.410013185],[-83.135607447,42.4100021840001],[-83.136178448,42.409992184],[-83.1365894479999,42.409984185],[-83.137274448,42.409971184],[-83.137568448,42.409966185],[-83.138370448,42.4099511840001],[-83.138549449,42.409948184],[-83.139500448,42.4099311840001],[-83.140541449,42.409912185],[-83.141635449,42.409899184],[-83.1427104489999,42.4098891840001],[-83.1437854499999,42.409879184],[-83.14485945,42.4098691840001],[-83.145908451,42.409859184],[-83.146329451,42.409855184],[-83.1468844509999,42.409850184],[-83.147504451,42.4098431840001],[-83.147864452,42.4098391840001],[-83.148646451,42.409830184],[-83.148841451,42.409828184],[-83.1497864519999,42.4098181840001],[-83.1508034519999,42.409808184],[-83.150959452,42.4098061840001],[-83.152156453,42.4097951840001],[-83.152652452,42.409791184],[-83.153358453,42.409784184],[-83.153644453,42.4097811840001],[-83.1545964529999,42.409772183],[-83.1556544539999,42.4097611840001],[-83.156745454,42.409749183],[-83.1578394539999,42.409739183],[-83.158935454,42.409726183],[-83.160008455,42.4097151830001],[-83.1610794549999,42.409698183],[-83.162167455,42.409679183],[-83.1632564559999,42.409659183],[-83.1643394559999,42.409639183],[-83.164774456,42.409633183],[-83.164985456,42.409628183],[-83.165178456,42.4096241830001],[-83.1653914569999,42.4096191830001],[-83.1655264569999,42.4096171830001],[-83.1665774569999,42.4095991830001],[-83.1676414569999,42.4095801830001],[-83.168693457,42.4095601830001],[-83.169169457,42.4095521830001],[-83.169772458,42.409543183],[-83.169787458,42.409951183],[-83.169190457,42.409973183],[-83.1692614579999,42.4119821830001],[-83.1698864589999,42.411979183],[-83.169986458,42.4139621840001],[-83.169990458,42.414174184],[-83.169991458,42.4141921830001],[-83.170008459,42.414426184],[-83.17183046,42.416403184],[-83.1720654589999,42.416649184],[-83.171858459,42.416650184],[-83.1712114589999,42.416654184],[-83.170133458,42.4166641840001],[-83.1701594579999,42.417413185],[-83.170208459,42.418501184],[-83.1700424589999,42.418502184],[-83.169154458,42.418526184],[-83.169229459,42.420268185],[-83.169220458,42.420299185],[-83.169201459,42.420320185],[-83.1691624589999,42.420342185],[-83.1691224579999,42.4203491850001],[-83.167824458,42.420384185],[-83.167910459,42.422341186],[-83.167701458,42.4223321860001],[-83.167759458,42.4236221850001],[-83.167960459,42.4236181850001],[-83.1679734579999,42.423920186],[-83.168327458,42.423915186],[-83.168341459,42.4240431860001],[-83.16939346,42.4240221860001],[-83.1699064599999,42.424011185],[-83.16998246,42.425832186],[-83.1699924599999,42.425900186],[-83.17009946,42.4276421860001],[-83.17057346,42.427631186],[-83.17063646,42.429450186],[-83.17065046,42.429863186],[-83.17066546,42.4302751870001],[-83.17070246,42.431257187],[-83.17072046,42.4316881870001],[-83.17017046,42.4316881870001],[-83.170223461,42.433036187],[-83.17025346,42.4338061870001],[-83.17027046,42.4342341870001],[-83.17066146,42.4342321870001],[-83.170674461,42.434567187],[-83.1708504599999,42.434718187],[-83.170858461,42.434921187],[-83.17086146,42.4350061870001],[-83.170874461,42.435342188],[-83.17038046,42.435352188],[-83.170299461,42.435354187],[-83.17030146,42.435409188],[-83.170356461,42.4366441880001],[-83.170926461,42.436627187],[-83.170996461,42.4384411880001],[-83.1704194599999,42.4384461880001],[-83.170515461,42.4407351880001],[-83.170612461,42.4430781890001],[-83.1707114609999,42.4454171890001],[-83.171262462,42.445407189],[-83.1712690309999,42.445544211],[-83.171183507,42.4455460340001],[-83.168820105,42.445609335],[-83.166831507,42.445684611],[-83.165785579,42.445707526],[-83.1636597419999,42.4457540710001],[-83.1614322,42.4457945450001],[-83.159143864,42.445852648],[-83.158634394,42.4458574650001],[-83.1581695519999,42.4458678770001],[-83.1564983499999,42.4459053],[-83.155937718,42.445917847],[-83.155342042,42.445931198],[-83.15350868,42.4459722730001],[-83.1520847749999,42.446004153],[-83.1519030919999,42.4460076080001],[-83.149236547,42.446067869],[-83.146911706,42.446119824],[-83.145743562,42.446145911],[-83.1448022129999,42.4461669240001],[-83.141981269,42.4462298500001],[-83.1398232609999,42.4462754670001],[-83.139196822,42.4462887010001],[-83.1387874929999,42.446297347],[-83.138007204,42.4463138240001],[-83.13648442,42.446345964],[-83.1330990119999,42.446394749],[-83.13307345,42.446384191],[-83.1329784499999,42.4463641910001],[-83.13238645,42.4462871910001],[-83.1332244499999,42.4462671910001],[-83.1332224499999,42.4461261910001],[-83.13320645,42.445307191],[-83.13319545,42.444996191],[-83.13318945,42.444818191],[-83.132592449,42.444837191],[-83.13257945,42.4444181910001],[-83.1323724489999,42.43907219],[-83.1328664489999,42.43905519],[-83.132987449,42.43907819],[-83.133472449,42.43907219],[-83.13409845,42.43905719],[-83.1339064489999,42.43761519],[-83.132005449,42.43768019],[-83.131646448,42.433852189],[-83.1314754479999,42.4328751890001],[-83.129757447,42.431805189],[-83.1296514479999,42.4316801890001],[-83.129640448,42.431418189],[-83.1296294469999,42.431159189],[-83.130739448,42.4311261890001],[-83.130664447,42.4293021880001],[-83.130594447,42.4277331880001],[-83.130397447,42.423288187],[-83.130149447,42.417968186],[-83.122582444,42.4181161870001],[-83.1223754439999,42.4181201870001],[-83.122339444,42.4174811870001],[-83.122519444,42.417477187],[-83.1223754439999,42.4150791860001],[-83.122231444,42.4126701860001],[-83.122089443,42.4102871850001]]]},"properties":{"OBJECTID":29,"zipcode":"48221"}},{"type":"Feature","id":30,"geometry":{"type":"Polygon","coordinates":[[[-83.218536473,42.40834018],[-83.2182314729999,42.4083501800001],[-83.217899473,42.40836118],[-83.217750473,42.40836318],[-83.217726473,42.4079071800001],[-83.2174974719999,42.40791118],[-83.217456472,42.4070471800001],[-83.217434472,42.4065701800001],[-83.217386472,42.4055121800001],[-83.217365472,42.40476518],[-83.2173154719999,42.40295318],[-83.217952473,42.402945179],[-83.2179364719999,42.4027291790001],[-83.217913472,42.402087179],[-83.217895472,42.4016731790001],[-83.2179024719999,42.401137179],[-83.217903472,42.401026179],[-83.2179914719999,42.4007181790001],[-83.2179944709999,42.4005881790001],[-83.217972472,42.3998411790001],[-83.217973472,42.399315179],[-83.217933471,42.398937179],[-83.2178984709999,42.397760179],[-83.217198472,42.3977751780001],[-83.217146471,42.395586178],[-83.217107471,42.3939231780001],[-83.216991471,42.391510177],[-83.216906471,42.3891151770001],[-83.21682347,42.386732177],[-83.21674747,42.385679177],[-83.21656647,42.3844171760001],[-83.216615469,42.382853176],[-83.21695647,42.3821801760001],[-83.216933469,42.382062176],[-83.21688147,42.3815551760001],[-83.21692247,42.381295175],[-83.2169834699999,42.3808311760001],[-83.216995469,42.380577176],[-83.21698847,42.380368176],[-83.216908469,42.3797091750001],[-83.21704347,42.3797081750001],[-83.21701747,42.3794641750001],[-83.21696747,42.3790551750001],[-83.216955469,42.378959175],[-83.2169354689999,42.3788111750001],[-83.2169834699999,42.3788111750001],[-83.21705847,42.3788131750001],[-83.2171214699999,42.3788121750001],[-83.21721347,42.3788111750001],[-83.2173474699999,42.3788091750001],[-83.2178654699999,42.3788061750001],[-83.21789747,42.3788061750001],[-83.21852447,42.3787851750001],[-83.21899347,42.3787611750001],[-83.2196184699999,42.3787191750001],[-83.221174471,42.378553175],[-83.2225194709999,42.378389175],[-83.222936471,42.3783331750001],[-83.223446472,42.3782721750001],[-83.224019472,42.378213175],[-83.224492472,42.378171174],[-83.224982472,42.3781341750001],[-83.225545473,42.378098175],[-83.2260884729999,42.3780711740001],[-83.226630472,42.3780491750001],[-83.227130473,42.378036174],[-83.227652473,42.3780281740001],[-83.228174473,42.3780271740001],[-83.228696473,42.378032175],[-83.229304473,42.3780451740001],[-83.2297594729999,42.378060174],[-83.230364473,42.3780901740001],[-83.2308114739999,42.3781201740001],[-83.231269474,42.3781571740001],[-83.231476474,42.378179174],[-83.231857474,42.3782311740001],[-83.232184474,42.3782981740001],[-83.232465475,42.3783621740001],[-83.232812474,42.378448174],[-83.233189474,42.3785661740001],[-83.233888475,42.378847174],[-83.234203475,42.379008174],[-83.234498475,42.3791481740001],[-83.234901475,42.379368174],[-83.235498475,42.3797161740001],[-83.236510476,42.380374174],[-83.236657475,42.380470174],[-83.236650476,42.380264174],[-83.2366384759999,42.380039175],[-83.2366294759999,42.379859174],[-83.236618476,42.3796671740001],[-83.2365954759999,42.3792441740001],[-83.236584476,42.3790711740001],[-83.2365754749999,42.378933174],[-83.236565475,42.3787711740001],[-83.236563476,42.3787261740001],[-83.236956476,42.378784174],[-83.237236476,42.3788411740001],[-83.237747476,42.378919174],[-83.238110476,42.3789761740001],[-83.238353476,42.379007174],[-83.238877477,42.3790451740001],[-83.238959477,42.379048174],[-83.239939477,42.3790411740001],[-83.240194477,42.379046174],[-83.241437478,42.379034174],[-83.246415478,42.378989174],[-83.255856482,42.378924173],[-83.261108483,42.378830173],[-83.266261484,42.378628172],[-83.26657992,42.378615623],[-83.2665824979999,42.378739001],[-83.266583485,42.3787861850001],[-83.268377218,42.3787450830001],[-83.2749125399999,42.3785950990001],[-83.274942095,42.3799180020001],[-83.274976338,42.3809288350001],[-83.275054871,42.3833785590001],[-83.275106453,42.384870317],[-83.275108772,42.384894804],[-83.2751227969999,42.3852651660001],[-83.2751289619999,42.385469276],[-83.275151428,42.3858376410001],[-83.2752224239999,42.3886992600001],[-83.2752815969999,42.3901909050001],[-83.275352813,42.391986063],[-83.2753715809999,42.392459166],[-83.275478665,42.3951913920001],[-83.2755941409999,42.3981685840001],[-83.2756453439999,42.4000966030001],[-83.275707972,42.401776936],[-83.275732241,42.403709049],[-83.275799424,42.405408003],[-83.275861446,42.407281862],[-83.275945238,42.407281539],[-83.27594549,42.407289177],[-83.276685491,42.4072861770001],[-83.2766904909999,42.4074661770001],[-83.27549149,42.4075141770001],[-83.2751024899999,42.4075081770001],[-83.2750804899999,42.4075161770001],[-83.27507349,42.4075341770001],[-83.27506949,42.407588178],[-83.27507249,42.407812177],[-83.27506049,42.407855177],[-83.2750294899999,42.407899177],[-83.27476649,42.4078231770001],[-83.27448349,42.407713178],[-83.27445949,42.4080931770001],[-83.27434449,42.4083181770001],[-83.2741344899999,42.4084691780001],[-83.2737704899999,42.4084371770001],[-83.2729154899999,42.4081851770001],[-83.2725394889999,42.4080901770001],[-83.272182489,42.407990178],[-83.271493489,42.4077321770001],[-83.270995489,42.4074921770001],[-83.270687488,42.4074341780001],[-83.270495489,42.4075341770001],[-83.270227489,42.4077711780001],[-83.270143488,42.407923178],[-83.269556489,42.4079321780001],[-83.269282488,42.408014178],[-83.269181488,42.408035177],[-83.269042488,42.4080531770001],[-83.268953488,42.408059177],[-83.2688474879999,42.408059177],[-83.268426488,42.4080391780001],[-83.267012488,42.4079491780001],[-83.266630487,42.4079311770001],[-83.266043488,42.407880178],[-83.265936487,42.407875178],[-83.265829487,42.407880178],[-83.2656534879999,42.4078891780001],[-83.265200487,42.4079271780001],[-83.265086487,42.4079301780001],[-83.264896487,42.407922178],[-83.264783487,42.4079081780001],[-83.264672487,42.4078881780001],[-83.264340487,42.407808178],[-83.264091487,42.4077301770001],[-83.263907487,42.4076581780001],[-83.2638564869999,42.407628178],[-83.263799487,42.407581178],[-83.263755487,42.4075301780001],[-83.263693487,42.4074871780001],[-83.263648486,42.407469178],[-83.263600487,42.4074561780001],[-83.263550487,42.407449178],[-83.2633884859999,42.407450177],[-83.262044486,42.407447178],[-83.262047486,42.4075221780001],[-83.2620564859999,42.407721178],[-83.261674486,42.4077271780001],[-83.261036486,42.407737178],[-83.2610414859999,42.4078711780001],[-83.260757486,42.407873178],[-83.2599434859999,42.407879178],[-83.2589274849999,42.407895178],[-83.258930485,42.408033178],[-83.258111485,42.4080421780001],[-83.2580994849999,42.407765178],[-83.258097485,42.4077251780001],[-83.258083485,42.407466178],[-83.257842484,42.407469178],[-83.257122485,42.407476178],[-83.256287484,42.4074901780001],[-83.255888484,42.4075031780001],[-83.2546844839999,42.4075461780001],[-83.253506484,42.4075731790001],[-83.252895484,42.4075941780001],[-83.2522984829999,42.4076101790001],[-83.250715483,42.4076401780001],[-83.249629482,42.4076601780001],[-83.248549482,42.4076801780001],[-83.247439481,42.4077021790001],[-83.2462944809999,42.4077241790001],[-83.245182481,42.4077451790001],[-83.2440654809999,42.4077661790001],[-83.24295148,42.4077891790001],[-83.241857479,42.4078111790001],[-83.2407704789999,42.407832179],[-83.239861479,42.407850179],[-83.23967648,42.407853179],[-83.2387874789999,42.4078691790001],[-83.238329479,42.407877179],[-83.2377474789999,42.4079041790001],[-83.2370814779999,42.4079081790001],[-83.236826478,42.407963179],[-83.236551478,42.408049179],[-83.2363824779999,42.407980179],[-83.236274478,42.408093179],[-83.236099478,42.408324179],[-83.236107478,42.408477179],[-83.235982478,42.408659179],[-83.235903478,42.408748179],[-83.235846478,42.408797179],[-83.235858478,42.4089881790001],[-83.235856478,42.409203179],[-83.2358424779999,42.40944218],[-83.2358194779999,42.4095771790001],[-83.235781478,42.4096771800001],[-83.2356774779999,42.40982918],[-83.235584478,42.409802179],[-83.2351194779999,42.40980718],[-83.234092478,42.4098341800001],[-83.233648478,42.4098391790001],[-83.2328754769999,42.4098571800001],[-83.232186477,42.40987518],[-83.231642477,42.4098841800001],[-83.231605477,42.40926618],[-83.231441477,42.4092241800001],[-83.231324477,42.40918918],[-83.2301734759999,42.4086861800001],[-83.2287564759999,42.4080351800001],[-83.228614476,42.4080761800001],[-83.228412475,42.4081081800001],[-83.228341475,42.40811718],[-83.227618475,42.40813418],[-83.227512476,42.40814018],[-83.226277476,42.4081691800001],[-83.226388475,42.4099681800001],[-83.225187475,42.4099931800001],[-83.225078474,42.40825118],[-83.225033475,42.4081971800001],[-83.223889474,42.40822318],[-83.222567474,42.40825318],[-83.221142474,42.4082861800001],[-83.219773473,42.40831718],[-83.219295473,42.4083291800001],[-83.2190004729999,42.4083291800001],[-83.218717472,42.40833618],[-83.218536473,42.40834018]]]},"properties":{"OBJECTID":30,"zipcode":"48223"}},{"type":"Feature","id":31,"geometry":{"type":"Polygon","coordinates":[[[-82.9271553849999,42.425797198],[-82.9278953849999,42.4248591970001],[-82.9279653849999,42.424772198],[-82.928035385,42.4246841980001],[-82.928149385,42.424538198],[-82.9284063849999,42.424213197],[-82.928511385,42.4240811980001],[-82.9286823849999,42.423865198],[-82.929047385,42.423415197],[-82.9293553849999,42.4230041970001],[-82.929646385,42.422631197],[-82.928294385,42.422086197],[-82.928231384,42.4220641970001],[-82.926848384,42.421481197],[-82.926418384,42.4216291970001],[-82.9261903839999,42.4212701970001],[-82.925892384,42.421373197],[-82.925620384,42.421467197],[-82.923993384,42.420807197],[-82.922866383,42.4203511970001],[-82.9217183819999,42.419885197],[-82.9207003819999,42.4194751970001],[-82.9206603819999,42.4194001970001],[-82.920216382,42.4187491970001],[-82.9196163819999,42.4178501970001],[-82.919193381,42.4172251970001],[-82.9185223809999,42.416238197],[-82.918305381,42.4159191960001],[-82.9176913809999,42.415021197],[-82.917405381,42.4146031970001],[-82.916416381,42.4131671960001],[-82.91565238,42.4120501960001],[-82.91561738,42.412010196],[-82.91549938,42.4118221960001],[-82.9152413799999,42.411448196],[-82.9140763789999,42.409757196],[-82.913948379,42.409561196],[-82.913901379,42.409488196],[-82.914446379,42.408325195],[-82.91493938,42.4072741950001],[-82.915633379,42.405806195],[-82.91593038,42.4051791950001],[-82.9163003789999,42.404479194],[-82.9167983789999,42.4035361950001],[-82.91686838,42.4034051950001],[-82.91713938,42.402856195],[-82.9177213789999,42.401645194],[-82.91831938,42.4003911940001],[-82.91871238,42.399565194],[-82.9187523799999,42.399504194],[-82.919122379,42.398934194],[-82.91934438,42.3985911940001],[-82.91975838,42.3980041930001],[-82.92013338,42.3974741930001],[-82.9203533799999,42.397162193],[-82.9210653809999,42.396153193],[-82.92137938,42.3957091930001],[-82.921573381,42.3954681930001],[-82.921680381,42.3953521930001],[-82.9217223809999,42.3953071930001],[-82.92187138,42.395180193],[-82.92218538,42.394962192],[-82.922403381,42.3948371930001],[-82.9234693809999,42.394440192],[-82.9244463809999,42.394063192],[-82.9246243809999,42.393990193],[-82.925357381,42.393704192],[-82.925696382,42.3935721920001],[-82.926486382,42.3932641920001],[-82.926675382,42.3931901920001],[-82.927265382,42.392959192],[-82.927799382,42.3927411920001],[-82.9290593819999,42.3922231920001],[-82.930329383,42.391697192],[-82.931452383,42.391251192],[-82.9319353829999,42.391069192],[-82.932444383,42.3908771910001],[-82.933435383,42.390509192],[-82.934404383,42.390167191],[-82.934638384,42.3900871910001],[-82.9353743839999,42.389835191],[-82.9355073839999,42.389790191],[-82.936104384,42.389604191],[-82.936356384,42.3895301910001],[-82.937209385,42.389296191],[-82.9373513849999,42.3892621910001],[-82.9376473849999,42.3891901910001],[-82.938347385,42.389024191],[-82.9392233849999,42.388823191],[-82.939420385,42.388779191],[-82.939607385,42.3887361910001],[-82.940575385,42.38855119],[-82.940894385,42.38848719],[-82.9416663859999,42.3883521910001],[-82.942214386,42.38825519],[-82.942594386,42.388191191],[-82.942715386,42.38816819],[-82.942747386,42.3881621900001],[-82.942895386,42.388136191],[-82.9433573859999,42.38805519],[-82.944043386,42.3879331910001],[-82.9444773869999,42.38785519],[-82.9456063869999,42.38765619],[-82.946474387,42.3875031900001],[-82.946648387,42.38747719],[-82.947703388,42.3873081900001],[-82.9479443879999,42.3876691900001],[-82.947386388,42.38775819],[-82.947727388,42.38824119],[-82.9487973879999,42.3898771900001],[-82.948791388,42.390005191],[-82.950495389,42.392487191],[-82.95214139,42.3948861910001],[-82.9534723899999,42.396872192],[-82.9541493899999,42.3966251910001],[-82.95449639,42.3970291910001],[-82.955175391,42.396783191],[-82.9556753909999,42.3966021910001],[-82.956066391,42.396461192],[-82.956965391,42.396136191],[-82.957889391,42.395803191],[-82.9588523909999,42.395456191],[-82.9598573919999,42.396985191],[-82.959891392,42.3971021910001],[-82.959658392,42.3971851910001],[-82.9589593919999,42.397434191],[-82.9590233919999,42.397532191],[-82.959197392,42.3974731910001],[-82.960156392,42.3989161920001],[-82.9602423919999,42.3990471920001],[-82.9611863929999,42.4004861920001],[-82.961257393,42.4005961920001],[-82.960764393,42.4007791920001],[-82.9608863929999,42.4009631920001],[-82.9613843929999,42.4007791920001],[-82.962322394,42.402182192],[-82.962398393,42.402297192],[-82.9632973939999,42.4036581920001],[-82.963713394,42.4035091920001],[-82.963942394,42.4034351920001],[-82.964028394,42.4034151920001],[-82.964223394,42.4037121920001],[-82.964302394,42.403830192],[-82.964407394,42.403987192],[-82.964461394,42.404085192],[-82.964542394,42.404231193],[-82.9645543949999,42.404262192],[-82.964583394,42.404355192],[-82.964596394,42.4044321920001],[-82.9646003949999,42.404509192],[-82.9645933939999,42.4046711920001],[-82.964955394,42.4053261930001],[-82.9649943949999,42.4054151930001],[-82.9643743949999,42.4055951920001],[-82.964388394,42.405925193],[-82.963848394,42.406268192],[-82.9639433949999,42.4086091930001],[-82.964038395,42.4104191930001],[-82.964138395,42.4129591940001],[-82.964715395,42.4133551940001],[-82.964727395,42.4136101940001],[-82.9647713949999,42.4145941940001],[-82.9647803949999,42.414810194],[-82.964827395,42.415844194],[-82.964691396,42.415841194],[-82.964449395,42.415738194],[-82.964347395,42.4156951940001],[-82.964291395,42.415778194],[-82.964373396,42.416681194],[-82.9648633949999,42.416674194],[-82.964899395,42.4175231940001],[-82.964936396,42.418366194],[-82.964958396,42.4188501950001],[-82.964353396,42.419645195],[-82.964091396,42.419990195],[-82.963796395,42.4203781950001],[-82.963462395,42.420823195],[-82.963754395,42.420793195],[-82.9639163959999,42.4207881950001],[-82.9650403959999,42.4207831950001],[-82.965070396,42.421602195],[-82.963685396,42.4216171950001],[-82.963629396,42.421604196],[-82.963048395,42.4213641950001],[-82.962448395,42.422166195],[-82.9630603959999,42.422416195],[-82.963090396,42.422420195],[-82.963676396,42.422413195],[-82.9636903959999,42.4228051950001],[-82.962760395,42.4228091950001],[-82.962516396,42.423130196],[-82.962463395,42.423199196],[-82.961901396,42.423923196],[-82.961822395,42.4240281960001],[-82.9617783959999,42.4240861960001],[-82.961216395,42.4248301960001],[-82.961180395,42.424891196],[-82.960602395,42.425653196],[-82.9600693949999,42.4263561970001],[-82.959989395,42.426462196],[-82.959516395,42.427091196],[-82.959450394,42.4271771960001],[-82.958911394,42.4278871970001],[-82.9587463949999,42.4282091970001],[-82.958692395,42.4283141970001],[-82.957926394,42.429341197],[-82.957961395,42.429609197],[-82.957837395,42.429501197],[-82.957694395,42.4293961970001],[-82.9572563939999,42.4291091970001],[-82.9567893939999,42.429728197],[-82.957186395,42.4298681970001],[-82.957297394,42.429886197],[-82.956770395,42.430640198],[-82.956658395,42.4306561970001],[-82.9566073949999,42.4307281970001],[-82.956119394,42.4314271970001],[-82.9560233939999,42.4315631970001],[-82.955488394,42.432269198],[-82.955408394,42.432376198],[-82.955363394,42.4324511980001],[-82.954886394,42.4330841980001],[-82.9548103939999,42.433185198],[-82.954281394,42.433882198],[-82.954191394,42.434001198],[-82.9537263939999,42.4346131980001],[-82.9536843929999,42.434787198],[-82.953846394,42.4348491980001],[-82.9539053939999,42.4348721980001],[-82.954236394,42.4349991980001],[-82.955376394,42.4354761980001],[-82.955136394,42.435622198],[-82.955066394,42.4356461990001],[-82.955005394,42.4356561980001],[-82.953327394,42.4356811980001],[-82.952390394,42.4356941980001],[-82.9523323929999,42.4356751980001],[-82.952405394,42.435816199],[-82.952606394,42.436093199],[-82.952298394,42.4365691990001],[-82.952253393,42.436566199],[-82.952207393,42.4365561980001],[-82.952047393,42.4364911980001],[-82.951806393,42.436381199],[-82.951607393,42.4363051990001],[-82.951830394,42.4360091980001],[-82.951361393,42.4358171980001],[-82.951378393,42.4357221980001],[-82.951583393,42.4354491980001],[-82.9508063919999,42.4351281990001],[-82.950162393,42.4348641980001],[-82.950038392,42.4348131990001],[-82.948296392,42.4341001980001],[-82.948112392,42.434043199],[-82.9459933919999,42.4331721990001],[-82.943874391,42.4323021980001],[-82.94128439,42.4312371980001],[-82.94079239,42.4314891980001],[-82.9404203889999,42.431337198],[-82.9400603889999,42.431190198],[-82.9398323889999,42.431097198],[-82.9400793899999,42.430757198],[-82.937979388,42.4298851980001],[-82.9376483889999,42.429749198],[-82.934649387,42.4285191980001],[-82.934611388,42.428503198],[-82.932632386,42.4276821980001],[-82.932445387,42.427651198],[-82.930264386,42.4267141980001],[-82.928509385,42.4259761980001],[-82.928305385,42.425872198],[-82.9280113849999,42.4262611980001],[-82.927882385,42.426191198],[-82.927660385,42.426070198],[-82.927499385,42.425983198],[-82.9273103849999,42.4258811980001],[-82.9271553849999,42.425797198]]]},"properties":{"OBJECTID":31,"zipcode":"48224"}},{"type":"Feature","id":32,"geometry":{"type":"Polygon","coordinates":[[[-82.940652975,42.4502346080001],[-82.940661985,42.450224194],[-82.9418183179999,42.4490373720001],[-82.941905877,42.4489439640001],[-82.942221057,42.4486077300001],[-82.9425106149999,42.4482797320001],[-82.942597249,42.448170245],[-82.942983244,42.447656753],[-82.943128099,42.4474679520001],[-82.943142824,42.4474500010001],[-82.943299036,42.4472411610001],[-82.9436934569999,42.446713856],[-82.943964961,42.4463505140001],[-82.944684673,42.4453970590001],[-82.945274073,42.4446073790001],[-82.945745431,42.4439822570001],[-82.9460477929999,42.4435760760001],[-82.946274512,42.443272316],[-82.946574972,42.4428692600001],[-82.947044107,42.442244556],[-82.9473324369999,42.4418612470001],[-82.947402062,42.4417558660001],[-82.947449488,42.4416804630001],[-82.947761128,42.4412662890001],[-82.9480781569999,42.4408447960001],[-82.948477958,42.4403114240001],[-82.948774917,42.439938125],[-82.948888358,42.439798173],[-82.9491091799999,42.43950658],[-82.949468196,42.439028702],[-82.9496720399999,42.438756525],[-82.950186495,42.438069587],[-82.9507068509999,42.437382325],[-82.9507690149999,42.4372999010001],[-82.950820087,42.437232282],[-82.951228579,42.4366914490001],[-82.9515237849999,42.436297499],[-82.950925059,42.436273096],[-82.951277605,42.435809229],[-82.950800096,42.435613017],[-82.949814535,42.4352080400001],[-82.94777548,42.434373668],[-82.945656105,42.4335032280001],[-82.943533036,42.432637475],[-82.940336663,42.431329346],[-82.9373030459999,42.4300902540001],[-82.9342633529999,42.4288456900001],[-82.93211558,42.427968422],[-82.929910852,42.4270652710001],[-82.9279277059999,42.426253573],[-82.9277984299999,42.426183458],[-82.9275764989999,42.426063089],[-82.927415615,42.425975829],[-82.927226713,42.425873374],[-82.927071499,42.4257891880001],[-82.926532509,42.4255669780001],[-82.925619293,42.4251879390001],[-82.92467271,42.4247941090001],[-82.923733905,42.4244061740001],[-82.9227895929999,42.424016678],[-82.921816241,42.4236132030001],[-82.920857742,42.423217933],[-82.919808065,42.422784047],[-82.918562234,42.422276305],[-82.917912483,42.4220128040001],[-82.917340149,42.421782255],[-82.916328903,42.421380943],[-82.916331381,42.4213621980001],[-82.916583381,42.4210141980001],[-82.918870382,42.421975197],[-82.918645382,42.4222841970001],[-82.9198913819999,42.422791198],[-82.920941383,42.4232251980001],[-82.921899383,42.423621198],[-82.922873383,42.424024198],[-82.923817384,42.4244141980001],[-82.924756384,42.4248011980001],[-82.925703384,42.425195198],[-82.9266163839999,42.425574198],[-82.9271553849999,42.425797198],[-82.9273103849999,42.4258811980001],[-82.927499385,42.425983198],[-82.927660385,42.426070198],[-82.927882385,42.426191198],[-82.9280113849999,42.4262611980001],[-82.928305385,42.425872198],[-82.928509385,42.4259761980001],[-82.930264386,42.4267141980001],[-82.932445387,42.427651198],[-82.932632386,42.4276821980001],[-82.934611388,42.428503198],[-82.934649387,42.4285191980001],[-82.9376483889999,42.429749198],[-82.937979388,42.4298851980001],[-82.9400793899999,42.430757198],[-82.9398323889999,42.431097198],[-82.9400603889999,42.431190198],[-82.9404203889999,42.431337198],[-82.94079239,42.4314891980001],[-82.94128439,42.4312371980001],[-82.943874391,42.4323021980001],[-82.9459933919999,42.4331721990001],[-82.948112392,42.434043199],[-82.948296392,42.4341001980001],[-82.950038392,42.4348131990001],[-82.950162393,42.4348641980001],[-82.9508063919999,42.4351281990001],[-82.951583393,42.4354491980001],[-82.951378393,42.4357221980001],[-82.951361393,42.4358171980001],[-82.951830394,42.4360091980001],[-82.951607393,42.4363051990001],[-82.951806393,42.436381199],[-82.952047393,42.4364911980001],[-82.952207393,42.4365561980001],[-82.952253393,42.436566199],[-82.952298394,42.4365691990001],[-82.952236394,42.4366431980001],[-82.9517503929999,42.4372901990001],[-82.951716393,42.4372731990001],[-82.951575393,42.4374761990001],[-82.951514393,42.4375641990001],[-82.9508953929999,42.438382199],[-82.950767393,42.438540199],[-82.9501973929999,42.4392931990001],[-82.950158393,42.439352199],[-82.949507393,42.4402022000001],[-82.9494063929999,42.4403391990001],[-82.948900393,42.4410102000001],[-82.948822393,42.4411112000001],[-82.9482163919999,42.4419182],[-82.9481263929999,42.4420201990001],[-82.948040393,42.4421422],[-82.9474503929999,42.4429612000001],[-82.947056392,42.4429652000001],[-82.947010392,42.4429602000001],[-82.946883392,42.4429302],[-82.946805392,42.4430442],[-82.946400392,42.4436932],[-82.946131393,42.4441142000001],[-82.946206392,42.4442692000001],[-82.946224393,42.4448392],[-82.946249393,42.4457312010001],[-82.9456003919999,42.4457402],[-82.945558392,42.445736201],[-82.945012392,42.4464002010001],[-82.944811392,42.446667201],[-82.944128392,42.4475692010001],[-82.944067392,42.4476502010001],[-82.9435393919999,42.448350201],[-82.943431392,42.448487201],[-82.9426853909999,42.449426201],[-82.942220391,42.4492132010001],[-82.9412873909999,42.450238201],[-82.941240391,42.450238201],[-82.940984391,42.4502352010001],[-82.9407453919999,42.4502322010001],[-82.940673392,42.450234202],[-82.940652975,42.4502346080001]]]},"properties":{"OBJECTID":32,"zipcode":"48225"}},{"type":"Feature","id":33,"geometry":{"type":"Polygon","coordinates":[[[-83.039834411,42.3308771750001],[-83.040059411,42.330789175],[-83.041045411,42.330368176],[-83.040857411,42.3300861760001],[-83.0406074099999,42.3297801750001],[-83.041270411,42.329468175],[-83.0411664109999,42.3293301750001],[-83.040804411,42.328845175],[-83.03875041,42.3295671750001],[-83.03749241,42.330145175],[-83.03740741,42.3301961760001],[-83.0378184099999,42.3308091760001],[-83.035812409,42.3316801760001],[-83.03537841,42.331042176],[-83.035197409,42.330777176],[-83.03503541,42.330546176],[-83.0348524089999,42.330284175],[-83.0349644089999,42.3302401760001],[-83.03701341,42.329586175],[-83.037001409,42.3295671750001],[-83.0369844099999,42.329540175],[-83.0369624099999,42.3295051750001],[-83.036858409,42.3293301750001],[-83.03684541,42.3292721760001],[-83.03685541,42.3292291760001],[-83.03687941,42.329174175],[-83.03695641,42.3291211750001],[-83.0371624099999,42.3290171750001],[-83.03789941,42.3286511750001],[-83.03911441,42.328157175],[-83.040173411,42.327742175],[-83.04047941,42.3276381750001],[-83.0405754109999,42.3276351750001],[-83.040706411,42.327652175],[-83.040770411,42.3276771750001],[-83.04075141,42.3276081750001],[-83.040635411,42.327378175],[-83.042712411,42.3267151750001],[-83.042830411,42.326679175],[-83.0473014129999,42.3253411740001],[-83.049166413,42.3248431740001],[-83.051915414,42.324023174],[-83.052086414,42.324364173],[-83.052510414,42.324256174],[-83.053860415,42.323896173],[-83.0544834139999,42.3237301730001],[-83.059898416,42.322290173],[-83.065577418,42.3200331720001],[-83.065627418,42.320134172],[-83.065702417,42.3202631720001],[-83.0657924179999,42.3204191720001],[-83.0659274179999,42.3206511720001],[-83.066184418,42.321108172],[-83.066327418,42.3213621730001],[-83.066149418,42.321672172],[-83.065966418,42.3216381720001],[-83.0658124179999,42.3216151730001],[-83.065604418,42.3216101730001],[-83.0654114179999,42.3216301730001],[-83.065197418,42.321711172],[-83.0649824179999,42.3217661730001],[-83.064825417,42.3218201720001],[-83.064657417,42.321887173],[-83.063968417,42.322184173],[-83.063875418,42.3222181730001],[-83.0632974169999,42.322409173],[-83.0625984169999,42.322631173],[-83.0621044169999,42.3228241730001],[-83.060213416,42.3235511730001],[-83.0599474159999,42.323650173],[-83.059485416,42.3238391730001],[-83.060465416,42.325087173],[-83.0611624159999,42.3259791740001],[-83.059885416,42.3265371730001],[-83.060526416,42.3273481740001],[-83.061026417,42.3279821740001],[-83.0611584169999,42.3281611740001],[-83.063636418,42.327092174],[-83.064268418,42.327897174],[-83.063073418,42.328413174],[-83.063705418,42.3292181740001],[-83.064340418,42.3300251740001],[-83.064972419,42.3308321740001],[-83.065331419,42.3312861740001],[-83.065481418,42.331433174],[-83.0640074179999,42.3314411740001],[-83.063714418,42.331454175],[-83.0638584179999,42.331660174],[-83.064049419,42.331995174],[-83.0644794189999,42.3327491740001],[-83.0637224179999,42.332986175],[-83.063599418,42.3328181750001],[-83.063438419,42.332628175],[-83.063145418,42.332260175],[-83.062564418,42.331740175],[-83.0623504179999,42.331521175],[-83.062167417,42.3315361740001],[-83.061892418,42.331557175],[-83.061677418,42.3315721750001],[-83.061510418,42.3315801750001],[-83.061419417,42.331584175],[-83.061324418,42.331588174],[-83.061189417,42.331594174],[-83.061489418,42.331858174],[-83.061659417,42.332011175],[-83.062162417,42.3325861750001],[-83.0630044179999,42.333662175],[-83.0630704179999,42.333747175],[-83.063612419,42.334441175],[-83.063829418,42.3347111750001],[-83.0641914189999,42.335283175],[-83.064009418,42.3353181750001],[-83.062943418,42.3355601750001],[-83.062465418,42.335662175],[-83.0617624179999,42.3358121750001],[-83.060959418,42.3359911750001],[-83.060308418,42.3361481750001],[-83.060083418,42.336204175],[-83.0598754169999,42.335977175],[-83.059790418,42.335864175],[-83.059421417,42.335216175],[-83.058994417,42.334465175],[-83.057685416,42.334877175],[-83.056295416,42.3353151760001],[-83.056552416,42.3354231750001],[-83.0552634159999,42.3359811760001],[-83.0543244149999,42.3363851760001],[-83.052982415,42.336965176],[-83.051342415,42.3376741760001],[-83.050028415,42.3382381760001],[-83.050520415,42.3388641770001],[-83.050987415,42.339458177],[-83.049648415,42.3400361770001],[-83.047970414,42.340762177],[-83.048441414,42.3414681770001],[-83.048480415,42.341526177],[-83.0485184139999,42.3415851770001],[-83.0485404149999,42.341620177],[-83.0485634139999,42.3416541770001],[-83.048686414,42.341839177],[-83.047823415,42.3421511770001],[-83.0462464139999,42.342693178],[-83.0459754139999,42.3427931780001],[-83.044522413,42.343335177],[-83.0442214129999,42.343442177],[-83.044081413,42.3435011780001],[-83.043803413,42.343601178],[-83.043760413,42.343377178],[-83.043700413,42.3431161780001],[-83.043623413,42.3428701770001],[-83.0435054129999,42.3425451780001],[-83.0433924129999,42.3423481770001],[-83.043352413,42.3422831770001],[-83.043242413,42.3421051770001],[-83.043101413,42.3418921780001],[-83.042952413,42.341683177],[-83.042732413,42.341397177],[-83.042563413,42.3411961780001],[-83.042360413,42.340990177],[-83.042213412,42.340857177],[-83.042155413,42.340810177],[-83.042007412,42.3406871770001],[-83.0413484119999,42.3401691770001],[-83.040545411,42.3395391770001],[-83.040458411,42.3394421770001],[-83.0402484109999,42.339260177],[-83.0400874119999,42.339101177],[-83.039936411,42.3389351770001],[-83.039627411,42.338530177],[-83.039173411,42.3378771770001],[-83.0388484109999,42.337386177],[-83.038407411,42.336712177],[-83.038611411,42.336624176],[-83.0380014099999,42.3357331770001],[-83.0379054109999,42.335609176],[-83.037962411,42.335582177],[-83.0383084109999,42.3354211760001],[-83.037189411,42.333794176],[-83.0370974109999,42.333672176],[-83.03688341,42.333363176],[-83.03682741,42.333270176],[-83.03673041,42.333109176],[-83.03666441,42.332999176],[-83.03629641,42.3324291760001],[-83.038031411,42.331669176],[-83.03830541,42.3315491760001],[-83.03911541,42.3311641760001],[-83.039834411,42.3308771750001]]]},"properties":{"OBJECTID":33,"zipcode":"48226"}},{"type":"Feature","id":34,"geometry":{"type":"Polygon","coordinates":[[[-83.169772458,42.409543183],[-83.1697564579999,42.4091521830001],[-83.169137458,42.4091771830001],[-83.169118457,42.4084721830001],[-83.169064458,42.407698183],[-83.1690594579999,42.407631182],[-83.168999458,42.4060251820001],[-83.168998458,42.405881182],[-83.168894457,42.4041321820001],[-83.168895457,42.4040691820001],[-83.168823457,42.4026681820001],[-83.169425458,42.4026231820001],[-83.169406457,42.402237181],[-83.169299457,42.400044181],[-83.169228457,42.398561181],[-83.169189457,42.397752181],[-83.169057456,42.39503918],[-83.169029456,42.39446918],[-83.168993456,42.39373018],[-83.168991456,42.39368318],[-83.168986456,42.3935791800001],[-83.168717456,42.39357518],[-83.1683704559999,42.39357118],[-83.1681664559999,42.39357518],[-83.168048456,42.3935811800001],[-83.166938455,42.3936061800001],[-83.166697455,42.39361818],[-83.1660694549999,42.3936501800001],[-83.164597455,42.3936711800001],[-83.1639434539999,42.3936681800001],[-83.163310455,42.39366618],[-83.163323454,42.39348218],[-83.163248454,42.39156518],[-83.164626454,42.3915281800001],[-83.1656924549999,42.39150118],[-83.166757456,42.3914731800001],[-83.167821455,42.3914461800001],[-83.1683254559999,42.39143518],[-83.168259456,42.39016718],[-83.1682554559999,42.39007918],[-83.168179456,42.3882701790001],[-83.168072455,42.385850179],[-83.1680944549999,42.385850179],[-83.168386455,42.385831179],[-83.168626455,42.385809179],[-83.168613455,42.3854781790001],[-83.168606455,42.385291178],[-83.168600456,42.385115179],[-83.168593455,42.384935178],[-83.168582455,42.3846241790001],[-83.168063455,42.384679179],[-83.168026455,42.3835401790001],[-83.1680774549999,42.383418178],[-83.167919454,42.3805121780001],[-83.168202455,42.3805051780001],[-83.168456455,42.380499178],[-83.1683964539999,42.379828178],[-83.1683944549999,42.379756178],[-83.168390455,42.3796731780001],[-83.168366454,42.379079177],[-83.1677644549999,42.378853178],[-83.167690454,42.375610177],[-83.167614454,42.373248177],[-83.1675424539999,42.3710621760001],[-83.167471454,42.3688741760001],[-83.167378453,42.366017175],[-83.1679324529999,42.366006175],[-83.169141453,42.365982176],[-83.169769454,42.365968175],[-83.170390454,42.3659551750001],[-83.170392454,42.366804175],[-83.170444454,42.366799175],[-83.170461454,42.367095175],[-83.170996455,42.3670831750001],[-83.170966455,42.366303175],[-83.171611455,42.3662891750001],[-83.172820455,42.366262175],[-83.1740684549999,42.366234175],[-83.175180456,42.3662091750001],[-83.1753044559999,42.3662071750001],[-83.176517456,42.3661831750001],[-83.177741457,42.3661601750001],[-83.178918456,42.3661371750001],[-83.178904457,42.3657741750001],[-83.180127457,42.3657471750001],[-83.182478457,42.365696174],[-83.183858458,42.3656661740001],[-83.185068458,42.3656431740001],[-83.186284459,42.3656171740001],[-83.187506459,42.365590174],[-83.18859946,42.365567174],[-83.1886834599999,42.3680501750001],[-83.1897634599999,42.3680251750001],[-83.18967746,42.365539174],[-83.19075946,42.365516174],[-83.191844461,42.365492174],[-83.1929744609999,42.3654671740001],[-83.194048461,42.3654431740001],[-83.1940094609999,42.365542174],[-83.194019462,42.365809174],[-83.1951084609999,42.365792174],[-83.1961934619999,42.3657761740001],[-83.196182462,42.3654841740001],[-83.1961934619999,42.365398174],[-83.197290462,42.3653731730001],[-83.197289462,42.365570174],[-83.1972954619999,42.3657521740001],[-83.198495463,42.3657311740001],[-83.198596462,42.3657291740001],[-83.199707463,42.3657101740001],[-83.199794463,42.365709173],[-83.200922464,42.3656911740001],[-83.201012463,42.3656901740001],[-83.2020844629999,42.3656711740001],[-83.203312464,42.3656491740001],[-83.204517465,42.365627173],[-83.204504465,42.3652691730001],[-83.205709465,42.3652471730001],[-83.2069674649999,42.3652251730001],[-83.2081744659999,42.365205173],[-83.209381466,42.365186173],[-83.210589466,42.365166173],[-83.211814467,42.365146173],[-83.2130524669999,42.3651261730001],[-83.214256467,42.3651031730001],[-83.214951468,42.3650891730001],[-83.2152354679999,42.3651311720001],[-83.2154634679999,42.365164173],[-83.215945468,42.365234173],[-83.215963468,42.365237173],[-83.216146468,42.365256173],[-83.2163874679999,42.3652681730001],[-83.216572468,42.3652671730001],[-83.2166234689999,42.3688861730001],[-83.216773469,42.3722631740001],[-83.216589469,42.3722651740001],[-83.216662469,42.3741081740001],[-83.216668469,42.374254174],[-83.216682469,42.3743821740001],[-83.2166944689999,42.3747841740001],[-83.216767469,42.376440174],[-83.2168314689999,42.3774551750001],[-83.2168704699999,42.378081175],[-83.2168774689999,42.378253175],[-83.216887469,42.378417175],[-83.2168964699999,42.3784931750001],[-83.2169164699999,42.378647175],[-83.216929469,42.378758175],[-83.2169354689999,42.3788111750001],[-83.216955469,42.378959175],[-83.21696747,42.3790551750001],[-83.21701747,42.3794641750001],[-83.21704347,42.3797081750001],[-83.216908469,42.3797091750001],[-83.21698847,42.380368176],[-83.216995469,42.380577176],[-83.2169834699999,42.3808311760001],[-83.21692247,42.381295175],[-83.21688147,42.3815551760001],[-83.216933469,42.382062176],[-83.21695647,42.3821801760001],[-83.216615469,42.382853176],[-83.21656647,42.3844171760001],[-83.21674747,42.385679177],[-83.21682347,42.386732177],[-83.216906471,42.3891151770001],[-83.216991471,42.391510177],[-83.217107471,42.3939231780001],[-83.217146471,42.395586178],[-83.217198472,42.3977751780001],[-83.2178984709999,42.397760179],[-83.217933471,42.398937179],[-83.217973472,42.399315179],[-83.217972472,42.3998411790001],[-83.2179944709999,42.4005881790001],[-83.2179914719999,42.4007181790001],[-83.217903472,42.401026179],[-83.2179024719999,42.401137179],[-83.217895472,42.4016731790001],[-83.217913472,42.402087179],[-83.2179364719999,42.4027291790001],[-83.217952473,42.402945179],[-83.2173154719999,42.40295318],[-83.217365472,42.40476518],[-83.217386472,42.4055121800001],[-83.217434472,42.4065701800001],[-83.217456472,42.4070471800001],[-83.2174974719999,42.40791118],[-83.217726473,42.4079071800001],[-83.217750473,42.40836318],[-83.217454473,42.40836818],[-83.216553472,42.40838518],[-83.216394472,42.40838818],[-83.215301471,42.40840918],[-83.214558471,42.40842718],[-83.214206472,42.4084351810001],[-83.213013471,42.40845418],[-83.211793471,42.4084801810001],[-83.210703471,42.40850318],[-83.20972947,42.4085231810001],[-83.20875447,42.4085501810001],[-83.2076694689999,42.408588181],[-83.2076894689999,42.408966181],[-83.206695469,42.4090001810001],[-83.206606469,42.4090001810001],[-83.206110469,42.4089991810001],[-83.205610469,42.409010181],[-83.205524469,42.4090181810001],[-83.205289469,42.409039181],[-83.205290469,42.4090891810001],[-83.2044454689999,42.4091091810001],[-83.204463468,42.4095441810001],[-83.203260469,42.409569181],[-83.203230468,42.408877181],[-83.203222468,42.408670181],[-83.203106468,42.408808181],[-83.202915468,42.408808181],[-83.2029214679999,42.409097181],[-83.202160468,42.409102181],[-83.202148467,42.408812181],[-83.201945468,42.4088161810001],[-83.2018394679999,42.408696181],[-83.200457467,42.4087271810001],[-83.200494468,42.4096271810001],[-83.200253467,42.4096301810001],[-83.199059467,42.409660181],[-83.199021467,42.408761181],[-83.197825466,42.4087951820001],[-83.196567466,42.408834181],[-83.195310465,42.408872182],[-83.194188465,42.4089051810001],[-83.194203465,42.4093221810001],[-83.192972465,42.4093741820001],[-83.192834465,42.4093801810001],[-83.191736465,42.409416182],[-83.191598465,42.4094201820001],[-83.190424464,42.409457182],[-83.189778464,42.409478182],[-83.189773464,42.409373182],[-83.1892514639999,42.409388182],[-83.189106464,42.409433182],[-83.188113463,42.409461182],[-83.187963464,42.4094651820001],[-83.186950463,42.409496182],[-83.185866462,42.409529182],[-83.184948462,42.4095571820001],[-83.1848654629999,42.409551182],[-83.184850462,42.4092031820001],[-83.183752463,42.4092381820001],[-83.182628462,42.4092721820001],[-83.181575462,42.409304182],[-83.180521461,42.409337183],[-83.1794704609999,42.4093691830001],[-83.17838746,42.409389183],[-83.17730546,42.409407182],[-83.17622546,42.4094261820001],[-83.17514446,42.4094441830001],[-83.174088459,42.4094601830001],[-83.172906459,42.4094821830001],[-83.1718694579999,42.4095061830001],[-83.1708274579999,42.409524183],[-83.169772458,42.409543183]]]},"properties":{"OBJECTID":34,"zipcode":"48227"}},{"type":"Feature","id":35,"geometry":{"type":"Polygon","coordinates":[[[-83.2169354689999,42.3788111750001],[-83.216929469,42.378758175],[-83.2169164699999,42.378647175],[-83.2168964699999,42.3784931750001],[-83.216887469,42.378417175],[-83.2168774689999,42.378253175],[-83.2168704699999,42.378081175],[-83.2168314689999,42.3774551750001],[-83.216767469,42.376440174],[-83.2166944689999,42.3747841740001],[-83.216682469,42.3743821740001],[-83.216668469,42.374254174],[-83.216662469,42.3741081740001],[-83.216589469,42.3722651740001],[-83.216773469,42.3722631740001],[-83.2166234689999,42.3688861730001],[-83.216572468,42.3652671730001],[-83.2163874679999,42.3652681730001],[-83.216146468,42.365256173],[-83.215963468,42.365237173],[-83.215945468,42.365234173],[-83.2154634679999,42.365164173],[-83.2152354679999,42.3651311720001],[-83.214951468,42.3650891730001],[-83.214256467,42.3651031730001],[-83.2130524669999,42.3651261730001],[-83.211814467,42.365146173],[-83.210589466,42.365166173],[-83.209381466,42.365186173],[-83.2081744659999,42.365205173],[-83.2069674649999,42.3652251730001],[-83.205709465,42.3652471730001],[-83.204504465,42.3652691730001],[-83.204517465,42.365627173],[-83.203312464,42.3656491740001],[-83.2020844629999,42.3656711740001],[-83.201012463,42.3656901740001],[-83.200922464,42.3656911740001],[-83.199794463,42.365709173],[-83.199707463,42.3657101740001],[-83.198596462,42.3657291740001],[-83.198495463,42.3657311740001],[-83.1972954619999,42.3657521740001],[-83.197289462,42.365570174],[-83.197290462,42.3653731730001],[-83.1961934619999,42.365398174],[-83.196182462,42.3654841740001],[-83.1961934619999,42.3657761740001],[-83.1951084609999,42.365792174],[-83.194019462,42.365809174],[-83.1940094609999,42.365542174],[-83.194048461,42.3654431740001],[-83.1929744609999,42.3654671740001],[-83.191844461,42.365492174],[-83.19075946,42.365516174],[-83.18967746,42.365539174],[-83.1897634599999,42.3680251750001],[-83.1886834599999,42.3680501750001],[-83.18859946,42.365567174],[-83.187506459,42.365590174],[-83.186284459,42.3656171740001],[-83.185068458,42.3656431740001],[-83.183858458,42.3656661740001],[-83.182478457,42.365696174],[-83.180127457,42.3657471750001],[-83.178904457,42.3657741750001],[-83.178918456,42.3661371750001],[-83.177741457,42.3661601750001],[-83.176517456,42.3661831750001],[-83.1753044559999,42.3662071750001],[-83.175180456,42.3662091750001],[-83.1740684549999,42.366234175],[-83.172820455,42.366262175],[-83.171611455,42.3662891750001],[-83.170966455,42.366303175],[-83.170996455,42.3670831750001],[-83.170461454,42.367095175],[-83.170444454,42.366799175],[-83.170392454,42.366804175],[-83.170390454,42.3659551750001],[-83.169769454,42.365968175],[-83.169141453,42.365982176],[-83.1679324529999,42.366006175],[-83.167378453,42.366017175],[-83.167326453,42.363830175],[-83.167262453,42.3610241750001],[-83.1672104529999,42.358749174],[-83.1670984529999,42.3586371740001],[-83.167086452,42.358363174],[-83.167046453,42.358309174],[-83.166993452,42.3570881740001],[-83.167172452,42.357082174],[-83.167651453,42.3570661740001],[-83.167632453,42.356653174],[-83.167629452,42.356577174],[-83.1676194519999,42.356356174],[-83.167610452,42.356171173],[-83.167597452,42.355886174],[-83.167158452,42.3559031730001],[-83.166951452,42.355911174],[-83.166870452,42.3540341730001],[-83.166862452,42.353928173],[-83.166841452,42.3536491730001],[-83.166791452,42.3523701730001],[-83.166889451,42.3523691730001],[-83.1674384519999,42.352359173],[-83.1673974509999,42.3515071730001],[-83.168507452,42.351483172],[-83.169704453,42.351453172],[-83.1700034519999,42.351449173],[-83.1713724529999,42.3514191730001],[-83.172605453,42.3513921730001],[-83.173762454,42.351367172],[-83.1749204539999,42.351342172],[-83.1760284549999,42.351318173],[-83.177188455,42.3512921720001],[-83.1783844559999,42.3512661720001],[-83.179596455,42.3512401720001],[-83.1819384569999,42.351189172],[-83.1820774569999,42.351187172],[-83.1844834569999,42.3511361720001],[-83.185688458,42.3511111720001],[-83.186771458,42.351093172],[-83.186915458,42.3510871720001],[-83.188107458,42.351061171],[-83.189260458,42.3510401710001],[-83.190287459,42.3510191720001],[-83.191291459,42.3510001710001],[-83.19233546,42.350980172],[-83.19339646,42.350960172],[-83.19445646,42.350939172],[-83.195512461,42.350920171],[-83.196613461,42.350898171],[-83.1965484609999,42.3496031710001],[-83.1964924609999,42.3484291710001],[-83.196436461,42.3472841710001],[-83.19637746,42.3460571700001],[-83.19634646,42.3454641700001],[-83.19631946,42.34488817],[-83.19632846,42.3446271700001],[-83.1962934599999,42.34389717],[-83.1962924599999,42.34367317],[-83.1962914599999,42.34349617],[-83.19622746,42.34195917],[-83.196146459,42.340059169],[-83.1961284599999,42.339690169],[-83.196084685,42.3395703900001],[-83.1961326699999,42.3394347510001],[-83.196135236,42.338365305],[-83.196128412,42.338200962],[-83.196056133,42.33644465],[-83.19613946,42.3364431690001],[-83.197177459,42.336435168],[-83.19829046,42.3364211680001],[-83.19839746,42.336416168],[-83.1985364599999,42.336408169],[-83.19962946,42.3363971690001],[-83.20087046,42.3363761690001],[-83.202114461,42.336361169],[-83.2033544609999,42.3363371680001],[-83.204584462,42.3363271690001],[-83.2058904629999,42.336325168],[-83.207071462,42.336314168],[-83.208292463,42.336296168],[-83.209511464,42.336276168],[-83.210733464,42.336252168],[-83.211997464,42.3362201680001],[-83.2125984639999,42.3362021680001],[-83.212816464,42.3361821680001],[-83.2130414649999,42.3361351670001],[-83.213208464,42.336071168],[-83.2132524639999,42.336054168],[-83.21362937,42.335813316],[-83.213693591,42.3358493470001],[-83.213788122,42.3358956860001],[-83.213945644,42.335961394],[-83.2141201489999,42.3360208820001],[-83.214368097,42.336079134],[-83.21460854,42.33611669],[-83.2146921679999,42.3361241210001],[-83.214692465,42.336124168],[-83.214701968,42.3361249920001],[-83.214805299,42.3361341730001],[-83.2148092029999,42.336134293],[-83.214888465,42.336141168],[-83.215086465,42.336147167],[-83.215419465,42.336143168],[-83.215411465,42.3347371670001],[-83.215398465,42.3335921670001],[-83.215394465,42.333355167],[-83.2153624649999,42.3330691670001],[-83.215281465,42.332221167],[-83.215284464,42.331932167],[-83.215295464,42.331707167],[-83.215399465,42.330340166],[-83.2153854649999,42.329777166],[-83.215366464,42.3291131660001],[-83.215362464,42.329026166],[-83.215362136,42.3290181830001],[-83.2155084729999,42.329015009],[-83.215691256,42.329011043],[-83.2159212559999,42.329006054],[-83.2202985339999,42.3289115910001],[-83.22141415,42.3288867470001],[-83.22259723,42.328861015],[-83.2237903399999,42.3288350540001],[-83.224779026,42.328813532],[-83.225011664,42.3288058420001],[-83.2250334679999,42.3288231660001],[-83.2251528039999,42.3288189040001],[-83.2252456269999,42.3289410450001],[-83.225527219,42.3293696970001],[-83.2263709009999,42.3305783530001],[-83.227628258,42.332377874],[-83.2278302729999,42.332599847],[-83.227885541,42.332579519],[-83.227917469,42.332615166],[-83.228529468,42.332390166],[-83.228946469,42.332237166],[-83.2300944689999,42.331806166],[-83.230122469,42.3317961660001],[-83.23127247,42.3313381660001],[-83.2324544699999,42.3308781660001],[-83.234579848,42.329887801],[-83.234696996,42.330882117],[-83.2348580619999,42.331991104],[-83.234872383,42.332266582],[-83.234893152,42.3327274110001],[-83.234921016,42.333043391],[-83.234967223,42.334270523],[-83.235026059,42.3358346310001],[-83.2351089919999,42.335829462],[-83.235109472,42.3358421670001],[-83.2355314709999,42.3358151670001],[-83.236344472,42.335794166],[-83.237324472,42.335750166],[-83.237488861,42.3357461890001],[-83.237628198,42.339449254],[-83.237751428,42.342650415],[-83.2377673129999,42.3430866240001],[-83.237850131,42.343085225],[-83.2378504719999,42.343094168],[-83.2390144729999,42.343074168],[-83.240019473,42.343055168],[-83.240190473,42.343052168],[-83.241359474,42.343030167],[-83.242509474,42.343013168],[-83.2430804749999,42.3429971670001],[-83.243279474,42.342989167],[-83.243725475,42.3429571670001],[-83.244285475,42.342905167],[-83.244506475,42.3428881670001],[-83.248871476,42.342405167],[-83.252171477,42.342042167],[-83.2522734779999,42.3426701670001],[-83.252312477,42.3428681670001],[-83.252327477,42.3432061670001],[-83.2523054769999,42.3433861670001],[-83.252262477,42.3435821670001],[-83.2522114779999,42.3437411670001],[-83.2521464769999,42.3438981670001],[-83.252066477,42.344050167],[-83.251999477,42.344161167],[-83.251880477,42.3443251670001],[-83.2516884779999,42.3445591670001],[-83.250806477,42.345553167],[-83.250575477,42.3458291680001],[-83.250468476,42.345989167],[-83.250415477,42.3460891670001],[-83.250357477,42.346225168],[-83.250315477,42.346365168],[-83.250289477,42.346500168],[-83.2502794769999,42.3466051680001],[-83.250281477,42.346746168],[-83.2502984769999,42.3468871680001],[-83.2503224769999,42.3469911670001],[-83.250355476,42.3470941680001],[-83.250397477,42.347196168],[-83.2505244769999,42.3474291680001],[-83.250820477,42.3478351680001],[-83.251387477,42.3485861680001],[-83.251510477,42.348722168],[-83.251651478,42.3488491680001],[-83.251777477,42.3489411680001],[-83.251878478,42.3490051680001],[-83.2519844779999,42.349064168],[-83.2521334779999,42.349135168],[-83.252845478,42.349404168],[-83.253462478,42.349631168],[-83.249139476,42.3499671690001],[-83.247829477,42.350118169],[-83.247346476,42.350118169],[-83.247584477,42.3507161680001],[-83.247746476,42.351020169],[-83.2480044769999,42.351314169],[-83.248245477,42.3515131680001],[-83.248466477,42.3516561690001],[-83.2489514769999,42.351889169],[-83.250189478,42.352440168],[-83.2504924779999,42.352593169],[-83.2507014779999,42.352724169],[-83.2508574779999,42.3528301690001],[-83.250998478,42.3529481690001],[-83.251121478,42.3530771690001],[-83.2511934779999,42.3531671690001],[-83.251256478,42.3532611690001],[-83.2513604769999,42.353405169],[-83.251462478,42.353590169],[-83.251542478,42.3537821690001],[-83.2515984779999,42.3539771690001],[-83.2516264779999,42.3541361690001],[-83.251639478,42.3543361690001],[-83.251627478,42.354537169],[-83.2515984779999,42.354705169],[-83.2515544779999,42.3548591690001],[-83.251496478,42.3550111690001],[-83.251424478,42.3551591690001],[-83.251337478,42.355302169],[-83.251233478,42.3554471690001],[-83.2504304779999,42.356486169],[-83.2503864779999,42.3565491700001],[-83.250351478,42.3566131700001],[-83.2503184779999,42.3567021690001],[-83.250300478,42.3568171690001],[-83.2503174779999,42.3573171690001],[-83.2504304779999,42.35916917],[-83.2504314779999,42.3593071700001],[-83.250416478,42.35945517],[-83.2503854779999,42.3596021700001],[-83.250339478,42.3597471700001],[-83.250277478,42.35988817],[-83.250200478,42.36002617],[-83.250102478,42.3601651700001],[-83.250021478,42.36026417],[-83.2499334779999,42.36035917],[-83.2498374779999,42.36045017],[-83.2497354779999,42.36053717],[-83.249625478,42.3606201700001],[-83.248645478,42.3612461710001],[-83.248422478,42.36139517],[-83.248299478,42.3614911700001],[-83.248217478,42.3615651700001],[-83.248142478,42.361643171],[-83.248032477,42.36178017],[-83.247943477,42.3619261700001],[-83.2479004779999,42.3620161710001],[-83.2478654779999,42.362108171],[-83.2478384779999,42.36220217],[-83.247816477,42.362314171],[-83.247805477,42.362444171],[-83.247807478,42.362541171],[-83.2478174779999,42.36263817],[-83.2478434779999,42.36276617],[-83.247872477,42.3628611710001],[-83.2479104779999,42.3629541710001],[-83.2479724779999,42.363075171],[-83.2480244779999,42.3631571710001],[-83.248300478,42.363525171],[-83.2486534779999,42.3639481710001],[-83.2487374779999,42.3640611710001],[-83.2489014779999,42.3642791710001],[-83.248961478,42.364378171],[-83.2490134779999,42.364478171],[-83.249064478,42.3645941710001],[-83.249107478,42.3647121710001],[-83.2491414779999,42.364832171],[-83.249173479,42.364992171],[-83.249187478,42.3651141710001],[-83.2491924779999,42.365236171],[-83.2491894789999,42.365358171],[-83.249177478,42.3654801710001],[-83.249156478,42.365601171],[-83.2491264779999,42.3657211710001],[-83.249088478,42.3658391710001],[-83.249041478,42.365959171],[-83.249000478,42.366118171],[-83.248974478,42.3662571720001],[-83.2489574789999,42.3663961710001],[-83.248949478,42.3665351710001],[-83.2489674779999,42.366723171],[-83.2490104779999,42.366909171],[-83.249047478,42.367019171],[-83.249093478,42.367128172],[-83.249147479,42.367234171],[-83.2492094789999,42.367337171],[-83.249278478,42.3674381710001],[-83.249356479,42.367536171],[-83.249441478,42.3676301720001],[-83.249545478,42.367732172],[-83.2499994789999,42.368123171],[-83.250307479,42.3683941720001],[-83.250417479,42.3684801710001],[-83.250574479,42.368588172],[-83.2507854789999,42.3687111720001],[-83.2509184789999,42.368778171],[-83.25105648,42.368839172],[-83.251296479,42.368928172],[-83.251545479,42.369001171],[-83.251690479,42.369034172],[-83.25181448,42.3690571720001],[-83.25210248,42.3690961720001],[-83.25226148,42.3691081710001],[-83.252421479,42.369114172],[-83.252688479,42.369109171],[-83.25295348,42.369085172],[-83.25316248,42.3690541710001],[-83.25423548,42.3688291720001],[-83.25437748,42.3693621720001],[-83.25478148,42.3697981720001],[-83.254949481,42.370032171],[-83.2553964799999,42.3704961720001],[-83.255492481,42.371701172],[-83.255547481,42.3720661720001],[-83.25543248,42.372401172],[-83.2549244799999,42.373025172],[-83.254600481,42.373323172],[-83.25417248,42.3735791730001],[-83.2533294799999,42.373829172],[-83.25260248,42.373941173],[-83.25196948,42.373972173],[-83.25158148,42.3739531730001],[-83.25090248,42.373816172],[-83.25024548,42.3736921730001],[-83.248888479,42.3734571730001],[-83.248169478,42.3737571720001],[-83.247722478,42.3741171730001],[-83.2474794789999,42.3747851730001],[-83.2476304779999,42.3753031730001],[-83.247977479,42.375881173],[-83.248116479,42.3759651730001],[-83.248383479,42.3758911730001],[-83.2491194789999,42.375436173],[-83.249837479,42.3751811720001],[-83.250410479,42.375112173],[-83.2508064789999,42.375183173],[-83.25137548,42.3751911730001],[-83.25218648,42.375247173],[-83.2533914799999,42.375598172],[-83.2540634799999,42.3759361730001],[-83.255067481,42.376717173],[-83.255466481,42.3771291730001],[-83.256005482,42.377549173],[-83.2563404809999,42.3778971730001],[-83.256327482,42.378134173],[-83.256264481,42.378313173],[-83.256093482,42.378516173],[-83.255965481,42.3787481730001],[-83.2558684809999,42.3788601730001],[-83.255856482,42.378924173],[-83.246415478,42.378989174],[-83.241437478,42.379034174],[-83.240194477,42.379046174],[-83.239939477,42.3790411740001],[-83.238959477,42.379048174],[-83.238877477,42.3790451740001],[-83.238353476,42.379007174],[-83.238110476,42.3789761740001],[-83.237747476,42.378919174],[-83.237236476,42.3788411740001],[-83.236956476,42.378784174],[-83.236563476,42.3787261740001],[-83.236565475,42.3787711740001],[-83.2365754749999,42.378933174],[-83.236584476,42.3790711740001],[-83.2365954759999,42.3792441740001],[-83.236618476,42.3796671740001],[-83.2366294759999,42.379859174],[-83.2366384759999,42.380039175],[-83.236650476,42.380264174],[-83.236657475,42.380470174],[-83.236510476,42.380374174],[-83.235498475,42.3797161740001],[-83.234901475,42.379368174],[-83.234498475,42.3791481740001],[-83.234203475,42.379008174],[-83.233888475,42.378847174],[-83.233189474,42.3785661740001],[-83.232812474,42.378448174],[-83.232465475,42.3783621740001],[-83.232184474,42.3782981740001],[-83.231857474,42.3782311740001],[-83.231476474,42.378179174],[-83.231269474,42.3781571740001],[-83.2308114739999,42.3781201740001],[-83.230364473,42.3780901740001],[-83.2297594729999,42.378060174],[-83.229304473,42.3780451740001],[-83.228696473,42.378032175],[-83.228174473,42.3780271740001],[-83.227652473,42.3780281740001],[-83.227130473,42.378036174],[-83.226630472,42.3780491750001],[-83.2260884729999,42.3780711740001],[-83.225545473,42.378098175],[-83.224982472,42.3781341750001],[-83.224492472,42.378171174],[-83.224019472,42.378213175],[-83.223446472,42.3782721750001],[-83.222936471,42.3783331750001],[-83.2225194709999,42.378389175],[-83.221174471,42.378553175],[-83.2196184699999,42.3787191750001],[-83.21899347,42.3787611750001],[-83.21852447,42.3787851750001],[-83.21789747,42.3788061750001],[-83.2178654699999,42.3788061750001],[-83.2173474699999,42.3788091750001],[-83.21721347,42.3788111750001],[-83.2171214699999,42.3788121750001],[-83.21705847,42.3788131750001],[-83.2169834699999,42.3788111750001],[-83.2169354689999,42.3788111750001]]]},"properties":{"OBJECTID":35,"zipcode":"48228"}},{"type":"Feature","id":38,"geometry":{"type":"Polygon","coordinates":[[[-83.066149418,42.321672172],[-83.066389418,42.3217921730001],[-83.0665124179999,42.321876172],[-83.066618418,42.321967172],[-83.066676419,42.3220371730001],[-83.066730418,42.322117172],[-83.066771418,42.322189173],[-83.0668494179999,42.322362172],[-83.066679418,42.322435173],[-83.0657054179999,42.322851173],[-83.065303418,42.3230231730001],[-83.0630274169999,42.3239961730001],[-83.061663417,42.3245811730001],[-83.060465416,42.325087173],[-83.059485416,42.3238391730001],[-83.0599474159999,42.323650173],[-83.060213416,42.3235511730001],[-83.0621044169999,42.3228241730001],[-83.0625984169999,42.322631173],[-83.0632974169999,42.322409173],[-83.063875418,42.3222181730001],[-83.063968417,42.322184173],[-83.064657417,42.321887173],[-83.064825417,42.3218201720001],[-83.0649824179999,42.3217661730001],[-83.065197418,42.321711172],[-83.0654114179999,42.3216301730001],[-83.065604418,42.3216101730001],[-83.0658124179999,42.3216151730001],[-83.065966418,42.3216381720001],[-83.066149418,42.321672172]]]},"properties":{"OBJECTID":38,"zipcode":"48233"}},{"type":"Feature","id":39,"geometry":{"type":"Polygon","coordinates":[[[-83.01324141,42.419090193],[-83.01351341,42.4193471930001],[-83.0135894109999,42.419434193],[-83.0136364099999,42.419503192],[-83.01368741,42.4195991930001],[-83.0137214109999,42.4196891920001],[-83.018035412,42.4195971930001],[-83.0194574129999,42.4195671920001],[-83.019348413,42.4195431920001],[-83.019232412,42.4194671920001],[-83.019157412,42.4193991920001],[-83.018700412,42.418913192],[-83.0178994119999,42.4180681920001],[-83.0175914119999,42.4177531920001],[-83.0167584119999,42.4168971920001],[-83.015610411,42.4157261920001],[-83.015014411,42.415113191],[-83.0144724099999,42.4145491910001],[-83.01387941,42.413924191],[-83.01326441,42.4132631910001],[-83.0129624099999,42.4129361920001],[-83.01266641,42.4126041920001],[-83.012077409,42.411942191],[-83.011903409,42.4117461910001],[-83.010651409,42.410429191],[-83.0104254089999,42.410190191],[-83.0095464089999,42.4093201910001],[-83.008501408,42.4082861910001],[-83.008450408,42.4082101910001],[-83.008429408,42.408162191],[-83.0084204079999,42.4081241910001],[-83.0084154079999,42.408094191],[-83.008428408,42.4080361910001],[-83.008459408,42.407954191],[-83.008517408,42.4078571910001],[-83.008563408,42.40780319],[-83.008616408,42.407753191],[-83.0087184079999,42.4076781910001],[-83.008836408,42.407618191],[-83.01503841,42.4052461900001],[-83.01515141,42.40521919],[-83.01520341,42.40521419],[-83.01721241,42.4051611900001],[-83.018379411,42.405129189],[-83.018291411,42.402762189],[-83.018282411,42.402496189],[-83.0230604119999,42.402340189],[-83.023004412,42.400961189],[-83.023472412,42.4009761890001],[-83.0278314129999,42.400901188],[-83.027911414,42.4008931880001],[-83.027957414,42.4008821890001],[-83.027999414,42.4008651890001],[-83.027993414,42.4005501880001],[-83.027982414,42.4001891880001],[-83.027960413,42.399457188],[-83.027937414,42.3987221880001],[-83.027903413,42.397682188],[-83.0282584129999,42.397677188],[-83.0292454139999,42.397662188],[-83.030227414,42.3976451880001],[-83.031213414,42.3976311880001],[-83.032200415,42.397614188],[-83.033227414,42.3975981880001],[-83.034301415,42.3975791880001],[-83.034369415,42.3975781870001],[-83.0347124149999,42.397568187],[-83.034856415,42.3975621880001],[-83.034966415,42.3975571880001],[-83.035172416,42.4048051890001],[-83.0354774159999,42.4047961890001],[-83.037368417,42.4047591890001],[-83.0376514169999,42.404748189],[-83.0377424169999,42.404725189],[-83.037816417,42.404694189],[-83.037891417,42.4047741890001],[-83.037884417,42.404945188],[-83.037870417,42.405489189],[-83.037804417,42.405554189],[-83.037594417,42.405786189],[-83.037054417,42.406408189],[-83.0357384169999,42.407924189],[-83.035350416,42.4084031900001],[-83.0351534169999,42.4088781900001],[-83.035013416,42.40906719],[-83.030025415,42.4158211910001],[-83.029113415,42.4170661910001],[-83.0276894149999,42.418967191],[-83.0273064149999,42.419438191],[-83.026022415,42.4211821920001],[-83.025668415,42.421685193],[-83.025445414,42.4219871920001],[-83.0249394149999,42.422673192],[-83.024570415,42.4231741930001],[-83.024288415,42.423603192],[-83.023873415,42.423611193],[-83.0238904139999,42.424064193],[-83.023902414,42.424407193],[-83.0239314139999,42.425176193],[-83.023959415,42.4259451930001],[-83.023972414,42.426316193],[-83.0249204149999,42.426318193],[-83.0274174159999,42.4262671930001],[-83.0274124159999,42.426178193],[-83.0279044159999,42.426159193],[-83.028138416,42.426156193],[-83.0288334159999,42.4261481930001],[-83.0289624169999,42.4262391930001],[-83.030254417,42.426187193],[-83.031874417,42.426166193],[-83.033722418,42.4261241930001],[-83.033723417,42.4262141930001],[-83.033702418,42.4262881930001],[-83.033678417,42.4263301930001],[-83.0335334169999,42.4265351930001],[-83.0360064179999,42.426476193],[-83.037278418,42.4264471930001],[-83.038643419,42.426411192],[-83.040014419,42.4263811920001],[-83.04134642,42.426350192],[-83.04242542,42.426324192],[-83.0430634209999,42.4263081920001],[-83.04348642,42.426297192],[-83.043442421,42.4254331920001],[-83.043438421,42.425347192],[-83.043407421,42.4247331920001],[-83.045134421,42.424685192],[-83.0456764209999,42.424648192],[-83.046089421,42.424614192],[-83.046516422,42.424572192],[-83.046630421,42.424547191],[-83.046723421,42.424501192],[-83.0468004209999,42.424452192],[-83.0468674209999,42.4243981910001],[-83.046969421,42.424289192],[-83.047009421,42.424227192],[-83.047060422,42.424181192],[-83.047130422,42.424163192],[-83.048321422,42.424162192],[-83.051007423,42.424090192],[-83.051780423,42.4240661920001],[-83.053203423,42.4240221920001],[-83.0541074239999,42.4240161910001],[-83.0553414239999,42.424010191],[-83.057800425,42.4239321910001],[-83.058061425,42.4239371910001],[-83.058171425,42.423961191],[-83.058243425,42.4239981910001],[-83.058609425,42.424250191],[-83.058662425,42.4242911910001],[-83.058727425,42.4243191910001],[-83.058844425,42.424329191],[-83.0613694259999,42.424301191],[-83.0615514259999,42.4243091910001],[-83.061674426,42.4243321910001],[-83.061792426,42.424385191],[-83.061917426,42.424481191],[-83.062048426,42.424573191],[-83.062176426,42.4246231910001],[-83.062295427,42.424645191],[-83.062674427,42.4246541910001],[-83.062702426,42.4257801910001],[-83.062710427,42.4259091910001],[-83.0637214269999,42.425893191],[-83.0638864259999,42.4258901910001],[-83.0647204269999,42.425882191],[-83.0650824269999,42.425876191],[-83.0657094269999,42.4258671910001],[-83.0663164279999,42.425859191],[-83.0667034269999,42.425854191],[-83.066686428,42.4251041910001],[-83.067669428,42.425088191],[-83.067722428,42.4250801910001],[-83.067997428,42.424975191],[-83.068618428,42.4258421910001],[-83.069099428,42.4258401910001],[-83.070082429,42.425829191],[-83.070647429,42.4258171910001],[-83.070818429,42.4258171910001],[-83.071062429,42.4258161910001],[-83.071660429,42.425807191],[-83.0720454299999,42.4258031910001],[-83.072807429,42.4257941910001],[-83.07371743,42.425783191],[-83.07442943,42.4257761900001],[-83.07472243,42.4257721910001],[-83.0754874309999,42.425760191],[-83.075744431,42.4257561910001],[-83.07646943,42.425745191],[-83.07690543,42.4257391900001],[-83.077439431,42.4257321900001],[-83.0779824309999,42.42572719],[-83.078449431,42.425723191],[-83.0790834319999,42.42571819],[-83.0795144319999,42.4257161900001],[-83.080004431,42.4257111910001],[-83.080150432,42.4256911900001],[-83.0805464319999,42.42563319],[-83.081511432,42.42549519],[-83.082548432,42.4253481900001],[-83.083219433,42.42525219],[-83.0833384329999,42.428267191],[-83.0833844329999,42.430473191],[-83.0834964329999,42.432896192],[-83.083449434,42.4353591920001],[-83.083561434,42.437716192],[-83.083675434,42.440089193],[-83.083790434,42.4424941930001],[-83.083906434,42.444934193],[-83.083313435,42.4449451930001],[-83.083355435,42.445795194],[-83.083320435,42.445945194],[-83.083294435,42.4460261940001],[-83.083157434,42.446127194],[-83.083270434,42.4463411940001],[-83.0833434349999,42.446664194],[-83.083362434,42.4468111940001],[-83.083390435,42.447028194],[-83.083392477,42.4470669940001],[-83.083307335,42.4470205150001],[-83.083136439,42.4471502880001],[-83.081291434,42.447073194],[-83.081041434,42.4470631940001],[-83.080167433,42.447074194],[-83.0798024329999,42.447078194],[-83.079634433,42.4470801940001],[-83.0790934339999,42.4470861940001],[-83.078737433,42.4470901940001],[-83.0780014329999,42.447099194],[-83.077865433,42.447101194],[-83.077758433,42.4471021940001],[-83.076914432,42.4471121940001],[-83.076644433,42.4471151940001],[-83.0754174319999,42.4471271940001],[-83.075077433,42.4471311940001],[-83.074186432,42.447141194],[-83.0740804319999,42.447143194],[-83.0736134319999,42.4471501940001],[-83.0735294309999,42.4471511940001],[-83.0731634319999,42.4471561940001],[-83.073027431,42.447158194],[-83.072844432,42.4471601940001],[-83.072500432,42.447164195],[-83.072340431,42.447166194],[-83.0720414309999,42.4471701940001],[-83.071874431,42.4471721950001],[-83.071473431,42.447177195],[-83.0714354309999,42.4471781940001],[-83.0710504309999,42.447183194],[-83.0708294309999,42.447186194],[-83.070586431,42.4471891950001],[-83.070366431,42.447191194],[-83.070038431,42.447195195],[-83.0699464309999,42.4471961940001],[-83.0694744309999,42.4472011940001],[-83.069285431,42.447203194],[-83.069029431,42.447205195],[-83.06880143,42.447208194],[-83.068357431,42.4472141950001],[-83.06820143,42.4472161940001],[-83.06799643,42.4472191950001],[-83.0675014289999,42.447225195],[-83.06712943,42.447230195],[-83.06694543,42.447232195],[-83.06660743,42.4472351950001],[-83.0664164299999,42.4472371950001],[-83.066066429,42.4472411940001],[-83.06593043,42.4472421950001],[-83.0657264289999,42.4472441950001],[-83.065630429,42.447245195],[-83.065122429,42.447252195],[-83.064995429,42.447254195],[-83.064940429,42.447255195],[-83.0638814289999,42.4472661950001],[-83.062843428,42.447296195],[-83.0627904289999,42.447297195],[-83.062661428,42.4473011950001],[-83.0622144279999,42.447313195],[-83.062053428,42.447317195],[-83.061682428,42.4473261950001],[-83.061500428,42.4473311950001],[-83.061306428,42.447336195],[-83.060940428,42.4473461950001],[-83.0603944279999,42.447360195],[-83.059866428,42.4473741950001],[-83.0594044279999,42.447387195],[-83.0593164269999,42.447389195],[-83.059172427,42.4473921950001],[-83.058657427,42.447404195],[-83.0584354269999,42.447409195],[-83.058357427,42.447411195],[-83.057459427,42.447433195],[-83.0573374269999,42.4474361950001],[-83.056228426,42.4474631950001],[-83.055930426,42.447470195],[-83.054646426,42.447501195],[-83.054061426,42.4475151950001],[-83.053898426,42.447519195],[-83.053751426,42.447522195],[-83.053499426,42.4475291950001],[-83.053478426,42.4475291950001],[-83.052988426,42.447541196],[-83.052536426,42.4475521950001],[-83.052421425,42.4475551950001],[-83.052267425,42.447559196],[-83.051876425,42.4475691960001],[-83.051500425,42.447579196],[-83.051283425,42.447584196],[-83.051065425,42.4475891960001],[-83.050732424,42.447597196],[-83.050402425,42.447604195],[-83.049835424,42.4476161960001],[-83.049730425,42.4476181960001],[-83.049477424,42.4476251960001],[-83.048697424,42.447648196],[-83.048673424,42.447649196],[-83.0476204239999,42.447671196],[-83.047574424,42.447672196],[-83.046995424,42.4476861960001],[-83.046558423,42.447697196],[-83.0464764229999,42.447699196],[-83.0461844229999,42.4477091960001],[-83.046085423,42.4477121960001],[-83.0454894229999,42.4477321960001],[-83.045402423,42.447735196],[-83.044286423,42.4477731960001],[-83.044123423,42.4477761960001],[-83.043963423,42.4477801960001],[-83.043950423,42.4477801960001],[-83.043430423,42.4477931960001],[-83.0428994219999,42.447806196],[-83.042276422,42.4478221960001],[-83.042197422,42.447824196],[-83.041944423,42.447830196],[-83.040192421,42.447869196],[-83.039421421,42.4478821960001],[-83.0393684219999,42.4478831960001],[-83.037440421,42.4479271960001],[-83.037048421,42.4479361960001],[-83.03662542,42.447937197],[-83.034717419,42.447943196],[-83.03452342,42.447944196],[-83.033308419,42.447965196],[-83.03283842,42.447977197],[-83.032743419,42.4479801960001],[-83.0326704189999,42.447982197],[-83.032100419,42.4479961960001],[-83.030831419,42.448024197],[-83.0306224189999,42.448029197],[-83.0296354179999,42.448053197],[-83.0295624179999,42.448055197],[-83.028410418,42.4480831970001],[-83.0283964179999,42.4480831970001],[-83.027689418,42.448100197],[-83.027587417,42.4481031970001],[-83.0275464169999,42.4481041970001],[-83.0271884169999,42.4481111970001],[-83.026779418,42.448121197],[-83.0259654179999,42.4481391970001],[-83.024749417,42.448167197],[-83.023617416,42.4481961970001],[-83.023603416,42.4481961970001],[-83.0228164159999,42.4482181970001],[-83.022559417,42.4482251970001],[-83.022358416,42.448230197],[-83.022098416,42.448237197],[-83.0219424159999,42.4482411970001],[-83.021503415,42.448254197],[-83.021482416,42.448255197],[-83.020647415,42.448279197],[-83.019846415,42.448304197],[-83.019723415,42.4483081980001],[-83.019413415,42.4483171970001],[-83.0175854139999,42.448372197],[-83.017428415,42.4483771970001],[-83.016870415,42.4483941980001],[-83.016243414,42.448410198],[-83.016080415,42.448414197],[-83.0156924139999,42.4484241980001],[-83.015322414,42.448434197],[-83.014912414,42.4484441970001],[-83.014629413,42.448451198],[-83.014378413,42.448458197],[-83.014177414,42.4484631970001],[-83.013119413,42.4484891980001],[-83.012918413,42.448494198],[-83.0124934129999,42.448504197],[-83.012449413,42.4485051980001],[-83.012103413,42.4485131980001],[-83.0110154129999,42.448540198],[-83.010802412,42.448545197],[-83.010736412,42.448548198],[-83.010298413,42.448565198],[-83.010084412,42.4485741980001],[-83.0093044119999,42.448615198],[-83.007614412,42.4487141980001],[-83.0073764109999,42.448727198],[-83.007278411,42.4487331980001],[-83.007199412,42.4487371980001],[-83.006949412,42.448750198],[-83.006276411,42.448784198],[-83.006077412,42.448792198],[-83.0058894109999,42.4488001980001],[-83.005538411,42.448814198],[-83.0067204109999,42.447196198],[-83.010850412,42.4416911970001],[-83.010796412,42.441684197],[-83.010765412,42.441680197],[-83.010654412,42.441666196],[-83.0091534109999,42.441565196],[-83.008085411,42.441592197],[-83.007049411,42.4416201970001],[-83.006014411,42.4416471970001],[-83.00544741,42.441661197],[-83.0053974099999,42.440194197],[-83.00540141,42.4400891970001],[-83.00534841,42.438670196],[-83.00526641,42.436461196],[-83.005191409,42.434422195],[-83.004696409,42.434434196],[-83.004674409,42.434050195],[-83.0051974089999,42.4340431950001],[-83.0051264089999,42.4326331950001],[-83.0051334089999,42.430830195],[-83.004963409,42.429015195],[-83.0049994089999,42.4286901950001],[-83.0049074089999,42.427221194],[-83.004793408,42.4254011940001],[-83.004828408,42.4241641930001],[-83.0048164089999,42.423824193],[-83.004759409,42.422181193],[-83.004653408,42.419945193],[-83.005207408,42.419946193],[-83.0062394079999,42.4199161930001],[-83.0062114089999,42.419537193],[-83.007979409,42.419250193],[-83.008389409,42.4196261920001],[-83.008883409,42.4194461920001],[-83.00897141,42.4194431930001],[-83.01037441,42.4193911930001],[-83.01185241,42.419337193],[-83.01279941,42.419302192],[-83.01324141,42.419090193]]]},"properties":{"OBJECTID":39,"zipcode":"48234"}},{"type":"Feature","id":40,"geometry":{"type":"Polygon","coordinates":[[[-83.169772458,42.409543183],[-83.1708274579999,42.409524183],[-83.1718694579999,42.4095061830001],[-83.172906459,42.4094821830001],[-83.174088459,42.4094601830001],[-83.17514446,42.4094441830001],[-83.17622546,42.4094261820001],[-83.17730546,42.409407182],[-83.17838746,42.409389183],[-83.1794704609999,42.4093691830001],[-83.180521461,42.409337183],[-83.181575462,42.409304182],[-83.182628462,42.4092721820001],[-83.183752463,42.4092381820001],[-83.184850462,42.4092031820001],[-83.1848654629999,42.409551182],[-83.184948462,42.4095571820001],[-83.185866462,42.409529182],[-83.186950463,42.409496182],[-83.187963464,42.4094651820001],[-83.188113463,42.409461182],[-83.189106464,42.409433182],[-83.1892514639999,42.409388182],[-83.189773464,42.409373182],[-83.189778464,42.409478182],[-83.190424464,42.409457182],[-83.191598465,42.4094201820001],[-83.191736465,42.409416182],[-83.192834465,42.4093801810001],[-83.192972465,42.4093741820001],[-83.194203465,42.4093221810001],[-83.194188465,42.4089051810001],[-83.195310465,42.408872182],[-83.196567466,42.408834181],[-83.197825466,42.4087951820001],[-83.199021467,42.408761181],[-83.199059467,42.409660181],[-83.200253467,42.4096301810001],[-83.200494468,42.4096271810001],[-83.200457467,42.4087271810001],[-83.2018394679999,42.408696181],[-83.201945468,42.4088161810001],[-83.202148467,42.408812181],[-83.202160468,42.409102181],[-83.2029214679999,42.409097181],[-83.202915468,42.408808181],[-83.203106468,42.408808181],[-83.203222468,42.408670181],[-83.203230468,42.408877181],[-83.203260469,42.409569181],[-83.204463468,42.4095441810001],[-83.2044454689999,42.4091091810001],[-83.205290469,42.4090891810001],[-83.205289469,42.409039181],[-83.205524469,42.4090181810001],[-83.205610469,42.409010181],[-83.206110469,42.4089991810001],[-83.206606469,42.4090001810001],[-83.206695469,42.4090001810001],[-83.2076894689999,42.408966181],[-83.2076694689999,42.408588181],[-83.20875447,42.4085501810001],[-83.20972947,42.4085231810001],[-83.210703471,42.40850318],[-83.211793471,42.4084801810001],[-83.213013471,42.40845418],[-83.214206472,42.4084351810001],[-83.214558471,42.40842718],[-83.215301471,42.40840918],[-83.216394472,42.40838818],[-83.216553472,42.40838518],[-83.217454473,42.40836818],[-83.217750473,42.40836318],[-83.217899473,42.40836118],[-83.2182314729999,42.4083501800001],[-83.218536473,42.40834018],[-83.2186414729999,42.4101301800001],[-83.2186864729999,42.410883181],[-83.218710473,42.411760181],[-83.218710473,42.4119221810001],[-83.218731474,42.413539181],[-83.218730474,42.413766181],[-83.2187164739999,42.415561182],[-83.2187214739999,42.4161121820001],[-83.218754474,42.417441182],[-83.218824473,42.4190811820001],[-83.218831474,42.419275182],[-83.218962474,42.4227931830001],[-83.219029474,42.4249371830001],[-83.219075474,42.426389183],[-83.2191254749999,42.427369184],[-83.219142474,42.427709184],[-83.219144475,42.4277431830001],[-83.2191504749999,42.4278581830001],[-83.219158475,42.4283251840001],[-83.2192374749999,42.430028184],[-83.219315476,42.4320601840001],[-83.219336475,42.432612185],[-83.2193734749999,42.4336401850001],[-83.219544476,42.437245185],[-83.219733476,42.4372421850001],[-83.219914476,42.4372391850001],[-83.220440476,42.4372341850001],[-83.220547476,42.438961186],[-83.2206084759999,42.4407701860001],[-83.220670476,42.4425921860001],[-83.2206264769999,42.4426561860001],[-83.220661477,42.4436471860001],[-83.220139477,42.4436471860001],[-83.220147476,42.443977186],[-83.2201544769999,42.444174187],[-83.2198074769999,42.444181186],[-83.219630476,42.444184186],[-83.21963526,42.4443497080001],[-83.219554338,42.444350995],[-83.219206382,42.4443594470001],[-83.2166633159999,42.44441434],[-83.213708443,42.444492854],[-83.2112994249999,42.4445412260001],[-83.210765592,42.444554989],[-83.210680205,42.4445560120001],[-83.207733214,42.444639044],[-83.205817704,42.444691017],[-83.20482049,42.4447173520001],[-83.2039306569999,42.4447377880001],[-83.2035535369999,42.4447473180001],[-83.203302406,42.444752674],[-83.202982918,42.4447593580001],[-83.2025721529999,42.444769412],[-83.201593691,42.444789664],[-83.200884867,42.444810041],[-83.2004449149999,42.4448397250001],[-83.1998496849999,42.4448895840001],[-83.198213685,42.44498135],[-83.1965590999999,42.4450460620001],[-83.193133989,42.4450966420001],[-83.190719595,42.445147364],[-83.1857933159999,42.445245189],[-83.183068033,42.445308921],[-83.180927017,42.4453434480001],[-83.1786033169999,42.445391607],[-83.1755335139999,42.4454543420001],[-83.173417837,42.445498409],[-83.1712690309999,42.445544211],[-83.171262462,42.445407189],[-83.1707114609999,42.4454171890001],[-83.170612461,42.4430781890001],[-83.170515461,42.4407351880001],[-83.1704194599999,42.4384461880001],[-83.170996461,42.4384411880001],[-83.170926461,42.436627187],[-83.170356461,42.4366441880001],[-83.17030146,42.435409188],[-83.170299461,42.435354187],[-83.17038046,42.435352188],[-83.170874461,42.435342188],[-83.17086146,42.4350061870001],[-83.170858461,42.434921187],[-83.1708504599999,42.434718187],[-83.170674461,42.434567187],[-83.17066146,42.4342321870001],[-83.17027046,42.4342341870001],[-83.17025346,42.4338061870001],[-83.170223461,42.433036187],[-83.17017046,42.4316881870001],[-83.17072046,42.4316881870001],[-83.17070246,42.431257187],[-83.17066546,42.4302751870001],[-83.17065046,42.429863186],[-83.17063646,42.429450186],[-83.17057346,42.427631186],[-83.17009946,42.4276421860001],[-83.1699924599999,42.425900186],[-83.16998246,42.425832186],[-83.1699064599999,42.424011185],[-83.16939346,42.4240221860001],[-83.168341459,42.4240431860001],[-83.168327458,42.423915186],[-83.1679734579999,42.423920186],[-83.167960459,42.4236181850001],[-83.167759458,42.4236221850001],[-83.167701458,42.4223321860001],[-83.167910459,42.422341186],[-83.167824458,42.420384185],[-83.1691224579999,42.4203491850001],[-83.1691624589999,42.420342185],[-83.169201459,42.420320185],[-83.169220458,42.420299185],[-83.169229459,42.420268185],[-83.169154458,42.418526184],[-83.1700424589999,42.418502184],[-83.170208459,42.418501184],[-83.1701594579999,42.417413185],[-83.170133458,42.4166641840001],[-83.1712114589999,42.416654184],[-83.171858459,42.416650184],[-83.1720654589999,42.416649184],[-83.17183046,42.416403184],[-83.170008459,42.414426184],[-83.169991458,42.4141921830001],[-83.169990458,42.414174184],[-83.169986458,42.4139621840001],[-83.1698864589999,42.411979183],[-83.1692614579999,42.4119821830001],[-83.169190457,42.409973183],[-83.169787458,42.409951183],[-83.169772458,42.409543183]]]},"properties":{"OBJECTID":40,"zipcode":"48235"}},{"type":"Feature","id":41,"geometry":{"type":"Polygon","coordinates":[[[-82.916328903,42.421380943],[-82.9162489679999,42.4213492210001],[-82.916179402,42.421329869],[-82.916032117,42.421272297],[-82.9152298239999,42.420946993],[-82.9147397579999,42.420744578],[-82.9144861249999,42.4206483090001],[-82.914378658,42.420642296],[-82.914314835,42.420637164],[-82.914266035,42.420629051],[-82.914201987,42.420612711],[-82.9135155769999,42.4203294750001],[-82.913470661,42.420308283],[-82.913443747,42.4202916930001],[-82.913408061,42.420260184],[-82.913372082,42.420218682],[-82.913309361,42.420157073],[-82.913190562,42.420088744],[-82.91045596,42.4190217670001],[-82.91034368,42.419015478],[-82.910407145,42.4183799730001],[-82.910454677,42.417890351],[-82.910467431,42.4178008110001],[-82.910554431,42.417190061],[-82.910571315,42.4171179630001],[-82.910610729,42.4169496660001],[-82.910693916,42.4165944590001],[-82.9108657469999,42.4160207210001],[-82.911111772,42.4154218470001],[-82.91123315,42.4151478860001],[-82.9114211359999,42.41472358],[-82.911663501,42.4141918390001],[-82.9120342749999,42.413408632],[-82.912312288,42.412768369],[-82.912477377,42.4123909080001],[-82.912583522,42.4121482130001],[-82.912808033,42.411634875],[-82.912890085,42.411459849],[-82.913091615,42.4110299650001],[-82.913218026,42.4107603150001],[-82.913608284,42.409927822],[-82.913817802,42.409480871],[-82.914363259,42.408317261],[-82.9148558059999,42.407266474],[-82.914862994,42.40725128],[-82.91493938,42.4072741950001],[-82.914446379,42.408325195],[-82.913901379,42.409488196],[-82.913948379,42.409561196],[-82.9140763789999,42.409757196],[-82.9152413799999,42.411448196],[-82.91549938,42.4118221960001],[-82.91561738,42.412010196],[-82.91565238,42.4120501960001],[-82.916416381,42.4131671960001],[-82.917405381,42.4146031970001],[-82.9176913809999,42.415021197],[-82.918305381,42.4159191960001],[-82.9185223809999,42.416238197],[-82.919193381,42.4172251970001],[-82.9196163819999,42.4178501970001],[-82.920216382,42.4187491970001],[-82.9206603819999,42.4194001970001],[-82.9207003819999,42.4194751970001],[-82.9217183819999,42.419885197],[-82.922866383,42.4203511970001],[-82.923993384,42.420807197],[-82.925620384,42.421467197],[-82.925892384,42.421373197],[-82.9261903839999,42.4212701970001],[-82.926418384,42.4216291970001],[-82.926848384,42.421481197],[-82.928231384,42.4220641970001],[-82.928294385,42.422086197],[-82.929646385,42.422631197],[-82.9293553849999,42.4230041970001],[-82.929047385,42.423415197],[-82.9286823849999,42.423865198],[-82.928511385,42.4240811980001],[-82.9284063849999,42.424213197],[-82.928149385,42.424538198],[-82.928035385,42.4246841980001],[-82.9279653849999,42.424772198],[-82.9278953849999,42.4248591970001],[-82.9271553849999,42.425797198],[-82.9266163839999,42.425574198],[-82.925703384,42.425195198],[-82.924756384,42.4248011980001],[-82.923817384,42.4244141980001],[-82.922873383,42.424024198],[-82.921899383,42.423621198],[-82.920941383,42.4232251980001],[-82.9198913819999,42.422791198],[-82.918645382,42.4222841970001],[-82.918870382,42.421975197],[-82.916583381,42.4210141980001],[-82.916331381,42.4213621980001],[-82.916328903,42.421380943]]]},"properties":{"OBJECTID":41,"zipcode":"48236"}},{"type":"Feature","id":42,"geometry":{"type":"Polygon","coordinates":[[[-83.106885437,42.395015184],[-83.107218437,42.3948951830001],[-83.1073884369999,42.394834184],[-83.106272437,42.3933031830001],[-83.105980437,42.3929121830001],[-83.107037437,42.3924891830001],[-83.107303437,42.392887183],[-83.1078404369999,42.3926941830001],[-83.1084034369999,42.3924891830001],[-83.108137437,42.392099183],[-83.109491437,42.3916091830001],[-83.1098574379999,42.391466183],[-83.110131438,42.391862183],[-83.110204438,42.3919681830001],[-83.1103794379999,42.3919021830001],[-83.110656438,42.391799182],[-83.110405438,42.3913391830001],[-83.110663438,42.391241183],[-83.1122194389999,42.390650183],[-83.1153904389999,42.3894491820001],[-83.11876144,42.3881721820001],[-83.121468441,42.387146181],[-83.124158442,42.3861271810001],[-83.127572443,42.384834181],[-83.127842443,42.3852421810001],[-83.128378443,42.3850241810001],[-83.128064443,42.38454718],[-83.1301504429999,42.38377518],[-83.1320104439999,42.3830481800001],[-83.1351574449999,42.38181918],[-83.135570445,42.38224818],[-83.136005445,42.38208418],[-83.136585445,42.38186218],[-83.1365544449999,42.381732179],[-83.136411445,42.38152618],[-83.136334445,42.3814151790001],[-83.138823445,42.3804621790001],[-83.138830446,42.38057618],[-83.138855446,42.3810001800001],[-83.139307446,42.38082918],[-83.1393214459999,42.38119318],[-83.139846446,42.3811771800001],[-83.140390446,42.381165179],[-83.1414814459999,42.381144179],[-83.142567447,42.381122179],[-83.1436984469999,42.3811001790001],[-83.143994447,42.3810941790001],[-83.144210447,42.3810891790001],[-83.145066447,42.381072179],[-83.145181448,42.3810701790001],[-83.1461794479999,42.381050179],[-83.146456448,42.3810441790001],[-83.146641448,42.3810411790001],[-83.1469674479999,42.381034179],[-83.147200448,42.381030179],[-83.147432448,42.3810251790001],[-83.148120449,42.381011179],[-83.149053449,42.380991179],[-83.1495774489999,42.3809801790001],[-83.15059945,42.3809541790001],[-83.1516844489999,42.3809281790001],[-83.15282045,42.380900179],[-83.1539084509999,42.380873179],[-83.154876451,42.380848179],[-83.155861451,42.3808231780001],[-83.156844451,42.3807991780001],[-83.157825451,42.3807741780001],[-83.1588384519999,42.380747178],[-83.159923452,42.3807201780001],[-83.160335453,42.3807081780001],[-83.160458453,42.3807101780001],[-83.1609924529999,42.380691178],[-83.162049453,42.3806631780001],[-83.163102453,42.380636178],[-83.164135453,42.380611178],[-83.164231453,42.3806091780001],[-83.165234454,42.380581178],[-83.165462454,42.3805751780001],[-83.166300454,42.3805541780001],[-83.167364455,42.380526178],[-83.167919454,42.3805121780001],[-83.1680774549999,42.383418178],[-83.168026455,42.3835401790001],[-83.168063455,42.384679179],[-83.168582455,42.3846241790001],[-83.168593455,42.384935178],[-83.168600456,42.385115179],[-83.168606455,42.385291178],[-83.168613455,42.3854781790001],[-83.168626455,42.385809179],[-83.168386455,42.385831179],[-83.1680944549999,42.385850179],[-83.168072455,42.385850179],[-83.168179456,42.3882701790001],[-83.1682554559999,42.39007918],[-83.168259456,42.39016718],[-83.1683254559999,42.39143518],[-83.167821455,42.3914461800001],[-83.166757456,42.3914731800001],[-83.1656924549999,42.39150118],[-83.164626454,42.3915281800001],[-83.163248454,42.39156518],[-83.163323454,42.39348218],[-83.163310455,42.39366618],[-83.1639434539999,42.3936681800001],[-83.164597455,42.3936711800001],[-83.1660694549999,42.3936501800001],[-83.166697455,42.39361818],[-83.166938455,42.3936061800001],[-83.168048456,42.3935811800001],[-83.1681664559999,42.39357518],[-83.1683704559999,42.39357118],[-83.168717456,42.39357518],[-83.168986456,42.3935791800001],[-83.168991456,42.39368318],[-83.168993456,42.39373018],[-83.169029456,42.39446918],[-83.169057456,42.39503918],[-83.169189457,42.397752181],[-83.169228457,42.398561181],[-83.169299457,42.400044181],[-83.169406457,42.402237181],[-83.169425458,42.4026231820001],[-83.168823457,42.4026681820001],[-83.168895457,42.4040691820001],[-83.168894457,42.4041321820001],[-83.168998458,42.405881182],[-83.168999458,42.4060251820001],[-83.1690594579999,42.407631182],[-83.169064458,42.407698183],[-83.169118457,42.4084721830001],[-83.169137458,42.4091771830001],[-83.1697564579999,42.4091521830001],[-83.169772458,42.409543183],[-83.169169457,42.4095521830001],[-83.168693457,42.4095601830001],[-83.1676414569999,42.4095801830001],[-83.1665774569999,42.4095991830001],[-83.1655264569999,42.4096171830001],[-83.1653914569999,42.4096191830001],[-83.165178456,42.4096241830001],[-83.164985456,42.409628183],[-83.164774456,42.409633183],[-83.1643394559999,42.409639183],[-83.1632564559999,42.409659183],[-83.162167455,42.409679183],[-83.1610794549999,42.409698183],[-83.160008455,42.4097151830001],[-83.158935454,42.409726183],[-83.1578394539999,42.409739183],[-83.156745454,42.409749183],[-83.1556544539999,42.4097611840001],[-83.1545964529999,42.409772183],[-83.153644453,42.4097811840001],[-83.153358453,42.409784184],[-83.152652452,42.409791184],[-83.152156453,42.4097951840001],[-83.150959452,42.4098061840001],[-83.1508034519999,42.409808184],[-83.1497864519999,42.4098181840001],[-83.148841451,42.409828184],[-83.148646451,42.409830184],[-83.147864452,42.4098391840001],[-83.147504451,42.4098431840001],[-83.1468844509999,42.409850184],[-83.146329451,42.409855184],[-83.145908451,42.409859184],[-83.14485945,42.4098691840001],[-83.1437854499999,42.409879184],[-83.1427104489999,42.4098891840001],[-83.141635449,42.409899184],[-83.140541449,42.409912185],[-83.139500448,42.4099311840001],[-83.138549449,42.409948184],[-83.138370448,42.4099511840001],[-83.137568448,42.409966185],[-83.137274448,42.409971184],[-83.1365894479999,42.409984185],[-83.136178448,42.409992184],[-83.135607447,42.4100021840001],[-83.134981447,42.410013185],[-83.134621447,42.410012184],[-83.133759447,42.410023185],[-83.133632447,42.4100241850001],[-83.1326574459999,42.4100381850001],[-83.1325234459999,42.4100411850001],[-83.131683446,42.4100611850001],[-83.131319446,42.4100701850001],[-83.130706446,42.4100861850001],[-83.130086445,42.410097185],[-83.1297304459999,42.4101071850001],[-83.128928445,42.4101311850001],[-83.128752445,42.4101351850001],[-83.127811445,42.410162185],[-83.127693445,42.410163185],[-83.126658445,42.4101821850001],[-83.126430445,42.410188186],[-83.125423444,42.410211185],[-83.125222445,42.4102171850001],[-83.123991444,42.4102441850001],[-83.122767443,42.4102721850001],[-83.122089443,42.4102871850001],[-83.121558443,42.410300185],[-83.120460443,42.410324186],[-83.119482443,42.410346185],[-83.1185334419999,42.410368186],[-83.117528441,42.410391186],[-83.117502442,42.4099731850001],[-83.1170274419999,42.409986185],[-83.116923441,42.4083071850001],[-83.1164224409999,42.4083961850001],[-83.116418442,42.4083311860001],[-83.116400441,42.408049185],[-83.115762441,42.4081451860001],[-83.1157484409999,42.4081911850001],[-83.115714441,42.408229185],[-83.11401544,42.405803185],[-83.11331344,42.4046811850001],[-83.11327744,42.404624185],[-83.11323744,42.404562185],[-83.11319644,42.4045011850001],[-83.11216044,42.4031291840001],[-83.11209344,42.4030391850001],[-83.11157644,42.4022961840001],[-83.111122439,42.4016431840001],[-83.110675439,42.400979184],[-83.110214438,42.4002991840001],[-83.1098404379999,42.399748184],[-83.1097414389999,42.3996051840001],[-83.109370438,42.3990571840001],[-83.109288438,42.398937184],[-83.1092544379999,42.398888184],[-83.109216438,42.398871184],[-83.109123438,42.398757184],[-83.109054438,42.398625184],[-83.1090524379999,42.398593184],[-83.1089164379999,42.398394184],[-83.1088904379999,42.3983561840001],[-83.1087104389999,42.398093184],[-83.108567438,42.3978841840001],[-83.1085554379999,42.397857184],[-83.1079664379999,42.396977184],[-83.1077664379999,42.396680184],[-83.1071384369999,42.3957481840001],[-83.107019437,42.395470184],[-83.106885437,42.395015184]]]},"properties":{"OBJECTID":42,"zipcode":"48238"}},{"type":"Feature","id":43,"geometry":{"type":"MultiPolygon","coordinates":[[[[-83.2508064789999,42.375183173],[-83.250410479,42.375112173],[-83.249837479,42.3751811720001],[-83.2491194789999,42.375436173],[-83.248383479,42.3758911730001],[-83.248116479,42.3759651730001],[-83.247977479,42.375881173],[-83.2476304779999,42.3753031730001],[-83.2474794789999,42.3747851730001],[-83.247722478,42.3741171730001],[-83.248169478,42.3737571720001],[-83.248888479,42.3734571730001],[-83.25024548,42.3736921730001],[-83.25090248,42.373816172],[-83.25158148,42.3739531730001],[-83.25196948,42.373972173],[-83.25260248,42.373941173],[-83.2533294799999,42.373829172],[-83.25417248,42.3735791730001],[-83.254600481,42.373323172],[-83.2549244799999,42.373025172],[-83.25543248,42.372401172],[-83.255547481,42.3720661720001],[-83.255492481,42.371701172],[-83.2553964799999,42.3704961720001],[-83.254949481,42.370032171],[-83.25478148,42.3697981720001],[-83.25437748,42.3693621720001],[-83.25423548,42.3688291720001],[-83.25316248,42.3690541710001],[-83.25295348,42.369085172],[-83.252688479,42.369109171],[-83.252421479,42.369114172],[-83.25226148,42.3691081710001],[-83.25210248,42.3690961720001],[-83.25181448,42.3690571720001],[-83.251690479,42.369034172],[-83.251545479,42.369001171],[-83.251296479,42.368928172],[-83.25105648,42.368839172],[-83.2509184789999,42.368778171],[-83.2507854789999,42.3687111720001],[-83.250574479,42.368588172],[-83.250417479,42.3684801710001],[-83.250307479,42.3683941720001],[-83.2499994789999,42.368123171],[-83.249545478,42.367732172],[-83.249441478,42.3676301720001],[-83.249356479,42.367536171],[-83.249278478,42.3674381710001],[-83.2492094789999,42.367337171],[-83.249147479,42.367234171],[-83.249093478,42.367128172],[-83.249047478,42.367019171],[-83.2490104779999,42.366909171],[-83.2489674779999,42.366723171],[-83.248949478,42.3665351710001],[-83.2489574789999,42.3663961710001],[-83.248974478,42.3662571720001],[-83.249000478,42.366118171],[-83.249041478,42.365959171],[-83.249088478,42.3658391710001],[-83.2491264779999,42.3657211710001],[-83.249156478,42.365601171],[-83.249177478,42.3654801710001],[-83.2491894789999,42.365358171],[-83.2491924779999,42.365236171],[-83.249187478,42.3651141710001],[-83.249173479,42.364992171],[-83.2491414779999,42.364832171],[-83.249107478,42.3647121710001],[-83.249064478,42.3645941710001],[-83.2490134779999,42.364478171],[-83.248961478,42.364378171],[-83.2489014779999,42.3642791710001],[-83.2487374779999,42.3640611710001],[-83.2486534779999,42.3639481710001],[-83.248300478,42.363525171],[-83.2480244779999,42.3631571710001],[-83.2479724779999,42.363075171],[-83.2479104779999,42.3629541710001],[-83.247872477,42.3628611710001],[-83.2478434779999,42.36276617],[-83.2478174779999,42.36263817],[-83.247807478,42.362541171],[-83.247805477,42.362444171],[-83.247816477,42.362314171],[-83.2478384779999,42.36220217],[-83.2478654779999,42.362108171],[-83.2479004779999,42.3620161710001],[-83.247943477,42.3619261700001],[-83.248032477,42.36178017],[-83.248142478,42.361643171],[-83.248217478,42.3615651700001],[-83.248299478,42.3614911700001],[-83.248422478,42.36139517],[-83.248645478,42.3612461710001],[-83.249625478,42.3606201700001],[-83.2497354779999,42.36053717],[-83.2498374779999,42.36045017],[-83.2499334779999,42.36035917],[-83.250021478,42.36026417],[-83.250102478,42.3601651700001],[-83.250200478,42.36002617],[-83.250277478,42.35988817],[-83.250339478,42.3597471700001],[-83.2503854779999,42.3596021700001],[-83.250416478,42.35945517],[-83.2504314779999,42.3593071700001],[-83.2504304779999,42.35916917],[-83.2503174779999,42.3573171690001],[-83.250300478,42.3568171690001],[-83.2503184779999,42.3567021690001],[-83.250351478,42.3566131700001],[-83.2503864779999,42.3565491700001],[-83.2504304779999,42.356486169],[-83.251233478,42.3554471690001],[-83.251337478,42.355302169],[-83.251424478,42.3551591690001],[-83.251496478,42.3550111690001],[-83.2515544779999,42.3548591690001],[-83.2515984779999,42.354705169],[-83.251627478,42.354537169],[-83.251639478,42.3543361690001],[-83.2516264779999,42.3541361690001],[-83.2515984779999,42.3539771690001],[-83.251542478,42.3537821690001],[-83.251462478,42.353590169],[-83.2513604769999,42.353405169],[-83.251256478,42.3532611690001],[-83.2511934779999,42.3531671690001],[-83.251121478,42.3530771690001],[-83.250998478,42.3529481690001],[-83.2508574779999,42.3528301690001],[-83.2507014779999,42.352724169],[-83.2504924779999,42.352593169],[-83.250189478,42.352440168],[-83.2489514769999,42.351889169],[-83.248466477,42.3516561690001],[-83.248245477,42.3515131680001],[-83.2480044769999,42.351314169],[-83.247746476,42.351020169],[-83.247584477,42.3507161680001],[-83.247346476,42.350118169],[-83.247829477,42.350118169],[-83.249139476,42.3499671690001],[-83.253462478,42.349631168],[-83.252845478,42.349404168],[-83.2521334779999,42.349135168],[-83.2519844779999,42.349064168],[-83.251878478,42.3490051680001],[-83.251777477,42.3489411680001],[-83.251651478,42.3488491680001],[-83.251510477,42.348722168],[-83.251387477,42.3485861680001],[-83.250820477,42.3478351680001],[-83.2505244769999,42.3474291680001],[-83.250397477,42.347196168],[-83.250355476,42.3470941680001],[-83.2503224769999,42.3469911670001],[-83.2502984769999,42.3468871680001],[-83.250281477,42.346746168],[-83.2502794769999,42.3466051680001],[-83.250289477,42.346500168],[-83.250315477,42.346365168],[-83.250357477,42.346225168],[-83.250415477,42.3460891670001],[-83.250468476,42.345989167],[-83.250575477,42.3458291680001],[-83.250806477,42.345553167],[-83.2516884779999,42.3445591670001],[-83.251880477,42.3443251670001],[-83.251999477,42.344161167],[-83.252066477,42.344050167],[-83.2521464769999,42.3438981670001],[-83.2522114779999,42.3437411670001],[-83.252262477,42.3435821670001],[-83.2523054769999,42.3433861670001],[-83.252327477,42.3432061670001],[-83.252312477,42.3428681670001],[-83.2522734779999,42.3426701670001],[-83.252171477,42.342042167],[-83.252416477,42.3420161670001],[-83.2536274779999,42.3419011660001],[-83.253843478,42.3418821670001],[-83.254861478,42.3418401670001],[-83.2560824779999,42.3418051670001],[-83.257292478,42.3417711660001],[-83.258518479,42.3417401660001],[-83.259774479,42.341713166],[-83.260821479,42.3417051660001],[-83.260990479,42.341708167],[-83.2622424799999,42.341737166],[-83.26247048,42.3417411660001],[-83.2631904799999,42.3417221660001],[-83.263712481,42.3417081660001],[-83.263843171,42.3417046760001],[-83.263860601,42.3419381910001],[-83.263853632,42.342096277],[-83.2639497269999,42.3423359930001],[-83.264028337,42.3425861810001],[-83.2641705499999,42.3427958360001],[-83.2642743179999,42.3430898830001],[-83.264266329,42.3434294560001],[-83.264262957,42.3435727780001],[-83.2643366349999,42.344377493],[-83.264532667,42.346301329],[-83.2647848889999,42.3489310470001],[-83.2650652039999,42.3517304690001],[-83.26525529,42.3535401300001],[-83.265413699,42.3550713650001],[-83.265576417,42.3570562790001],[-83.265659725,42.357053932],[-83.265660483,42.3570631690001],[-83.2659083029999,42.35705643],[-83.265968427,42.358893815],[-83.265978768,42.362274491],[-83.266093984,42.3630738840001],[-83.266111316,42.363650835],[-83.266129588,42.364259164],[-83.266229003,42.3667217460001],[-83.266314802,42.369093138],[-83.2663882699999,42.3714883700001],[-83.266398798,42.3717345580001],[-83.2665149589999,42.374450708],[-83.266579688,42.378604529],[-83.26657992,42.378615623],[-83.266261484,42.378628172],[-83.261108483,42.378830173],[-83.255856482,42.378924173],[-83.2558684809999,42.3788601730001],[-83.255965481,42.3787481730001],[-83.256093482,42.378516173],[-83.256264481,42.378313173],[-83.256327482,42.378134173],[-83.2563404809999,42.3778971730001],[-83.256005482,42.377549173],[-83.255466481,42.3771291730001],[-83.255067481,42.376717173],[-83.2540634799999,42.3759361730001],[-83.2533914799999,42.375598172],[-83.25218648,42.375247173],[-83.25137548,42.3751911730001],[-83.2508064789999,42.375183173]]],[[[-83.284842394,42.4070478360001],[-83.286384071,42.407001188],[-83.286384292,42.407010707],[-83.285612494,42.407034176],[-83.2849264929999,42.4070551770001],[-83.283496492,42.407111177],[-83.282850492,42.4071351760001],[-83.282243492,42.407159177],[-83.282033492,42.407165177],[-83.281956492,42.4071681770001],[-83.2815754919999,42.407183177],[-83.2814214919999,42.4071891770001],[-83.280706492,42.407204177],[-83.280017491,42.407219177],[-83.2793764909999,42.4072391770001],[-83.278703492,42.4072591770001],[-83.278036491,42.407273177],[-83.27713549,42.4072861770001],[-83.276685491,42.4072861770001],[-83.27594549,42.407289177],[-83.275945238,42.407281539],[-83.2766021889999,42.407279009],[-83.27705158,42.407278788],[-83.2779532869999,42.407266004],[-83.278619437,42.407252127],[-83.279292985,42.407232015],[-83.279933372,42.4072114],[-83.2806223739999,42.4071968310001],[-83.281338115,42.407181611],[-83.281492154,42.407175597],[-83.281873159,42.407160719],[-83.2819495209999,42.4071577380001],[-83.28215991,42.407151791],[-83.282766462,42.4071275650001],[-83.282817908,42.407125509],[-83.2834126229999,42.4071043490001],[-83.284842394,42.4070478360001]]]]},"properties":{"OBJECTID":43,"zipcode":"48239"}},{"type":"Feature","id":44,"geometry":{"type":"MultiPolygon","coordinates":[[[[-83.2871264949999,42.42584918],[-83.287088496,42.4256661800001],[-83.2864264949999,42.4256831800001],[-83.286399495,42.4251981800001],[-83.286364495,42.42508918],[-83.286311495,42.4232791790001],[-83.286257495,42.421462179],[-83.286188494,42.419122179],[-83.286115495,42.416654179],[-83.2860444939999,42.414271178],[-83.285894494,42.4117821770001],[-83.285612494,42.407034176],[-83.286384292,42.407010707],[-83.286437967,42.409319516],[-83.286436367,42.409425925],[-83.286524707,42.411755294],[-83.286618408,42.414252452],[-83.2866368099999,42.4146715420001],[-83.286638975,42.414720839],[-83.2867319649999,42.41662789],[-83.286848366,42.419092311],[-83.2869631519999,42.421439848],[-83.287038778,42.4232490420001],[-83.287117342,42.4250571850001],[-83.287147292,42.425700061],[-83.287191843,42.426882666],[-83.2872263619999,42.4276886060001],[-83.286688496,42.4274611800001],[-83.286678496,42.4269431800001],[-83.286704496,42.4266131800001],[-83.287155496,42.42599118],[-83.2871264949999,42.42584918]]],[[[-83.2869364959999,42.4349101810001],[-83.286930496,42.4344661810001],[-83.286300496,42.434475181],[-83.286234496,42.432426181],[-83.286184496,42.4308571810001],[-83.2860634959999,42.4286071810001],[-83.286613495,42.42858518],[-83.2872114959999,42.4285621810001],[-83.2872616759999,42.4285621810001],[-83.2872634289999,42.428609978],[-83.2872770659999,42.429120783],[-83.2872771309999,42.4291232190001],[-83.287368204,42.43224035],[-83.287447793,42.434882422],[-83.287448044,42.434892956],[-83.2871404969999,42.434903181],[-83.2869364959999,42.4349101810001]]],[[[-83.2869164959999,42.4359231810001],[-83.287472346,42.4359042880001],[-83.2875307159999,42.437600429],[-83.2875349,42.437722835],[-83.287585281,42.4393138890001],[-83.287591794,42.4394995160001],[-83.28763746,42.4421040030001],[-83.287690114,42.4425093290001],[-83.287630497,42.4424931830001],[-83.287597497,42.442484183],[-83.287243497,42.442410183],[-83.2871554969999,42.4395271820001],[-83.287058497,42.439447182],[-83.287023496,42.438295182],[-83.286901496,42.437738182],[-83.2869164959999,42.4359231810001]]]]},"properties":{"OBJECTID":44,"zipcode":"48240"}},{"type":"Feature","id":45,"geometry":{"type":"Polygon","coordinates":[[[-83.0378184099999,42.3308091760001],[-83.03740741,42.3301961760001],[-83.03749241,42.330145175],[-83.03875041,42.3295671750001],[-83.040804411,42.328845175],[-83.0411664109999,42.3293301750001],[-83.041270411,42.329468175],[-83.0406074099999,42.3297801750001],[-83.040857411,42.3300861760001],[-83.041045411,42.330368176],[-83.040059411,42.330789175],[-83.039834411,42.3308771750001],[-83.039609411,42.330619176],[-83.0393474109999,42.330328175],[-83.038928411,42.330501176],[-83.0382044099999,42.330689175],[-83.03800441,42.3307361760001],[-83.0378184099999,42.3308091760001]]]},"properties":{"OBJECTID":45,"zipcode":"48243"}}]}