{
"type": "FeatureCollection",
"name": "detroit_zcta_aggregated",
"crs": { "type": "name", "properties": { "name": "urn:ogc:def:crs:OGC:1.3:CRS84" } },
"features": [
{ "type": "Feature", "properties": { "OBJECTID": 10, "zipcode": "48201", "total_renters": 6185.0, "renters_30_35pct": 802.0, "renters_35_40pct": 493.0, "renters_40_50pct": 348.0, "renters_50plus_pct": 1480.0, "total_owners": 866.0, "owners_mtg_30_35pct": 45.0, "owners_mtg_35_40pct": 15.0, "owners_mtg_40_50pct": 0.0, "owners_mtg_50plus_pct": 100.0, "owners_nomtg_30_35pct": 29.0, "owners_nomtg_35_40pct": 5.0, "owners_nomtg_40_50pct": 18.0, "owners_nomtg_50plus_pct": 0.0, "median_household_income": "166469", "median_home_value": "1589700", "renters_burden_30plus": 3123.0, "pct_renters_30plus": 50.5, "owners_burden_30plus": 212.0, "pct_owners_30plus": 24.5, "total_households": 7051.0, "burden_30plus_all": 3335.0, "pct_burden_30plus_all": 47.3, "renters_burden_50plus": 1480.0, "owners_burden_50plus": 100.0, "burden_50plus_all": 1580.0, "pct_burden_50plus_all": 22.4, "price_income_ratio": "9.549525737524704", "housing_shortage": true, "renter_accessibility_crisis": true, "housing_category": "Both Issues" }, "geometry": { "type": "Polygon", "coordinates": [ [ [ -83.043803413, 42.343601178 ], [ -83.044081413, 42.343501178000103 ], [ -83.044221412999903, 42.343442177 ], [ -83.044522413, 42.343335177 ], [ -83.045975413999898, 42.3427931780001 ], [ -83.046246413999896, 42.342693178 ], [ -83.047823415, 42.342151177000098 ], [ -83.048686414, 42.341839177 ], [ -83.048563413999901, 42.341654177000102 ], [ -83.048540414999906, 42.341620177 ], [ -83.048518413999901, 42.341585177000098 ], [ -83.048480415, 42.341526177 ], [ -83.048441414, 42.341468177000102 ], [ -83.047970414, 42.340762177 ], [ -83.049648415, 42.340036177000101 ], [ -83.050987415, 42.339458177 ], [ -83.050520415, 42.338864177000097 ], [ -83.050028415, 42.338238176000097 ], [ -83.051342415, 42.3376741760001 ], [ -83.052982415, 42.336965176 ], [ -83.054324414999897, 42.3363851760001 ], [ -83.055263415999903, 42.335981176000097 ], [ -83.056552416, 42.335423175000102 ], [ -83.056295416, 42.335315176000101 ], [ -83.057685416, 42.334877175 ], [ -83.058994417, 42.334465175 ], [ -83.059421417, 42.335216175 ], [ -83.059790418, 42.335864175 ], [ -83.059875416999901, 42.335977175 ], [ -83.060083418, 42.336204175 ], [ -83.060308418, 42.336148175000098 ], [ -83.060959418, 42.335991175000103 ], [ -83.061762417999901, 42.3358121750001 ], [ -83.062465418, 42.335662175 ], [ -83.062943418, 42.335560175000097 ], [ -83.064009418, 42.335318175000097 ], [ -83.064191418999897, 42.335283175 ], [ -83.063829418, 42.334711175000102 ], [ -83.063612419, 42.334441175 ], [ -83.063070417999896, 42.333747175 ], [ -83.063004417999906, 42.333662175 ], [ -83.062162417, 42.332586175000102 ], [ -83.061659417, 42.332011175 ], [ -83.061489418, 42.331858174 ], [ -83.061189417, 42.331594174 ], [ -83.061324418, 42.331588174 ], [ -83.061419417, 42.331584175 ], [ -83.061510418, 42.331580175000099 ], [ -83.061677418, 42.331572175000098 ], [ -83.061892418, 42.331557175 ], [ -83.062167417, 42.331536174000099 ], [ -83.062350417999895, 42.331521175 ], [ -83.062564418, 42.331740175 ], [ -83.063145418, 42.332260175 ], [ -83.063438419, 42.332628175 ], [ -83.063599418, 42.332818175000099 ], [ -83.063722417999898, 42.332986175 ], [ -83.064479418999895, 42.332749174000099 ], [ -83.064908418999906, 42.333504175 ], [ -83.066380419, 42.333043175 ], [ -83.06680842, 42.333798175 ], [ -83.068055419999894, 42.333409174 ], [ -83.06834042, 42.333909175 ], [ -83.068416419999906, 42.334042175 ], [ -83.068492418999895, 42.334173175 ], [ -83.068552419999904, 42.334276175000099 ], [ -83.068598419999901, 42.334352175 ], [ -83.0686664199999, 42.334485175 ], [ -83.06879042, 42.334685175000097 ], [ -83.068915419999897, 42.334933175000103 ], [ -83.069344419999894, 42.335668175000102 ], [ -83.06662942, 42.336519175 ], [ -83.06705342, 42.337272175000102 ], [ -83.06748442, 42.338025176 ], [ -83.06633542, 42.338384175000101 ], [ -83.06651842, 42.338745176 ], [ -83.066709419999896, 42.339118176 ], [ -83.066625419, 42.339126176 ], [ -83.06651342, 42.339131176000102 ], [ -83.066445419, 42.339138176000098 ], [ -83.06635442, 42.339148176 ], [ -83.066505419999899, 42.339483176 ], [ -83.066568419, 42.339509176 ], [ -83.066664419999896, 42.339549176 ], [ -83.067134419999903, 42.3397451760001 ], [ -83.06822642, 42.340188176 ], [ -83.06804842, 42.340439176000103 ], [ -83.068044421, 42.340458175 ], [ -83.06804842, 42.340477176 ], [ -83.06890842, 42.341965176 ], [ -83.069695420999906, 42.341719176 ], [ -83.070546421, 42.341453176000101 ], [ -83.070585421, 42.341520176000103 ], [ -83.0710264209999, 42.342284176000099 ], [ -83.071616421, 42.342096176 ], [ -83.071695421999905, 42.342231176 ], [ -83.071104421, 42.342417176 ], [ -83.071576421999893, 42.343240176 ], [ -83.071929422, 42.343850176 ], [ -83.072481422, 42.344806176000098 ], [ -83.072539422, 42.344897176000103 ], [ -83.073066422999901, 42.345802177 ], [ -83.073290422, 42.346174176 ], [ -83.073373423, 42.346322176000101 ], [ -83.073400423, 42.346440176 ], [ -83.073548423, 42.346704177 ], [ -83.073807422999906, 42.347146177000099 ], [ -83.0742374229999, 42.347886177000099 ], [ -83.074672423, 42.3486371770001 ], [ -83.075266423999906, 42.348452177000098 ], [ -83.075702424, 42.349226177 ], [ -83.076001423, 42.349778177000097 ], [ -83.076290424, 42.350314177 ], [ -83.077487424, 42.349938177000098 ], [ -83.078106423999898, 42.351014177 ], [ -83.078732424999899, 42.352102178 ], [ -83.0783984239999, 42.352202177 ], [ -83.077596424, 42.352454177 ], [ -83.076500424, 42.352800177000098 ], [ -83.074478423, 42.3534311780001 ], [ -83.074129423, 42.353540178000102 ], [ -83.073921422999902, 42.353608178000101 ], [ -83.073589424, 42.353716178000099 ], [ -83.073400423, 42.353778178 ], [ -83.073480423, 42.353936178 ], [ -83.073100423, 42.354063178 ], [ -83.073007423, 42.353904178 ], [ -83.072005422, 42.354212178000097 ], [ -83.071315423, 42.354431178 ], [ -83.071081423, 42.354505178000103 ], [ -83.070511423, 42.354684178000099 ], [ -83.068873422, 42.355196179000103 ], [ -83.066861420999899, 42.355834178000102 ], [ -83.066620421, 42.355922179000103 ], [ -83.066385420999893, 42.356008179000099 ], [ -83.065283420999904, 42.356463178000098 ], [ -83.065086421, 42.356556179 ], [ -83.064660421, 42.356698179 ], [ -83.064291421, 42.3567931790001 ], [ -83.064027420999906, 42.356860179000101 ], [ -83.06327142, 42.357122179 ], [ -83.0632404199999, 42.357134179000099 ], [ -83.06297842, 42.357233179 ], [ -83.062634419999895, 42.357382179000098 ], [ -83.06229842, 42.357513179000101 ], [ -83.0620924199999, 42.357599179 ], [ -83.06193542, 42.357664179 ], [ -83.06144142, 42.357888179 ], [ -83.05984542, 42.35866918 ], [ -83.059180419, 42.358999180000097 ], [ -83.059045419, 42.359058179 ], [ -83.058693419, 42.35921218 ], [ -83.058673419, 42.359220180000101 ], [ -83.058603419, 42.359249180000099 ], [ -83.057248419, 42.35974718 ], [ -83.057071418999897, 42.359810180000103 ], [ -83.054895418, 42.36060018 ], [ -83.054475418, 42.360752180000098 ], [ -83.054245417999894, 42.360843180000103 ], [ -83.053030416999903, 42.35903718 ], [ -83.052697417, 42.358542179 ], [ -83.052341417, 42.35799218 ], [ -83.051763416, 42.35711918 ], [ -83.051444417, 42.356640179000102 ], [ -83.049103416, 42.353079179000098 ], [ -83.048648415999907, 42.352421179 ], [ -83.047909414999907, 42.3513531790001 ], [ -83.047825415, 42.351226179 ], [ -83.046702415, 42.349488178000101 ], [ -83.045663415, 42.347999178000101 ], [ -83.044677414, 42.346396178000099 ], [ -83.044568414, 42.346226178 ], [ -83.044418413, 42.345939178 ], [ -83.044319414, 42.345719178 ], [ -83.044162413, 42.345341178000098 ], [ -83.044088414, 42.345144178 ], [ -83.044036413999905, 42.344951178 ], [ -83.043992413, 42.344691178000097 ], [ -83.043966413, 42.344534178000103 ], [ -83.043848413, 42.343835178000099 ], [ -83.043803413, 42.343601178 ] ] ] } },
{ "type": "Feature", "properties": { "OBJECTID": 11, "zipcode": "48202", "total_renters": 4854.0, "renters_30_35pct": 461.0, "renters_35_40pct": 454.0, "renters_40_50pct": 410.0, "renters_50plus_pct": 1178.0, "total_owners": 2084.0, "owners_mtg_30_35pct": 56.0, "owners_mtg_35_40pct": 53.0, "owners_mtg_40_50pct": 119.0, "owners_mtg_50plus_pct": 130.0, "owners_nomtg_30_35pct": 47.0, "owners_nomtg_35_40pct": 50.0, "owners_nomtg_40_50pct": 38.0, "owners_nomtg_50plus_pct": 71.0, "median_household_income": "275207", "median_home_value": "1146300", "renters_burden_30plus": 2503.0, "pct_renters_30plus": 51.6, "owners_burden_30plus": 564.0, "pct_owners_30plus": 27.1, "total_households": 6938.0, "burden_30plus_all": 3067.0, "pct_burden_30plus_all": 44.2, "renters_burden_50plus": 1178.0, "owners_burden_50plus": 201.0, "burden_50plus_all": 1379.0, "pct_burden_50plus_all": 19.9, "price_income_ratio": "4.165228355383403", "housing_shortage": true, "renter_accessibility_crisis": true, "housing_category": "Both Issues" }, "geometry": { "type": "Polygon", "coordinates": [ [ [ -83.056377418999901, 42.365217181 ], [ -83.056248419, 42.364945181 ], [ -83.055902418, 42.363984181 ], [ -83.055233419, 42.36267518 ], [ -83.054659418, 42.361524180000103 ], [ -83.054416418, 42.36109518 ], [ -83.054369418, 42.36101218 ], [ -83.054245417999894, 42.360843180000103 ], [ -83.054475418, 42.360752180000098 ], [ -83.054895418, 42.36060018 ], [ -83.057071418999897, 42.359810180000103 ], [ -83.057248419, 42.35974718 ], [ -83.058603419, 42.359249180000099 ], [ -83.058673419, 42.359220180000101 ], [ -83.058693419, 42.35921218 ], [ -83.059045419, 42.359058179 ], [ -83.059180419, 42.358999180000097 ], [ -83.05984542, 42.35866918 ], [ -83.06144142, 42.357888179 ], [ -83.06193542, 42.357664179 ], [ -83.0620924199999, 42.357599179 ], [ -83.06229842, 42.357513179000101 ], [ -83.062634419999895, 42.357382179000098 ], [ -83.06297842, 42.357233179 ], [ -83.0632404199999, 42.357134179000099 ], [ -83.06327142, 42.357122179 ], [ -83.064027420999906, 42.356860179000101 ], [ -83.064291421, 42.3567931790001 ], [ -83.064660421, 42.356698179 ], [ -83.065086421, 42.356556179 ], [ -83.065283420999904, 42.356463178000098 ], [ -83.066385420999893, 42.356008179000099 ], [ -83.066620421, 42.355922179000103 ], [ -83.066861420999899, 42.355834178000102 ], [ -83.068873422, 42.355196179000103 ], [ -83.070511423, 42.354684178000099 ], [ -83.071081423, 42.354505178000103 ], [ -83.071315423, 42.354431178 ], [ -83.072005422, 42.354212178000097 ], [ -83.073007423, 42.353904178 ], [ -83.073100423, 42.354063178 ], [ -83.073480423, 42.353936178 ], [ -83.074211423, 42.3552521780001 ], [ -83.074447423, 42.355735178 ], [ -83.074552424, 42.355986178000101 ], [ -83.074788424, 42.356773178 ], [ -83.074889423999906, 42.356999178000102 ], [ -83.075159423999906, 42.357558178 ], [ -83.075303424, 42.357829178 ], [ -83.075668424, 42.358444179000102 ], [ -83.076035425, 42.359068179000097 ], [ -83.076290425, 42.359501179000098 ], [ -83.076772424999902, 42.359198179 ], [ -83.077377425, 42.358818179 ], [ -83.078781425, 42.357871178 ], [ -83.079002424999899, 42.357716178 ], [ -83.079655426, 42.358380179 ], [ -83.080129426, 42.358266179 ], [ -83.080299426, 42.358225178000097 ], [ -83.080758426, 42.358475178 ], [ -83.081074426, 42.358447178000098 ], [ -83.081153426, 42.358490178000103 ], [ -83.081460426, 42.358658178 ], [ -83.081280426, 42.358928178 ], [ -83.082072427, 42.360307179000102 ], [ -83.082212427, 42.360551179 ], [ -83.082379427, 42.360844178 ], [ -83.082578427, 42.361199179 ], [ -83.083061426999905, 42.362060179 ], [ -83.083115426999896, 42.362135179000099 ], [ -83.083165427, 42.362176179000102 ], [ -83.083202426999904, 42.362181179000103 ], [ -83.083216427, 42.362184179 ], [ -83.083263426999906, 42.362182179000101 ], [ -83.083605427, 42.362078179 ], [ -83.083400427, 42.363009179000102 ], [ -83.083491427, 42.363020179 ], [ -83.084610427, 42.363157179 ], [ -83.084522427, 42.363548179000098 ], [ -83.085169428, 42.363647179000097 ], [ -83.085202427999903, 42.363485179000101 ], [ -83.085530428, 42.363526179000097 ], [ -83.085646428, 42.363546179 ], [ -83.085734428, 42.363561179 ], [ -83.085715428, 42.363671179 ], [ -83.086178428, 42.363720179 ], [ -83.086063428, 42.364361179000099 ], [ -83.085412428, 42.364606179000099 ], [ -83.085232428, 42.365426179000103 ], [ -83.085231428, 42.365462179000097 ], [ -83.085238428, 42.365498179 ], [ -83.085253428, 42.365532179000098 ], [ -83.085350428, 42.365652179 ], [ -83.086553427999903, 42.365199179000101 ], [ -83.087573428, 42.364814179000099 ], [ -83.088708429, 42.364391179 ], [ -83.089733429, 42.364009179 ], [ -83.089806429, 42.364188179 ], [ -83.088744429, 42.364591179000101 ], [ -83.087691428, 42.364989179000098 ], [ -83.086605428, 42.365398180000099 ], [ -83.088222429, 42.367793179 ], [ -83.088733428999902, 42.36855418 ], [ -83.087612429, 42.368976180000097 ], [ -83.086507427999905, 42.36938918 ], [ -83.086447429, 42.36941118 ], [ -83.086830429, 42.36978918 ], [ -83.087298429, 42.3705281800001 ], [ -83.087458429, 42.37076618 ], [ -83.087625429, 42.37101518 ], [ -83.087643429, 42.3710631800001 ], [ -83.089384429, 42.37042918 ], [ -83.089748428999897, 42.370951180000098 ], [ -83.088931429999903, 42.3712431800001 ], [ -83.088964429, 42.3712911800001 ], [ -83.08923243, 42.37168418 ], [ -83.089276428999895, 42.37177018 ], [ -83.089177429999907, 42.371804181000101 ], [ -83.08916443, 42.371883180000097 ], [ -83.08976943, 42.372784181 ], [ -83.09000543, 42.373142181 ], [ -83.09022343, 42.37346218 ], [ -83.090654431, 42.3740981810001 ], [ -83.09088243, 42.3744361810001 ], [ -83.09108243, 42.374733181000103 ], [ -83.09151243, 42.3753701810001 ], [ -83.092381431, 42.376662181 ], [ -83.092551430999904, 42.376908181 ], [ -83.092838431, 42.377314181 ], [ -83.093089430999896, 42.377683181000101 ], [ -83.093107431, 42.377720181 ], [ -83.093118430999894, 42.377755181000097 ], [ -83.093623432, 42.378507182000099 ], [ -83.094219432, 42.379379182 ], [ -83.094810432, 42.3802431820001 ], [ -83.095403432999902, 42.381107182 ], [ -83.095990432, 42.381967182 ], [ -83.095483432, 42.382138182000098 ], [ -83.095391432, 42.382169182 ], [ -83.095253431999893, 42.382213182 ], [ -83.094896433, 42.382328182 ], [ -83.094657432, 42.382420182 ], [ -83.095011432, 42.382514182000101 ], [ -83.094604433, 42.382664182 ], [ -83.094545432, 42.382688182 ], [ -83.094963433, 42.382799182 ], [ -83.095388433, 42.382912182 ], [ -83.095435433, 42.382926182000098 ], [ -83.095647432, 42.382988182000098 ], [ -83.095915433, 42.383102182000101 ], [ -83.096099432999907, 42.383243182 ], [ -83.096171432999896, 42.383341182 ], [ -83.096238432999897, 42.383433182 ], [ -83.096306432999896, 42.383524182 ], [ -83.096644432999895, 42.383402182000097 ], [ -83.096700433, 42.3833951820001 ], [ -83.096888432999904, 42.383394182000103 ], [ -83.096977432999907, 42.383445182000102 ], [ -83.097097434, 42.383588182 ], [ -83.097508433, 42.384192182 ], [ -83.097569434, 42.384283182 ], [ -83.098076433999907, 42.385029182 ], [ -83.098671434, 42.385906183 ], [ -83.099202433999906, 42.386691183 ], [ -83.099904433999896, 42.387725182000104 ], [ -83.100386434, 42.388479183000101 ], [ -83.100514434, 42.388707183000101 ], [ -83.100572041, 42.388792115000101 ], [ -83.100508668, 42.388814911000097 ], [ -83.097647800999894, 42.389843937000101 ], [ -83.094598926999893, 42.3909404710001 ], [ -83.09169337, 42.391985349 ], [ -83.088585673999901, 42.393102799000097 ], [ -83.085577547999904, 42.394228305000098 ], [ -83.082611336999904, 42.395356417000102 ], [ -83.07989079, 42.3963909940001 ], [ -83.079714547, 42.396458012 ], [ -83.079478428999906, 42.3960331850001 ], [ -83.079352429, 42.395827185 ], [ -83.078971429, 42.395244185000102 ], [ -83.078551428999901, 42.394614185000101 ], [ -83.078434429, 42.394439185000103 ], [ -83.077968427999906, 42.393758185000102 ], [ -83.077883428, 42.393660185 ], [ -83.077646428, 42.3934071850001 ], [ -83.077484427999906, 42.393219185000099 ], [ -83.077442428, 42.393149185 ], [ -83.077411427999905, 42.393034184 ], [ -83.0772784279999, 42.392879185 ], [ -83.077220428, 42.392785184 ], [ -83.077165427999901, 42.392693185 ], [ -83.076692426999898, 42.391987185000097 ], [ -83.076373427, 42.391506185 ], [ -83.076006427, 42.390967184 ], [ -83.075910428, 42.390829184 ], [ -83.075469427, 42.390199184 ], [ -83.075190427, 42.389735184000102 ], [ -83.075097426999903, 42.389593184 ], [ -83.074465426, 42.388652184000101 ], [ -83.074191427, 42.388241184 ], [ -83.073811426, 42.387672184000103 ], [ -83.074113426, 42.387559184000096 ], [ -83.073818426999907, 42.387120184 ], [ -83.073836426, 42.387047184 ], [ -83.073601426, 42.386705184 ], [ -83.073252426, 42.386834184000101 ], [ -83.072753426, 42.386087184000097 ], [ -83.072243425999901, 42.385320184000101 ], [ -83.071650425, 42.3844351830001 ], [ -83.071164425, 42.3837121830001 ], [ -83.070648424999902, 42.3829491830001 ], [ -83.070094425, 42.3821301830001 ], [ -83.069549424999906, 42.381321183000097 ], [ -83.069006424999898, 42.380518183 ], [ -83.068482424, 42.379742183000097 ], [ -83.067978424, 42.378994182 ], [ -83.067454423, 42.378218183000101 ], [ -83.066897422999901, 42.377393182 ], [ -83.066577423, 42.376921182 ], [ -83.066278423, 42.376475182 ], [ -83.065746423, 42.375691182 ], [ -83.065501422999901, 42.375342182000097 ], [ -83.065422422, 42.375217182 ], [ -83.065156422, 42.374816182000103 ], [ -83.064877423, 42.374407182 ], [ -83.064390423, 42.373679182 ], [ -83.064279422, 42.373525182 ], [ -83.064725422, 42.373359182000101 ], [ -83.064006422, 42.372273181 ], [ -83.062937421999905, 42.372650181 ], [ -83.062893421999902, 42.372588181 ], [ -83.062762421999906, 42.372396182 ], [ -83.062168421, 42.371497182 ], [ -83.062112422, 42.371412182 ], [ -83.061135421, 42.369945181 ], [ -83.063242422, 42.369175181000102 ], [ -83.062925421, 42.368698181000099 ], [ -83.062845421, 42.368593181 ], [ -83.062523421, 42.368110181000098 ], [ -83.060427419999897, 42.368873181 ], [ -83.05919242, 42.369317182 ], [ -83.05916042, 42.369339182 ], [ -83.059141419999904, 42.369365182000102 ], [ -83.05913342, 42.369399181000098 ], [ -83.059143421, 42.369430181 ], [ -83.059466421, 42.369904181 ], [ -83.059811419999903, 42.370426182000102 ], [ -83.059491421, 42.370543182000098 ], [ -83.05935642, 42.370592181000099 ], [ -83.059198421, 42.370649181 ], [ -83.05911342, 42.370456181000101 ], [ -83.058955419999904, 42.370116182000103 ], [ -83.05860842, 42.369371181000098 ], [ -83.05845642, 42.369043181000102 ], [ -83.058329419999893, 42.368774181 ], [ -83.0582464189999, 42.368597181 ], [ -83.05820342, 42.368500181000101 ], [ -83.05814842, 42.368377181 ], [ -83.057923419, 42.368505181 ], [ -83.05768442, 42.368007181000102 ], [ -83.057343418999906, 42.367281181000102 ], [ -83.056377418999901, 42.365217181 ] ] ] } },
{ "type": "Feature", "properties": { "OBJECTID": 12, "zipcode": "48203", "total_renters": 2801.0, "renters_30_35pct": 74.0, "renters_35_40pct": 158.0, "renters_40_50pct": 299.0, "renters_50plus_pct": 653.0, "total_owners": 3930.0, "owners_mtg_30_35pct": 52.0, "owners_mtg_35_40pct": 49.0, "owners_mtg_40_50pct": 75.0, "owners_mtg_50plus_pct": 344.0, "owners_nomtg_30_35pct": 89.0, "owners_nomtg_35_40pct": 39.0, "owners_nomtg_40_50pct": 55.0, "owners_nomtg_50plus_pct": 425.0, "median_household_income": "498661", "median_home_value": "1442200", "renters_burden_30plus": 1184.0, "pct_renters_30plus": 42.3, "owners_burden_30plus": 1128.0, "pct_owners_30plus": 28.7, "total_households": 6731.0, "burden_30plus_all": 2312.0, "pct_burden_30plus_all": 34.3, "renters_burden_50plus": 653.0, "owners_burden_50plus": 769.0, "burden_50plus_all": 1422.0, "pct_burden_50plus_all": 21.1, "price_income_ratio": "2.8921451647512035", "housing_shortage": false, "renter_accessibility_crisis": false, "housing_category": "Neither" }, "geometry": { "type": "Polygon", "coordinates": [ [ [ -83.083392477, 42.447066994000103 ], [ -83.083390435, 42.447028194 ], [ -83.083362434, 42.446811194000098 ], [ -83.083343434999904, 42.446664194 ], [ -83.083270434, 42.446341194000098 ], [ -83.083157434, 42.446127194 ], [ -83.083294435, 42.446026194000098 ], [ -83.083320435, 42.445945194 ], [ -83.083355435, 42.445795194 ], [ -83.083313435, 42.444945193000102 ], [ -83.083906434, 42.444934193 ], [ -83.083790434, 42.442494193000101 ], [ -83.083675434, 42.440089193 ], [ -83.083561434, 42.437716192 ], [ -83.083449434, 42.435359192000099 ], [ -83.083496432999894, 42.432896192 ], [ -83.083384432999907, 42.430473191 ], [ -83.083338432999895, 42.428267191 ], [ -83.083219433, 42.42525219 ], [ -83.083139433, 42.425057190000103 ], [ -83.083107432, 42.42378419 ], [ -83.083105432999901, 42.4237161900001 ], [ -83.083030432, 42.42200319 ], [ -83.083016432, 42.421672189 ], [ -83.082951432, 42.420220189000098 ], [ -83.082936431999897, 42.419892189 ], [ -83.082901432, 42.4187641890001 ], [ -83.082268432, 42.418786189000102 ], [ -83.082254432, 42.418440189000101 ], [ -83.082232432, 42.417937189 ], [ -83.082170431, 42.416534188000099 ], [ -83.082153431, 42.416471188 ], [ -83.082130432, 42.416426188000102 ], [ -83.081865432, 42.416032189000099 ], [ -83.081832431, 42.415982188 ], [ -83.0817914309999, 42.415922189000099 ], [ -83.081132431, 42.414951188 ], [ -83.080960430999895, 42.414697188 ], [ -83.079803431, 42.412987188 ], [ -83.080103430999898, 42.412874188 ], [ -83.08070743, 42.412649188 ], [ -83.08046143, 42.412285188000098 ], [ -83.08000543, 42.412450188 ], [ -83.079974429999893, 42.412416188000101 ], [ -83.079906431, 42.412316188 ], [ -83.078394429999904, 42.410079188000097 ], [ -83.07832043, 42.410055188000101 ], [ -83.078218429999893, 42.410074187000099 ], [ -83.077886429, 42.410167187000098 ], [ -83.077607429999901, 42.409707188 ], [ -83.077810429, 42.409611188 ], [ -83.079074429999906, 42.409094188 ], [ -83.079317429999904, 42.408998187000101 ], [ -83.079365429999896, 42.4089761870001 ], [ -83.079470430999905, 42.408932187000097 ], [ -83.079426429999899, 42.408881188000102 ], [ -83.079385429999903, 42.408811187 ], [ -83.07930143, 42.408729187000098 ], [ -83.07955043, 42.408664187 ], [ -83.07947543, 42.4085651870001 ], [ -83.079249429999905, 42.408315187 ], [ -83.079119429999906, 42.408186187000098 ], [ -83.07897643, 42.408056187000099 ], [ -83.078935429999902, 42.408022187 ], [ -83.078804428999902, 42.4079121870001 ], [ -83.07853643, 42.407704187 ], [ -83.07829543, 42.407539187 ], [ -83.07794143, 42.4073071870001 ], [ -83.07747943, 42.407049187 ], [ -83.077015429, 42.406805187 ], [ -83.075727427999894, 42.406143187000097 ], [ -83.075482429, 42.406018187 ], [ -83.075217429, 42.405880187 ], [ -83.074989428, 42.405738187000097 ], [ -83.074467427999906, 42.405363187 ], [ -83.074024428, 42.404965187000101 ], [ -83.073619428, 42.404502187 ], [ -83.073139428, 42.403787186 ], [ -83.072747427, 42.403185186 ], [ -83.073119428, 42.403020187 ], [ -83.073461428, 42.402916187000102 ], [ -83.074019428, 42.402713187000103 ], [ -83.074300428, 42.402610186000103 ], [ -83.074580428, 42.402506187 ], [ -83.075132428, 42.402305187 ], [ -83.075172428, 42.402290186000101 ], [ -83.075386427999902, 42.402214186 ], [ -83.076181429, 42.401932186000103 ], [ -83.076305428999902, 42.401898186 ], [ -83.076275639, 42.401861716 ], [ -83.076321452999906, 42.401845473 ], [ -83.08092945, 42.407438559000099 ], [ -83.081073268, 42.407617842 ], [ -83.081179863, 42.407750722000102 ], [ -83.08143166, 42.408064606 ], [ -83.081507654999896, 42.4081593390001 ], [ -83.081636903, 42.408308791 ], [ -83.081756175, 42.408466062000102 ], [ -83.081798777, 42.408522238 ], [ -83.082313568, 42.40916394 ], [ -83.082469185, 42.409347398000101 ], [ -83.085640478999906, 42.413310677 ], [ -83.08695521, 42.414949214 ], [ -83.089437121999893, 42.418042124000102 ], [ -83.089473921, 42.418090106000101 ], [ -83.091386321999906, 42.418064692 ], [ -83.092360056, 42.418052776 ], [ -83.092938273999906, 42.418045696 ], [ -83.093347605999895, 42.418040682 ], [ -83.0941984789999, 42.418030255000097 ], [ -83.094748976999895, 42.418023506 ], [ -83.095332408, 42.418023674 ], [ -83.096322726, 42.418008865 ], [ -83.097318168999905, 42.417974611 ], [ -83.0975625, 42.417965278 ], [ -83.098336371999906, 42.417938622000101 ], [ -83.099616022, 42.417893476000103 ], [ -83.100999208, 42.417848219000099 ], [ -83.101732587999905, 42.417829184 ], [ -83.102909515, 42.417803835 ], [ -83.104467815, 42.417763804000103 ], [ -83.104910144, 42.417757553000101 ], [ -83.105214221, 42.417749961 ], [ -83.105458665999905, 42.417747758000097 ], [ -83.107873175999899, 42.417724330000098 ], [ -83.109175255999901, 42.417704719 ], [ -83.109529358, 42.417698644 ], [ -83.110196115, 42.417687022 ], [ -83.110714323, 42.417678075 ], [ -83.112259351, 42.417650937000097 ], [ -83.112574313, 42.41764541 ], [ -83.113580225, 42.417627607 ], [ -83.115509778, 42.417597812 ], [ -83.115639861, 42.417595116 ], [ -83.116360390999901, 42.417580175000097 ], [ -83.116773598999899, 42.4175715760001 ], [ -83.11885305, 42.417538522 ], [ -83.120720749, 42.417508688000098 ], [ -83.121852352, 42.417482376000102 ], [ -83.1213105799999, 42.416687623 ], [ -83.120775932999905, 42.415903469000099 ], [ -83.120230949, 42.415104134 ], [ -83.119685821, 42.414304566 ], [ -83.119145186, 42.4135115650001 ], [ -83.118605201, 42.412719694 ], [ -83.118081263, 42.411927134 ], [ -83.117582021, 42.411172105 ], [ -83.117416202999905, 42.410926550000099 ], [ -83.117066365, 42.410392235000103 ], [ -83.116406901999895, 42.409394836000097 ], [ -83.115631228, 42.408221485000098 ], [ -83.113931644, 42.405796024 ], [ -83.113223308, 42.404652539 ], [ -83.113207399, 42.4046380670001 ], [ -83.113175428, 42.404590157 ], [ -83.113112562999902, 42.404493561 ], [ -83.112077095, 42.403121571 ], [ -83.11201009, 42.403032207000102 ], [ -83.111492943, 42.402288336 ], [ -83.111038676999897, 42.401635939000101 ], [ -83.110811732999906, 42.401298303 ], [ -83.110591987, 42.400971371 ], [ -83.110370525999897, 42.400645231 ], [ -83.110130661999904, 42.400292054 ], [ -83.109893045, 42.399940891 ], [ -83.109756778, 42.3997411080001 ], [ -83.109658101, 42.399598024 ], [ -83.109428394, 42.399259367000099 ], [ -83.109286724, 42.399049715 ], [ -83.109171218999904, 42.3988810130001 ], [ -83.109073541, 42.398738345 ], [ -83.108968768, 42.398585314000101 ], [ -83.10883301, 42.398387024 ], [ -83.108807091, 42.398349168 ], [ -83.108627032999905, 42.39808617 ], [ -83.108483411999899, 42.397876391000104 ], [ -83.108472097999893, 42.3978494730001 ], [ -83.107883189999896, 42.396969295000098 ], [ -83.107055213, 42.395741071 ], [ -83.106655160999907, 42.395051219 ], [ -83.105693735, 42.393363454 ], [ -83.105443411, 42.39302209 ], [ -83.105165665, 42.392616799 ], [ -83.104887648, 42.392213125000097 ], [ -83.104686687, 42.391921415000098 ], [ -83.104599596, 42.391813210000102 ], [ -83.104494615, 42.3916827460001 ], [ -83.104310168, 42.391415530000103 ], [ -83.1040275, 42.3910080200001 ], [ -83.103745010999901, 42.390609967000103 ], [ -83.103461178, 42.390206403 ], [ -83.103179357, 42.389804581000099 ], [ -83.10292614, 42.389455891000097 ], [ -83.102292308, 42.388608283 ], [ -83.102074462, 42.3882895630001 ], [ -83.102089435, 42.388284182000099 ], [ -83.102282434999907, 42.388092183 ], [ -83.102528435999901, 42.388460183000099 ], [ -83.102597435, 42.388559183 ], [ -83.102947435, 42.389058182 ], [ -83.103013435, 42.389160183000101 ], [ -83.103168436, 42.389401183000103 ], [ -83.103339435999899, 42.389652183000102 ], [ -83.103557436, 42.389939183000102 ], [ -83.103723435999896, 42.390150183000102 ], [ -83.104341436, 42.390940183 ], [ -83.104419435999901, 42.391038183 ], [ -83.104895435999893, 42.391701183000102 ], [ -83.105466437, 42.392497183 ], [ -83.105910436, 42.393109183 ], [ -83.106105435999893, 42.393585184000102 ], [ -83.106177437, 42.393759183 ], [ -83.106288437, 42.393998184 ], [ -83.106346437, 42.394124183 ], [ -83.106475437, 42.394373183 ], [ -83.106632437, 42.394652183000098 ], [ -83.106885437, 42.395015184 ], [ -83.107019437, 42.395470184 ], [ -83.107138436999904, 42.395748184000098 ], [ -83.107766437999899, 42.396680184 ], [ -83.107966437999906, 42.396977184 ], [ -83.108555437999897, 42.397857184 ], [ -83.108567438, 42.397884184000098 ], [ -83.108710438999907, 42.398093184 ], [ -83.108890437999904, 42.3983561840001 ], [ -83.108916437999895, 42.398394184 ], [ -83.109052437999907, 42.398593184 ], [ -83.109054438, 42.398625184 ], [ -83.109123438, 42.398757184 ], [ -83.109216438, 42.398871184 ], [ -83.109254437999894, 42.398888184 ], [ -83.109288438, 42.398937184 ], [ -83.109370438, 42.3990571840001 ], [ -83.109741438999905, 42.399605184000102 ], [ -83.109840437999907, 42.399748184 ], [ -83.110214438, 42.400299184000097 ], [ -83.110675439, 42.400979184 ], [ -83.111122439, 42.4016431840001 ], [ -83.11157644, 42.4022961840001 ], [ -83.11209344, 42.403039185000097 ], [ -83.11216044, 42.4031291840001 ], [ -83.11319644, 42.4045011850001 ], [ -83.11323744, 42.404562185 ], [ -83.11327744, 42.404624185 ], [ -83.11331344, 42.404681185000101 ], [ -83.11401544, 42.405803185 ], [ -83.115714441, 42.408229185 ], [ -83.115748440999894, 42.408191185000099 ], [ -83.115762441, 42.408145186000098 ], [ -83.116400441, 42.408049185 ], [ -83.116418442, 42.408331186000098 ], [ -83.116422440999898, 42.4083961850001 ], [ -83.116923441, 42.408307185000098 ], [ -83.117027441999895, 42.409986185 ], [ -83.117502442, 42.409973185000098 ], [ -83.117528441, 42.410391186 ], [ -83.118533441999901, 42.410368186 ], [ -83.119482443, 42.410346185 ], [ -83.120460443, 42.410324186 ], [ -83.121558443, 42.410300185 ], [ -83.122089443, 42.410287185000101 ], [ -83.122231444, 42.412670186000099 ], [ -83.1223754439999, 42.415079186000099 ], [ -83.122519444, 42.417477187 ], [ -83.122339444, 42.417481187000099 ], [ -83.1223754439999, 42.418120187000099 ], [ -83.122582444, 42.418116187000102 ], [ -83.130149447, 42.417968186 ], [ -83.130397447, 42.423288187 ], [ -83.130594447, 42.427733188000097 ], [ -83.130664447, 42.429302188000101 ], [ -83.130739448, 42.431126189000103 ], [ -83.1296294469999, 42.431159189 ], [ -83.129640448, 42.431418189 ], [ -83.129651447999905, 42.431680189000097 ], [ -83.129757447, 42.431805189 ], [ -83.131475447999904, 42.4328751890001 ], [ -83.131646448, 42.433852189 ], [ -83.132005449, 42.43768019 ], [ -83.133906448999895, 42.43761519 ], [ -83.13409845, 42.43905719 ], [ -83.133472449, 42.43907219 ], [ -83.132987449, 42.43907819 ], [ -83.132866448999906, 42.43905519 ], [ -83.132372448999902, 42.43907219 ], [ -83.13257945, 42.444418191000103 ], [ -83.132592449, 42.444837191 ], [ -83.13318945, 42.444818191 ], [ -83.13319545, 42.444996191 ], [ -83.13320645, 42.445307191 ], [ -83.133222449999906, 42.446126191000097 ], [ -83.133224449999901, 42.446267191000103 ], [ -83.13238645, 42.446287191000103 ], [ -83.132978449999896, 42.4463641910001 ], [ -83.13307345, 42.446384191 ], [ -83.133099011999903, 42.446394749 ], [ -83.133038715, 42.446395618 ], [ -83.127656811999898, 42.446490618 ], [ -83.125248895, 42.446563032 ], [ -83.124994499, 42.446568257000102 ], [ -83.124818591999897, 42.446570147 ], [ -83.124629477, 42.446578590000101 ], [ -83.122573492, 42.446637896 ], [ -83.122158326, 42.446646113 ], [ -83.120501819999902, 42.446670433000101 ], [ -83.117412535, 42.4467196780001 ], [ -83.112673903999905, 42.446795055000102 ], [ -83.112599298, 42.446798253 ], [ -83.112290206999901, 42.44680858 ], [ -83.111677668, 42.446829043 ], [ -83.109571693, 42.446957399 ], [ -83.109396027999907, 42.446972472 ], [ -83.105316381, 42.447082096 ], [ -83.102796311, 42.447139818 ], [ -83.101658727, 42.447101279 ], [ -83.100327305999897, 42.447018183000097 ], [ -83.10005144, 42.446998193000098 ], [ -83.099904198, 42.446989532 ], [ -83.099554933, 42.4469653190001 ], [ -83.099153937, 42.446928762 ], [ -83.099105439, 42.446924193 ], [ -83.099100903, 42.4469239270001 ], [ -83.099019911, 42.446916543 ], [ -83.097361174, 42.44682047 ], [ -83.095899953999904, 42.446839829000098 ], [ -83.095239979, 42.446852156 ], [ -83.094849363, 42.446862410000101 ], [ -83.0946172, 42.446865507 ], [ -83.094275873999905, 42.44687363 ], [ -83.093026973999898, 42.446897185000097 ], [ -83.090190365, 42.446997059000097 ], [ -83.086256084999903, 42.44710329 ], [ -83.085827137, 42.447112579000098 ], [ -83.084517996, 42.447136835 ], [ -83.0835459, 42.447150746 ], [ -83.083392477, 42.447066994000103 ] ] ] } },
{ "type": "Feature", "properties": { "OBJECTID": 13, "zipcode": "48204", "total_renters": 4284.0, "renters_30_35pct": 193.0, "renters_35_40pct": 229.0, "renters_40_50pct": 196.0, "renters_50plus_pct": 1602.0, "total_owners": 4454.0, "owners_mtg_30_35pct": 65.0, "owners_mtg_35_40pct": 73.0, "owners_mtg_40_50pct": 181.0, "owners_mtg_50plus_pct": 154.0, "owners_nomtg_30_35pct": 169.0, "owners_nomtg_35_40pct": 92.0, "owners_nomtg_40_50pct": 98.0, "owners_nomtg_50plus_pct": 397.0, "median_household_income": "382323", "median_home_value": "559100", "renters_burden_30plus": 2220.0, "pct_renters_30plus": 51.8, "owners_burden_30plus": 1229.0, "pct_owners_30plus": 27.6, "total_households": 8738.0, "burden_30plus_all": 3449.0, "pct_burden_30plus_all": 39.5, "renters_burden_50plus": 1602.0, "owners_burden_50plus": 551.0, "burden_50plus_all": 2153.0, "pct_burden_50plus_all": 24.6, "price_income_ratio": "1.462376053755594", "housing_shortage": false, "renter_accessibility_crisis": true, "housing_category": "Accessibility Only" }, "geometry": { "type": "Polygon", "coordinates": [ [ [ -83.109230435, 42.357715177 ], [ -83.109072434, 42.357478177000097 ], [ -83.108847434, 42.357141177000102 ], [ -83.109290434999906, 42.356974177 ], [ -83.109563435, 42.356865177 ], [ -83.109856435, 42.356747176000098 ], [ -83.110214435, 42.356592176 ], [ -83.110327435, 42.3565341770001 ], [ -83.110496435, 42.356435176000097 ], [ -83.110679435, 42.356306176 ], [ -83.110727434999902, 42.356224176000097 ], [ -83.110803435, 42.356133177000103 ], [ -83.110879435, 42.356065176000101 ], [ -83.111016435, 42.355962177 ], [ -83.111153434999906, 42.355882176000101 ], [ -83.111241435, 42.355841177000102 ], [ -83.111333434999906, 42.355806176 ], [ -83.111429434999906, 42.355777177 ], [ -83.111529435, 42.355754176000097 ], [ -83.111653434999894, 42.355740176 ], [ -83.112486434999894, 42.355693176 ], [ -83.113639436, 42.355220176 ], [ -83.114814436, 42.3547821760001 ], [ -83.115977436, 42.354347176 ], [ -83.116216436999906, 42.354258176 ], [ -83.116018436, 42.353961176 ], [ -83.116002436, 42.353918175 ], [ -83.116106435999896, 42.3538421760001 ], [ -83.117072437, 42.353480176 ], [ -83.118049436, 42.353114176000098 ], [ -83.118157436, 42.353074175000103 ], [ -83.118665436999905, 42.352883175 ], [ -83.118665436999905, 42.352853175 ], [ -83.118729437, 42.352829175000103 ], [ -83.119088437, 42.352830175000101 ], [ -83.119110438, 42.352706175 ], [ -83.119194437, 42.352665176000102 ], [ -83.119307437, 42.352611175 ], [ -83.119902437, 42.352388176 ], [ -83.120140438, 42.352382176 ], [ -83.120246436999906, 42.352374175000101 ], [ -83.120239437999899, 42.352343175 ], [ -83.120215437, 42.3517721750001 ], [ -83.121269438, 42.351753175 ], [ -83.121277437999893, 42.352034175 ], [ -83.121285438, 42.352079175 ], [ -83.121300437999906, 42.352109175000102 ], [ -83.121437438, 42.352302175 ], [ -83.122577437999894, 42.351867175000102 ], [ -83.122665438999903, 42.351838175000097 ], [ -83.122717437999896, 42.351833175 ], [ -83.123128438, 42.351846175 ], [ -83.124385438, 42.351868175 ], [ -83.125663438999894, 42.351890175000101 ], [ -83.127033438999902, 42.351914175 ], [ -83.12825144, 42.351936175 ], [ -83.129764441, 42.351968175 ], [ -83.132084441, 42.352012174 ], [ -83.132194441, 42.3520141750001 ], [ -83.133510440999899, 42.352039175000101 ], [ -83.1345864419999, 42.352060174 ], [ -83.135707442, 42.352080174 ], [ -83.137147442, 42.352100175 ], [ -83.138250442999905, 42.352109174000098 ], [ -83.139719443, 42.352084174 ], [ -83.140001443, 42.352078174 ], [ -83.140732444, 42.352064174000098 ], [ -83.141064444, 42.352057174 ], [ -83.141743444, 42.352043174000102 ], [ -83.142129444, 42.352036174 ], [ -83.142802444, 42.352022174000098 ], [ -83.143192444, 42.352014174 ], [ -83.143909444, 42.352000174000104 ], [ -83.144254444999902, 42.351993174 ], [ -83.144967445, 42.351978174000102 ], [ -83.145246444999898, 42.351973174000101 ], [ -83.146025446, 42.351958174 ], [ -83.1462534449999, 42.351954174000099 ], [ -83.147083446, 42.351937174 ], [ -83.147740445, 42.351924174 ], [ -83.148622446, 42.351906174000099 ], [ -83.149627446999901, 42.351885173 ], [ -83.150634446, 42.351864174000099 ], [ -83.151639447, 42.351844174000099 ], [ -83.152639447, 42.351824173000097 ], [ -83.1539914479999, 42.351795173 ], [ -83.155167449, 42.351772173 ], [ -83.156343448, 42.3517481740001 ], [ -83.157529449, 42.351724173 ], [ -83.158668448999904, 42.351699174 ], [ -83.15977745, 42.351675173 ], [ -83.160933449999902, 42.351650173 ], [ -83.16209345, 42.351626173 ], [ -83.163920451, 42.351585173000103 ], [ -83.165029451, 42.3515611730001 ], [ -83.166126451, 42.351536172000102 ], [ -83.166299451, 42.351532173000102 ], [ -83.1673974509999, 42.351507173000101 ], [ -83.167438451999899, 42.352359173 ], [ -83.166889451, 42.352369173000099 ], [ -83.166791452, 42.352370173000097 ], [ -83.166841452, 42.3536491730001 ], [ -83.166862452, 42.353928173 ], [ -83.166870452, 42.354034173000102 ], [ -83.166951452, 42.355911174 ], [ -83.167158452, 42.355903173000101 ], [ -83.167597452, 42.355886174 ], [ -83.167610452, 42.356171173 ], [ -83.167619451999897, 42.356356174 ], [ -83.167629452, 42.356577174 ], [ -83.167632453, 42.356653174 ], [ -83.167651453, 42.357066174000103 ], [ -83.167172452, 42.357082174 ], [ -83.166993452, 42.357088174000097 ], [ -83.167046453, 42.358309174 ], [ -83.167086452, 42.358363174 ], [ -83.167098452999895, 42.358637174000101 ], [ -83.167210452999896, 42.358749174 ], [ -83.167262453, 42.361024175000097 ], [ -83.167326453, 42.363830175 ], [ -83.167378453, 42.366017175 ], [ -83.167471454, 42.368874176000098 ], [ -83.1675424539999, 42.371062176000102 ], [ -83.167614454, 42.373248177 ], [ -83.167690454, 42.375610177 ], [ -83.167764454999897, 42.378853178 ], [ -83.168366454, 42.379079177 ], [ -83.168390455, 42.379673178000097 ], [ -83.168394454999898, 42.379756178 ], [ -83.168396453999904, 42.379828178 ], [ -83.168456455, 42.380499178 ], [ -83.168202455, 42.380505178000099 ], [ -83.167919454, 42.380512178000103 ], [ -83.167364455, 42.380526178 ], [ -83.166300454, 42.380554178000096 ], [ -83.165462454, 42.3805751780001 ], [ -83.165234454, 42.380581178 ], [ -83.164231453, 42.3806091780001 ], [ -83.164135453, 42.380611178 ], [ -83.163102453, 42.380636178 ], [ -83.162049453, 42.380663178000098 ], [ -83.160992452999906, 42.380691178 ], [ -83.160458453, 42.380710178000101 ], [ -83.160335453, 42.380708178000098 ], [ -83.159923452, 42.380720178000097 ], [ -83.158838451999898, 42.380747178 ], [ -83.157825451, 42.380774178000102 ], [ -83.156844451, 42.380799178000103 ], [ -83.155861451, 42.380823178000099 ], [ -83.154876451, 42.380848179 ], [ -83.153908450999893, 42.380873179 ], [ -83.15282045, 42.380900179 ], [ -83.151684448999902, 42.380928179000101 ], [ -83.15059945, 42.380954179000099 ], [ -83.149577448999906, 42.380980179000098 ], [ -83.149053449, 42.380991179 ], [ -83.148120449, 42.381011179 ], [ -83.147432448, 42.381025179000098 ], [ -83.147200448, 42.381030179 ], [ -83.146967447999899, 42.381034179 ], [ -83.146641448, 42.3810411790001 ], [ -83.146456448, 42.381044179000099 ], [ -83.146179447999899, 42.381050179 ], [ -83.145181448, 42.381070179000098 ], [ -83.145066447, 42.381072179 ], [ -83.144210447, 42.381089179000099 ], [ -83.143994447, 42.381094179000101 ], [ -83.143698446999906, 42.3811001790001 ], [ -83.142567447, 42.381122179 ], [ -83.141481445999901, 42.381144179 ], [ -83.140390446, 42.381165179 ], [ -83.139846446, 42.381177180000101 ], [ -83.139321445999897, 42.38119318 ], [ -83.139307446, 42.38082918 ], [ -83.138855446, 42.3810001800001 ], [ -83.138830446, 42.38057618 ], [ -83.138823445, 42.380462179000098 ], [ -83.136334445, 42.381415179000101 ], [ -83.136411445, 42.38152618 ], [ -83.136554444999902, 42.381732179 ], [ -83.136585445, 42.38186218 ], [ -83.136005445, 42.38208418 ], [ -83.135570445, 42.38224818 ], [ -83.135157444999905, 42.38181918 ], [ -83.132010443999903, 42.383048180000102 ], [ -83.130150442999906, 42.38377518 ], [ -83.129861443, 42.383345181 ], [ -83.129338442999895, 42.382570180000101 ], [ -83.128942443, 42.38197818 ], [ -83.128501442999905, 42.38132218 ], [ -83.128054442999897, 42.380665180000101 ], [ -83.127610441999906, 42.380007179000103 ], [ -83.127155441999903, 42.379335179000101 ], [ -83.126702441, 42.378664179 ], [ -83.126250441, 42.37799318 ], [ -83.125796441, 42.377321179 ], [ -83.125343441, 42.376649180000101 ], [ -83.124887441, 42.3759781790001 ], [ -83.124450441, 42.376142179 ], [ -83.123756441, 42.375104179000097 ], [ -83.123042439999907, 42.374050179000101 ], [ -83.12198144, 42.372484179 ], [ -83.121942439, 42.372427178000102 ], [ -83.120906439, 42.370911179000103 ], [ -83.120104439, 42.369692179 ], [ -83.120510439, 42.369534179 ], [ -83.120258438999898, 42.3691661780001 ], [ -83.119932439, 42.369290178 ], [ -83.119468438999903, 42.368606178 ], [ -83.119022438999906, 42.367949178 ], [ -83.118578438, 42.367292178000099 ], [ -83.118123438, 42.366623178000097 ], [ -83.117643438, 42.365916178000099 ], [ -83.117165438, 42.365210178 ], [ -83.116687438, 42.364505178000101 ], [ -83.116211437999894, 42.363803178000097 ], [ -83.115736437, 42.363102177 ], [ -83.115244436999902, 42.362374177 ], [ -83.114740436, 42.361631177 ], [ -83.114258436, 42.360918177 ], [ -83.113775437, 42.360204177000099 ], [ -83.113291435999898, 42.359490177000097 ], [ -83.112811436, 42.358777177 ], [ -83.112404436, 42.358164177 ], [ -83.112399436, 42.358013177 ], [ -83.112250436, 42.357952177000101 ], [ -83.110930434999901, 42.357418177 ], [ -83.110741435, 42.357624177 ], [ -83.110653435, 42.357699177 ], [ -83.110592435, 42.357737177 ], [ -83.110526434999898, 42.357770177000098 ], [ -83.109518433999895, 42.358147177 ], [ -83.109230435, 42.357715177 ] ] ] } },
{ "type": "Feature", "properties": { "OBJECTID": 14, "zipcode": "48205", "total_renters": 7208.0, "renters_30_35pct": 785.0, "renters_35_40pct": 590.0, "renters_40_50pct": 533.0, "renters_50plus_pct": 2264.0, "total_owners": 5280.0, "owners_mtg_30_35pct": 66.0, "owners_mtg_35_40pct": 97.0, "owners_mtg_40_50pct": 91.0, "owners_mtg_50plus_pct": 249.0, "owners_nomtg_30_35pct": 189.0, "owners_nomtg_35_40pct": 46.0, "owners_nomtg_40_50pct": 260.0, "owners_nomtg_50plus_pct": 289.0, "median_household_income": "560597", "median_home_value": "757200", "renters_burden_30plus": 4172.0, "pct_renters_30plus": 57.9, "owners_burden_30plus": 1287.0, "pct_owners_30plus": 24.4, "total_households": 12488.0, "burden_30plus_all": 5459.0, "pct_burden_30plus_all": 43.7, "renters_burden_50plus": 2264.0, "owners_burden_50plus": 538.0, "burden_50plus_all": 2802.0, "pct_burden_50plus_all": 22.4, "price_income_ratio": "1.3507029113605673", "housing_shortage": false, "renter_accessibility_crisis": true, "housing_category": "Accessibility Only" }, "geometry": { "type": "Polygon", "coordinates": [ [ [ -82.952298394, 42.436569199000097 ], [ -82.952606394, 42.436093199 ], [ -82.952405394, 42.435816199 ], [ -82.952332392999907, 42.435675198000098 ], [ -82.952390394, 42.4356941980001 ], [ -82.953327394, 42.435681198000097 ], [ -82.955005394, 42.435656198000103 ], [ -82.955066394, 42.435646199000097 ], [ -82.955136394, 42.435622198 ], [ -82.955376394, 42.435476198000103 ], [ -82.954236394, 42.434999198000099 ], [ -82.953905393999904, 42.4348721980001 ], [ -82.953846394, 42.434849198000101 ], [ -82.953684392999904, 42.434787198 ], [ -82.953726393999901, 42.4346131980001 ], [ -82.954191394, 42.434001198 ], [ -82.954281394, 42.433882198 ], [ -82.954810393999907, 42.433185198 ], [ -82.954886394, 42.433084198000103 ], [ -82.955363394, 42.432451198000102 ], [ -82.955408394, 42.432376198 ], [ -82.955488394, 42.432269198 ], [ -82.956023393999899, 42.431563197000102 ], [ -82.956119394, 42.431427197000097 ], [ -82.956607394999907, 42.4307281970001 ], [ -82.956658395, 42.430656197000097 ], [ -82.956770395, 42.430640198 ], [ -82.957297394, 42.429886197 ], [ -82.957186395, 42.429868197000097 ], [ -82.956789393999898, 42.429728197 ], [ -82.957256393999899, 42.429109197000102 ], [ -82.957694395, 42.429396197000102 ], [ -82.957837395, 42.429501197 ], [ -82.957961395, 42.429609197 ], [ -82.957926394, 42.429341197 ], [ -82.958692395, 42.428314197000098 ], [ -82.958746394999906, 42.428209197000101 ], [ -82.958911394, 42.427887197000103 ], [ -82.959450394, 42.427177196000102 ], [ -82.959516395, 42.427091196 ], [ -82.959989395, 42.426462196 ], [ -82.960069394999906, 42.426356197000104 ], [ -82.960602395, 42.425653196 ], [ -82.961180395, 42.424891196 ], [ -82.961216395, 42.424830196000102 ], [ -82.9617783959999, 42.424086196000097 ], [ -82.961822395, 42.424028196000101 ], [ -82.961901396, 42.423923196 ], [ -82.962463395, 42.423199196 ], [ -82.962516396, 42.423130196 ], [ -82.962760395, 42.422809195000099 ], [ -82.963690395999905, 42.422805195000102 ], [ -82.963676396, 42.422413195 ], [ -82.963090396, 42.422420195 ], [ -82.963060395999904, 42.422416195 ], [ -82.962448395, 42.422166195 ], [ -82.963048395, 42.421364195000102 ], [ -82.963629396, 42.421604196 ], [ -82.963685396, 42.421617195000103 ], [ -82.965070396, 42.421602195 ], [ -82.965040395999907, 42.420783195000098 ], [ -82.963916395999902, 42.4207881950001 ], [ -82.963754395, 42.420793195 ], [ -82.963462395, 42.420823195 ], [ -82.963796395, 42.420378195000097 ], [ -82.964091396, 42.419990195 ], [ -82.964353396, 42.419645195 ], [ -82.964958396, 42.418850195000097 ], [ -82.964974395999903, 42.419210195000097 ], [ -82.964989396, 42.419568195000103 ], [ -82.9674703969999, 42.419576195 ], [ -82.971210398, 42.419588195000102 ], [ -82.973565398999895, 42.418816195 ], [ -82.976221398999897, 42.417805194 ], [ -82.9789354, 42.416885194 ], [ -82.981754401, 42.415908193000099 ], [ -82.984447401999901, 42.414948193 ], [ -82.987161402, 42.414000193 ], [ -82.9899374029999, 42.413032193 ], [ -82.990876403, 42.412688193000101 ], [ -82.992781404, 42.412136192 ], [ -82.993233404, 42.411447192 ], [ -82.993483404, 42.411360192000103 ], [ -82.993735403999906, 42.411760192 ], [ -82.996928404999906, 42.4105311920001 ], [ -82.998855406, 42.409929191000103 ], [ -82.999357405999902, 42.4097401920001 ], [ -82.999222404999898, 42.409518191000103 ], [ -82.999123406, 42.409357191 ], [ -82.999131405, 42.409317192 ], [ -82.999112405999895, 42.409257191000101 ], [ -82.998953405999899, 42.409001191000101 ], [ -82.998721405, 42.408650191000099 ], [ -83.000584406, 42.407992191000098 ], [ -83.001200406, 42.407776191 ], [ -83.002759407, 42.408985191000099 ], [ -83.003538407, 42.409587191000099 ], [ -83.004324407, 42.410194191000102 ], [ -83.005120408, 42.410813192 ], [ -83.005396408, 42.411027191000102 ], [ -83.005914408, 42.411447192 ], [ -83.006100408, 42.411598191 ], [ -83.006658408, 42.412085191000102 ], [ -83.007219408, 42.412579192000102 ], [ -83.007384408, 42.412733191 ], [ -83.0074324079999, 42.412778192000097 ], [ -83.008047409, 42.413495192 ], [ -83.008727408, 42.4142881920001 ], [ -83.009395409, 42.415070192 ], [ -83.010040408999899, 42.415823192000097 ], [ -83.010663409999907, 42.416550192 ], [ -83.01103241, 42.416980192 ], [ -83.01133541, 42.417306192000098 ], [ -83.011564409999906, 42.4175361920001 ], [ -83.01207441, 42.418014192 ], [ -83.013119409999902, 42.418976193 ], [ -83.01324141, 42.419090193 ], [ -83.01279941, 42.419302192 ], [ -83.01185241, 42.419337193 ], [ -83.01037441, 42.419391193000102 ], [ -83.00897141, 42.419443193000099 ], [ -83.008883409, 42.419446192000102 ], [ -83.008389409, 42.419626192000102 ], [ -83.007979409, 42.419250193 ], [ -83.006211408999903, 42.419537193 ], [ -83.0062394079999, 42.419916193000098 ], [ -83.005207408, 42.419946193 ], [ -83.004653408, 42.419945193 ], [ -83.004759409, 42.422181193 ], [ -83.004816408999901, 42.423824193 ], [ -83.004828408, 42.424164193000102 ], [ -83.004793408, 42.425401194000102 ], [ -83.004907408999898, 42.427221194 ], [ -83.004999408999893, 42.428690195000101 ], [ -83.004963409, 42.429015195 ], [ -83.005133408999896, 42.430830195 ], [ -83.005126408999899, 42.432633195000101 ], [ -83.005197408999905, 42.4340431950001 ], [ -83.004674409, 42.434050195 ], [ -83.004696409, 42.434434196 ], [ -83.005191409, 42.434422195 ], [ -83.00526641, 42.436461196 ], [ -83.00534841, 42.438670196 ], [ -83.00540141, 42.440089197000098 ], [ -83.005397409999901, 42.440194197 ], [ -83.00544741, 42.441661197 ], [ -83.006014411, 42.441647197000101 ], [ -83.007049411, 42.441620197000098 ], [ -83.008085411, 42.441592197 ], [ -83.0091534109999, 42.441565196 ], [ -83.010654412, 42.441666196 ], [ -83.010765412, 42.441680197 ], [ -83.010796412, 42.441684197 ], [ -83.010850412, 42.441691197000097 ], [ -83.006720410999904, 42.447196198 ], [ -83.005538411, 42.448814198 ], [ -83.005501411, 42.448815198 ], [ -83.005345411, 42.448821198000097 ], [ -83.005270411, 42.448824198000104 ], [ -83.005189410999904, 42.448827198000103 ], [ -83.004870411, 42.448840198 ], [ -83.004769411, 42.448844198000103 ], [ -83.003776409999901, 42.448885198 ], [ -83.00270241, 42.448909198000102 ], [ -83.00262141, 42.448909198000102 ], [ -83.00252041, 42.4489101980001 ], [ -83.00111041, 42.448918199 ], [ -83.000862409, 42.448921199 ], [ -83.000740409999906, 42.448923198 ], [ -83.000352409999905, 42.448928198 ], [ -83.000170409, 42.448935199000097 ], [ -82.999144408999896, 42.448976198 ], [ -82.999102409, 42.448978198000098 ], [ -82.998881409, 42.448984198000097 ], [ -82.998578408999904, 42.448993199 ], [ -82.997869409, 42.449014198 ], [ -82.996630408, 42.449041199000099 ], [ -82.996533407999905, 42.449043198 ], [ -82.995443408, 42.4490661990001 ], [ -82.995428408, 42.4490661990001 ], [ -82.994711407, 42.449082199 ], [ -82.994203407, 42.449095199000098 ], [ -82.994126407, 42.4490971990001 ], [ -82.993399407, 42.449112199000098 ], [ -82.992953407, 42.449122198000097 ], [ -82.9929374069999, 42.449122198000097 ], [ -82.992283406999903, 42.449138199000103 ], [ -82.992167407, 42.449141199 ], [ -82.991775407, 42.449149199 ], [ -82.991747406999906, 42.449150199 ], [ -82.990750406, 42.449173199 ], [ -82.990547406, 42.449177199000097 ], [ -82.990367406, 42.449180199000097 ], [ -82.989452405999899, 42.449199199000098 ], [ -82.989304406, 42.449203199000102 ], [ -82.9881684059999, 42.449229199000101 ], [ -82.988097406, 42.449231199 ], [ -82.987915405, 42.449235199 ], [ -82.987819406, 42.449237199 ], [ -82.987792405, 42.449238199 ], [ -82.987662405, 42.449241199 ], [ -82.986892406, 42.449259199 ], [ -82.985663405, 42.449288199000101 ], [ -82.983675405, 42.449336199000101 ], [ -82.9835574049999, 42.4493391990001 ], [ -82.983487404, 42.449341199000102 ], [ -82.983202403999897, 42.449347199 ], [ -82.981559403, 42.449388199 ], [ -82.980927403, 42.449405199000097 ], [ -82.980772403999893, 42.449409200000098 ], [ -82.980322402999903, 42.449421200000103 ], [ -82.980156404, 42.449425199000103 ], [ -82.978929402999896, 42.449457199000101 ], [ -82.978322401999904, 42.449473200000099 ], [ -82.978262403, 42.449475199000098 ], [ -82.977820402, 42.449486199 ], [ -82.977735402999897, 42.449488200000097 ], [ -82.977181403, 42.4495022 ], [ -82.977085401999901, 42.4495052 ], [ -82.977021401999906, 42.4495072 ], [ -82.976326402, 42.4495252 ], [ -82.975852402, 42.449538200000099 ], [ -82.974629401, 42.4495682 ], [ -82.974318401999895, 42.449576200000102 ], [ -82.973812401, 42.4495892 ], [ -82.973557400999894, 42.4495952 ], [ -82.973391401, 42.449599200000101 ], [ -82.973182401, 42.449604200000103 ], [ -82.972854400999907, 42.4496122 ], [ -82.972417401, 42.449623200000097 ], [ -82.972223401, 42.449628200000099 ], [ -82.9720834, 42.4496322 ], [ -82.971672401, 42.449648200000098 ], [ -82.971425401, 42.4496582 ], [ -82.971329399999902, 42.4496622 ], [ -82.971045401, 42.449673200000099 ], [ -82.970925399999899, 42.4496782 ], [ -82.970608399999904, 42.449697200000102 ], [ -82.9699214, 42.449741200000098 ], [ -82.9698294, 42.4497462 ], [ -82.9691054, 42.4497932 ], [ -82.9687224, 42.4498142 ], [ -82.968303399, 42.4498302000001 ], [ -82.9679424, 42.4498442 ], [ -82.967885399999901, 42.4498462 ], [ -82.9676954, 42.449851200000097 ], [ -82.966097399, 42.449894200000102 ], [ -82.9649403989999, 42.449915200000099 ], [ -82.964732398, 42.449919200000103 ], [ -82.964660399, 42.449920200000101 ], [ -82.963894398, 42.4499352 ], [ -82.963677398, 42.449939200000102 ], [ -82.963403399, 42.449943200000099 ], [ -82.963282398, 42.449945200000101 ], [ -82.962177397999895, 42.449961200000097 ], [ -82.961116397, 42.4499782010001 ], [ -82.961003397, 42.449980201000102 ], [ -82.960123397, 42.449995201 ], [ -82.959172396, 42.450011201000102 ], [ -82.958640397, 42.450021201 ], [ -82.957740397, 42.450034201000101 ], [ -82.957710396, 42.450034201000101 ], [ -82.956844396, 42.450047201000103 ], [ -82.956610396, 42.450050201000103 ], [ -82.956214396, 42.450056201000102 ], [ -82.956068396, 42.450059201 ], [ -82.955487396, 42.4500712010001 ], [ -82.955037395, 42.450078201 ], [ -82.953963395, 42.450098201000102 ], [ -82.953894395, 42.450100201 ], [ -82.953754396, 42.450103201 ], [ -82.952736395, 42.450123201000103 ], [ -82.952503394, 42.450127201 ], [ -82.951646395, 42.4501442010001 ], [ -82.951412394, 42.450149201 ], [ -82.951319394, 42.450151201 ], [ -82.949639394, 42.450183201000101 ], [ -82.949547394, 42.450185201000103 ], [ -82.949456392999906, 42.450186201000101 ], [ -82.948843393999894, 42.450198201 ], [ -82.948482392999907, 42.450205201000102 ], [ -82.948110394, 42.450212201 ], [ -82.947581393, 42.450222201 ], [ -82.946396393, 42.450237201 ], [ -82.946212392999897, 42.450236202 ], [ -82.946059393, 42.450236202 ], [ -82.945521393, 42.450232201000098 ], [ -82.9453103929999, 42.450228201000101 ], [ -82.943768392, 42.450207201000097 ], [ -82.943314391999905, 42.450201201 ], [ -82.942999392, 42.450207201000097 ], [ -82.9426353919999, 42.450213201 ], [ -82.942293392, 42.450219201 ], [ -82.942153392, 42.450222201 ], [ -82.941624390999905, 42.450232201000098 ], [ -82.941287390999904, 42.450238201 ], [ -82.942220391, 42.449213201000099 ], [ -82.942685390999898, 42.449426201 ], [ -82.943431392, 42.448487201 ], [ -82.943539391999906, 42.448350201 ], [ -82.944067392, 42.447650201000101 ], [ -82.944128392, 42.4475692010001 ], [ -82.944811392, 42.446667201 ], [ -82.945012392, 42.446400201000102 ], [ -82.945558392, 42.445736201 ], [ -82.945600391999903, 42.4457402 ], [ -82.946249393, 42.4457312010001 ], [ -82.946224393, 42.4448392 ], [ -82.946206392, 42.4442692000001 ], [ -82.946131393, 42.444114200000101 ], [ -82.946400392, 42.4436932 ], [ -82.946805392, 42.4430442 ], [ -82.946883392, 42.4429302 ], [ -82.947010392, 42.442960200000101 ], [ -82.947056392, 42.442965200000103 ], [ -82.947450392999897, 42.442961200000099 ], [ -82.948040393, 42.4421422 ], [ -82.948126392999896, 42.442020199000098 ], [ -82.948216391999907, 42.4419182 ], [ -82.948822393, 42.441111200000101 ], [ -82.948900393, 42.4410102000001 ], [ -82.949406392999904, 42.4403391990001 ], [ -82.949507393, 42.440202200000101 ], [ -82.950158393, 42.439352199 ], [ -82.950197392999897, 42.439293199000097 ], [ -82.950767393, 42.438540199 ], [ -82.950895392999897, 42.438382199 ], [ -82.951514393, 42.4375641990001 ], [ -82.951575393, 42.437476199000102 ], [ -82.951716393, 42.437273199000103 ], [ -82.951750392999898, 42.437290199000103 ], [ -82.952236394, 42.436643198000098 ], [ -82.952298394, 42.436569199000097 ] ] ] } },
{ "type": "Feature", "properties": { "OBJECTID": 15, "zipcode": "48206", "total_renters": 3907.0, "renters_30_35pct": 505.0, "renters_35_40pct": 174.0, "renters_40_50pct": 332.0, "renters_50plus_pct": 922.0, "total_owners": 3050.0, "owners_mtg_30_35pct": 45.0, "owners_mtg_35_40pct": 6.0, "owners_mtg_40_50pct": 16.0, "owners_mtg_50plus_pct": 71.0, "owners_nomtg_30_35pct": 107.0, "owners_nomtg_35_40pct": 32.0, "owners_nomtg_40_50pct": 146.0, "owners_nomtg_50plus_pct": 274.0, "median_household_income": "462694", "median_home_value": "1503800", "renters_burden_30plus": 1933.0, "pct_renters_30plus": 49.5, "owners_burden_30plus": 697.0, "pct_owners_30plus": 22.9, "total_households": 6957.0, "burden_30plus_all": 2630.0, "pct_burden_30plus_all": 37.8, "renters_burden_50plus": 922.0, "owners_burden_50plus": 345.0, "burden_50plus_all": 1267.0, "pct_burden_50plus_all": 18.2, "price_income_ratio": "3.250096175874336", "housing_shortage": true, "renter_accessibility_crisis": false, "housing_category": "Shortage Only" }, "geometry": { "type": "Polygon", "coordinates": [ [ [ -83.102074462, 42.3882895630001 ], [ -83.102053471, 42.388258852 ], [ -83.102005721, 42.388276394000101 ], [ -83.100572041, 42.388792115000101 ], [ -83.100514434, 42.388707183000101 ], [ -83.100386434, 42.388479183000101 ], [ -83.099904433999896, 42.387725182000104 ], [ -83.099202433999906, 42.386691183 ], [ -83.098671434, 42.385906183 ], [ -83.098076433999907, 42.385029182 ], [ -83.097569434, 42.384283182 ], [ -83.097508433, 42.384192182 ], [ -83.097097434, 42.383588182 ], [ -83.096977432999907, 42.383445182000102 ], [ -83.096888432999904, 42.383394182000103 ], [ -83.096700433, 42.3833951820001 ], [ -83.096644432999895, 42.383402182000097 ], [ -83.096306432999896, 42.383524182 ], [ -83.096238432999897, 42.383433182 ], [ -83.096171432999896, 42.383341182 ], [ -83.096099432999907, 42.383243182 ], [ -83.095915433, 42.383102182000101 ], [ -83.095647432, 42.382988182000098 ], [ -83.095435433, 42.382926182000098 ], [ -83.095388433, 42.382912182 ], [ -83.094963433, 42.382799182 ], [ -83.094545432, 42.382688182 ], [ -83.094604433, 42.382664182 ], [ -83.095011432, 42.382514182000101 ], [ -83.094657432, 42.382420182 ], [ -83.094896433, 42.382328182 ], [ -83.095253431999893, 42.382213182 ], [ -83.095391432, 42.382169182 ], [ -83.095483432, 42.382138182000098 ], [ -83.095990432, 42.381967182 ], [ -83.095403432999902, 42.381107182 ], [ -83.094810432, 42.3802431820001 ], [ -83.094219432, 42.379379182 ], [ -83.093623432, 42.378507182000099 ], [ -83.093118430999894, 42.377755181000097 ], [ -83.093107431, 42.377720181 ], [ -83.093089430999896, 42.377683181000101 ], [ -83.092838431, 42.377314181 ], [ -83.092551430999904, 42.376908181 ], [ -83.092381431, 42.376662181 ], [ -83.09151243, 42.3753701810001 ], [ -83.09108243, 42.374733181000103 ], [ -83.09088243, 42.3744361810001 ], [ -83.090654431, 42.3740981810001 ], [ -83.09022343, 42.37346218 ], [ -83.09000543, 42.373142181 ], [ -83.08976943, 42.372784181 ], [ -83.08916443, 42.371883180000097 ], [ -83.089177429999907, 42.371804181000101 ], [ -83.089276428999895, 42.37177018 ], [ -83.08923243, 42.37168418 ], [ -83.088964429, 42.3712911800001 ], [ -83.088931429999903, 42.3712431800001 ], [ -83.089748428999897, 42.370951180000098 ], [ -83.089384429, 42.37042918 ], [ -83.087643429, 42.3710631800001 ], [ -83.087625429, 42.37101518 ], [ -83.087458429, 42.37076618 ], [ -83.087298429, 42.3705281800001 ], [ -83.086830429, 42.36978918 ], [ -83.086447429, 42.36941118 ], [ -83.086507427999905, 42.36938918 ], [ -83.087612429, 42.368976180000097 ], [ -83.088733428999902, 42.36855418 ], [ -83.088222429, 42.367793179 ], [ -83.086605428, 42.365398180000099 ], [ -83.087691428, 42.364989179000098 ], [ -83.088744429, 42.364591179000101 ], [ -83.089806429, 42.364188179 ], [ -83.090208429999905, 42.363973179 ], [ -83.09070643, 42.363739179 ], [ -83.090795429, 42.363865179000101 ], [ -83.09147043, 42.364899179000098 ], [ -83.09153243, 42.364999179000101 ], [ -83.0917244299999, 42.364933179 ], [ -83.093578431, 42.364244179 ], [ -83.09284143, 42.363100179000099 ], [ -83.093333431, 42.362928179 ], [ -83.093937431, 42.362718179000098 ], [ -83.094604430999894, 42.362455179000101 ], [ -83.09496143, 42.362999178 ], [ -83.097459430999905, 42.362089178000097 ], [ -83.097561431, 42.361965178 ], [ -83.099435431999893, 42.361368178000099 ], [ -83.100426431999907, 42.360985178000099 ], [ -83.100555432, 42.360998178 ], [ -83.101085431999905, 42.360801178 ], [ -83.103284432999899, 42.359957178000101 ], [ -83.105184433, 42.359227177 ], [ -83.105986434, 42.358927177 ], [ -83.109230435, 42.357715177 ], [ -83.109518433999895, 42.358147177 ], [ -83.110526434999898, 42.357770177000098 ], [ -83.110592435, 42.357737177 ], [ -83.110653435, 42.357699177 ], [ -83.110741435, 42.357624177 ], [ -83.110930434999901, 42.357418177 ], [ -83.112250436, 42.357952177000101 ], [ -83.112399436, 42.358013177 ], [ -83.112404436, 42.358164177 ], [ -83.112811436, 42.358777177 ], [ -83.113291435999898, 42.359490177000097 ], [ -83.113775437, 42.360204177000099 ], [ -83.114258436, 42.360918177 ], [ -83.114740436, 42.361631177 ], [ -83.115244436999902, 42.362374177 ], [ -83.115736437, 42.363102177 ], [ -83.116211437999894, 42.363803178000097 ], [ -83.116687438, 42.364505178000101 ], [ -83.117165438, 42.365210178 ], [ -83.117643438, 42.365916178000099 ], [ -83.118123438, 42.366623178000097 ], [ -83.118578438, 42.367292178000099 ], [ -83.119022438999906, 42.367949178 ], [ -83.119468438999903, 42.368606178 ], [ -83.119932439, 42.369290178 ], [ -83.120258438999898, 42.3691661780001 ], [ -83.120510439, 42.369534179 ], [ -83.120104439, 42.369692179 ], [ -83.120906439, 42.370911179000103 ], [ -83.121942439, 42.372427178000102 ], [ -83.12198144, 42.372484179 ], [ -83.123042439999907, 42.374050179000101 ], [ -83.123756441, 42.375104179000097 ], [ -83.124450441, 42.376142179 ], [ -83.124887441, 42.3759781790001 ], [ -83.125343441, 42.376649180000101 ], [ -83.125796441, 42.377321179 ], [ -83.126250441, 42.37799318 ], [ -83.126702441, 42.378664179 ], [ -83.127155441999903, 42.379335179000101 ], [ -83.127610441999906, 42.380007179000103 ], [ -83.128054442999897, 42.380665180000101 ], [ -83.128501442999905, 42.38132218 ], [ -83.128942443, 42.38197818 ], [ -83.129338442999895, 42.382570180000101 ], [ -83.129861443, 42.383345181 ], [ -83.130150442999906, 42.38377518 ], [ -83.128064443, 42.38454718 ], [ -83.128378443, 42.385024181000098 ], [ -83.127842443, 42.385242181000102 ], [ -83.127572443, 42.384834181 ], [ -83.124158442, 42.386127181000099 ], [ -83.121468441, 42.387146181 ], [ -83.11876144, 42.388172182000098 ], [ -83.115390438999896, 42.389449182000099 ], [ -83.112219438999901, 42.390650183 ], [ -83.110663438, 42.391241183 ], [ -83.110405438, 42.391339183000099 ], [ -83.110656438, 42.391799182 ], [ -83.110379437999896, 42.391902183000099 ], [ -83.110204438, 42.391968183000102 ], [ -83.110131438, 42.391862183 ], [ -83.109857437999906, 42.391466183 ], [ -83.109491437, 42.391609183000099 ], [ -83.108137437, 42.392099183 ], [ -83.108403436999893, 42.392489183000102 ], [ -83.107840436999894, 42.392694183000103 ], [ -83.107303437, 42.392887183 ], [ -83.107037437, 42.392489183000102 ], [ -83.105980437, 42.392912183000099 ], [ -83.106272437, 42.3933031830001 ], [ -83.107388436999898, 42.394834184 ], [ -83.107218437, 42.394895183000102 ], [ -83.106885437, 42.395015184 ], [ -83.106632437, 42.394652183000098 ], [ -83.106475437, 42.394373183 ], [ -83.106346437, 42.394124183 ], [ -83.106288437, 42.393998184 ], [ -83.106177437, 42.393759183 ], [ -83.106105435999893, 42.393585184000102 ], [ -83.105910436, 42.393109183 ], [ -83.105466437, 42.392497183 ], [ -83.104895435999893, 42.391701183000102 ], [ -83.104419435999901, 42.391038183 ], [ -83.104341436, 42.390940183 ], [ -83.103723435999896, 42.390150183000102 ], [ -83.103557436, 42.389939183000102 ], [ -83.103339435999899, 42.389652183000102 ], [ -83.103168436, 42.389401183000103 ], [ -83.103013435, 42.389160183000101 ], [ -83.102947435, 42.389058182 ], [ -83.102597435, 42.388559183 ], [ -83.102528435999901, 42.388460183000099 ], [ -83.102282434999907, 42.388092183 ], [ -83.102089435, 42.388284182000099 ], [ -83.102074462, 42.3882895630001 ] ] ] } },
{ "type": "Feature", "properties": { "OBJECTID": 16, "zipcode": "48207", "total_renters": 8246.0, "renters_30_35pct": 1034.0, "renters_35_40pct": 475.0, "renters_40_50pct": 664.0, "renters_50plus_pct": 1923.0, "total_owners": 2868.0, "owners_mtg_30_35pct": 56.0, "owners_mtg_35_40pct": 70.0, "owners_mtg_40_50pct": 64.0, "owners_mtg_50plus_pct": 180.0, "owners_nomtg_30_35pct": 62.0, "owners_nomtg_35_40pct": 40.0, "owners_nomtg_40_50pct": 177.0, "owners_nomtg_50plus_pct": 278.0, "median_household_income": "563092", "median_home_value": "1727100", "renters_burden_30plus": 4096.0, "pct_renters_30plus": 49.7, "owners_burden_30plus": 927.0, "pct_owners_30plus": 32.3, "total_households": 11114.0, "burden_30plus_all": 5023.0, "pct_burden_30plus_all": 45.2, "renters_burden_50plus": 1923.0, "owners_burden_50plus": 458.0, "burden_50plus_all": 2381.0, "pct_burden_50plus_all": 21.4, "price_income_ratio": "3.0671719718980204", "housing_shortage": true, "renter_accessibility_crisis": false, "housing_category": "Shortage Only" }, "geometry": { "type": "Polygon", "coordinates": [ [ [ -82.951683385, 42.352581184 ], [ -82.949477384, 42.348549183 ], [ -82.948154384, 42.346129183000102 ], [ -82.948112383999899, 42.346050183 ], [ -82.959754387, 42.340041181000103 ], [ -82.963108388, 42.3391811810001 ], [ -82.978789392, 42.335159179000101 ], [ -82.989201395999899, 42.332489178000102 ], [ -82.999895399, 42.331990178000098 ], [ -83.003632399, 42.331816178 ], [ -83.008040400999903, 42.331610177000101 ], [ -83.014080403, 42.331329177 ], [ -83.017174403999903, 42.330888177000098 ], [ -83.019028404, 42.3306241760001 ], [ -83.024038404999899, 42.329438176 ], [ -83.026238406999894, 42.328918176000101 ], [ -83.03915741, 42.324779174000099 ], [ -83.03951141, 42.324611175 ], [ -83.04058441, 42.324101174000099 ], [ -83.040847411, 42.324025174 ], [ -83.040898410999901, 42.324096174 ], [ -83.041354411, 42.324689174000099 ], [ -83.042830411, 42.326679175 ], [ -83.042712411, 42.326715175000103 ], [ -83.040635411, 42.327378175 ], [ -83.04075141, 42.327608175000101 ], [ -83.040770411, 42.327677175000098 ], [ -83.040706411, 42.327652175 ], [ -83.040575410999907, 42.327635175000097 ], [ -83.04047941, 42.327638175000097 ], [ -83.040173411, 42.327742175 ], [ -83.03911441, 42.328157175 ], [ -83.03789941, 42.328651175000097 ], [ -83.037162409999894, 42.329017175000097 ], [ -83.03695641, 42.329121175000097 ], [ -83.03687941, 42.329174175 ], [ -83.03685541, 42.329229176000098 ], [ -83.03684541, 42.329272176000103 ], [ -83.036858409, 42.329330175000102 ], [ -83.036962409999902, 42.329505175000101 ], [ -83.036984409999903, 42.329540175 ], [ -83.037001409, 42.329567175000101 ], [ -83.03701341, 42.329586175 ], [ -83.034964408999898, 42.330240176000103 ], [ -83.034852408999896, 42.330284175 ], [ -83.03503541, 42.330546176 ], [ -83.035197409, 42.330777176 ], [ -83.03537841, 42.331042176 ], [ -83.035812409, 42.331680176000098 ], [ -83.0378184099999, 42.330809176000102 ], [ -83.03800441, 42.330736176000102 ], [ -83.038204409999906, 42.330689175 ], [ -83.038928411, 42.330501176 ], [ -83.039347410999895, 42.330328175 ], [ -83.039609411, 42.330619176 ], [ -83.039834411, 42.330877175000097 ], [ -83.03911541, 42.331164176000101 ], [ -83.03830541, 42.331549176000102 ], [ -83.038031411, 42.331669176 ], [ -83.03629641, 42.332429176000097 ], [ -83.03666441, 42.332999176 ], [ -83.03673041, 42.333109176 ], [ -83.03682741, 42.333270176 ], [ -83.03688341, 42.333363176 ], [ -83.037097410999905, 42.333672176 ], [ -83.037189411, 42.333794176 ], [ -83.038308410999903, 42.335421176000096 ], [ -83.037962411, 42.335582177 ], [ -83.037905410999898, 42.335609176 ], [ -83.038001409999893, 42.335733177000101 ], [ -83.038611411, 42.336624176 ], [ -83.038407411, 42.336712177 ], [ -83.038848410999904, 42.337386177 ], [ -83.039173411, 42.337877177000102 ], [ -83.039627411, 42.338530177 ], [ -83.039936411, 42.338935177000103 ], [ -83.040087411999906, 42.339101177 ], [ -83.040248410999894, 42.339260177 ], [ -83.040458411, 42.339442177000102 ], [ -83.040545411, 42.339539177000098 ], [ -83.041348411999905, 42.340169177000099 ], [ -83.042007412, 42.340687177000099 ], [ -83.042155413, 42.340810177 ], [ -83.042213412, 42.340857177 ], [ -83.042360413, 42.340990177 ], [ -83.042563413, 42.341196178000096 ], [ -83.042732413, 42.341397177 ], [ -83.042952413, 42.341683177 ], [ -83.043101413, 42.341892178000101 ], [ -83.043242413, 42.3421051770001 ], [ -83.043352413, 42.342283177000098 ], [ -83.043392412999907, 42.342348177000098 ], [ -83.043505412999906, 42.342545178000101 ], [ -83.043623413, 42.342870177000101 ], [ -83.043700413, 42.343116178000102 ], [ -83.043760413, 42.343377178 ], [ -83.043803413, 42.343601178 ], [ -83.043848413, 42.343835178000099 ], [ -83.043966413, 42.344534178000103 ], [ -83.043992413, 42.344691178000097 ], [ -83.044036413999905, 42.344951178 ], [ -83.044088414, 42.345144178 ], [ -83.044162413, 42.345341178000098 ], [ -83.044319414, 42.345719178 ], [ -83.044418413, 42.345939178 ], [ -83.044568414, 42.346226178 ], [ -83.044677414, 42.346396178000099 ], [ -83.045663415, 42.347999178000101 ], [ -83.046702415, 42.349488178000101 ], [ -83.047825415, 42.351226179 ], [ -83.047909414999907, 42.3513531790001 ], [ -83.048648415999907, 42.352421179 ], [ -83.049103416, 42.353079179000098 ], [ -83.051444417, 42.356640179000102 ], [ -83.051763416, 42.35711918 ], [ -83.052341417, 42.35799218 ], [ -83.052697417, 42.358542179 ], [ -83.053030416999903, 42.35903718 ], [ -83.054245417999894, 42.360843180000103 ], [ -83.054369418, 42.36101218 ], [ -83.054416418, 42.36109518 ], [ -83.054659418, 42.361524180000103 ], [ -83.055233419, 42.36267518 ], [ -83.055902418, 42.363984181 ], [ -83.056248419, 42.364945181 ], [ -83.056377418999901, 42.365217181 ], [ -83.056199418999896, 42.365283181 ], [ -83.055886419, 42.365398181 ], [ -83.055072418, 42.365691181 ], [ -83.053641418, 42.366212181 ], [ -83.052946418, 42.3651711810001 ], [ -83.052323418, 42.364269181 ], [ -83.050699417, 42.364858181 ], [ -83.050181417, 42.364078181 ], [ -83.049708417, 42.363367181 ], [ -83.047129416, 42.364283181000097 ], [ -83.046847415999906, 42.363856181000102 ], [ -83.046638415, 42.363588181000097 ], [ -83.046313416, 42.363706181000097 ], [ -83.046106416, 42.363781181 ], [ -83.045111415, 42.364140181 ], [ -83.044354416, 42.364414181 ], [ -83.042811414, 42.364974181 ], [ -83.0407964139999, 42.365705182 ], [ -83.040326413999907, 42.365872182 ], [ -83.038755414, 42.366447182000101 ], [ -83.037791413, 42.366800182000098 ], [ -83.036831412999902, 42.367148182 ], [ -83.035861413, 42.3675001820001 ], [ -83.034215412, 42.368100183000102 ], [ -83.034690413, 42.368819182 ], [ -83.032284412, 42.369693183 ], [ -83.031807412, 42.368975182 ], [ -83.031006412, 42.369265183 ], [ -83.030291411, 42.369524183000102 ], [ -83.027659410999902, 42.370481183 ], [ -83.02668341, 42.370836183000101 ], [ -83.02510541, 42.371409183 ], [ -83.02475341, 42.371536183 ], [ -83.024360408999897, 42.371679183 ], [ -83.023795408999902, 42.371885183000103 ], [ -83.022489409, 42.372361184 ], [ -83.021503409, 42.372720184000102 ], [ -83.020549409, 42.373064184 ], [ -83.019261408, 42.373528184000101 ], [ -83.019047407999906, 42.373611184 ], [ -83.018823408999907, 42.373699184 ], [ -83.018690409, 42.373751184000099 ], [ -83.018271408, 42.373898185 ], [ -83.017870408, 42.3740491840001 ], [ -83.018183408, 42.373577184 ], [ -83.017887408, 42.373172184000097 ], [ -83.017514407999897, 42.372529184 ], [ -83.017032408, 42.371766184000101 ], [ -83.016898408, 42.371554184 ], [ -83.015804407, 42.369847184 ], [ -83.015810406999904, 42.369647183 ], [ -83.013895406, 42.366939183 ], [ -83.012389405, 42.364670183000101 ], [ -83.013059405, 42.364425183 ], [ -83.012414404999902, 42.363299183 ], [ -83.011595405, 42.363595182 ], [ -83.011000404999905, 42.362699183000103 ], [ -83.009628404, 42.360634182000098 ], [ -83.009510404, 42.3604531820001 ], [ -83.008903404, 42.359522182 ], [ -83.007937404, 42.358059182 ], [ -83.007873402999905, 42.357961182000103 ], [ -83.006979402999903, 42.356515182000102 ], [ -83.006626403, 42.355916182000101 ], [ -83.006551402999904, 42.355788182 ], [ -83.0057424029999, 42.354585181000097 ], [ -83.005437402, 42.354115181000097 ], [ -83.005087402999905, 42.353577181 ], [ -83.004326401999904, 42.352411181 ], [ -83.004269402, 42.352324181 ], [ -83.003199401999893, 42.350712181000098 ], [ -83.002001401, 42.349023181000099 ], [ -83.002109401, 42.348984181 ], [ -83.002469401, 42.348843181 ], [ -83.002922401, 42.348666180000102 ], [ -83.002780400999896, 42.348259181000103 ], [ -83.002686400999906, 42.348083181 ], [ -83.002563401, 42.347903181 ], [ -83.002083399999904, 42.34716618 ], [ -83.001926400999906, 42.346912180000103 ], [ -83.0009034, 42.34563918 ], [ -83.0005734, 42.34530318 ], [ -83.000420399999896, 42.34509418 ], [ -82.998570399, 42.34262218 ], [ -82.987141396, 42.346820181000098 ], [ -82.984753396, 42.347570181 ], [ -82.977588393, 42.350090182 ], [ -82.972024392, 42.353367183 ], [ -82.971021392, 42.3532471830001 ], [ -82.967527391, 42.352930183000097 ], [ -82.96375239, 42.352788183 ], [ -82.952780386, 42.352380184 ], [ -82.951683385, 42.352581184 ] ] ] } },
{ "type": "Feature", "properties": { "OBJECTID": 17, "zipcode": "48208", "total_renters": 2685.0, "renters_30_35pct": 395.0, "renters_35_40pct": 201.0, "renters_40_50pct": 127.0, "renters_50plus_pct": 559.0, "total_owners": 1242.0, "owners_mtg_30_35pct": 0.0, "owners_mtg_35_40pct": 24.0, "owners_mtg_40_50pct": 20.0, "owners_mtg_50plus_pct": 82.0, "owners_nomtg_30_35pct": 64.0, "owners_nomtg_35_40pct": 6.0, "owners_nomtg_40_50pct": 7.0, "owners_nomtg_50plus_pct": 72.0, "median_household_income": "119038", "median_home_value": "1031500", "renters_burden_30plus": 1282.0, "pct_renters_30plus": 47.7, "owners_burden_30plus": 275.0, "pct_owners_30plus": 22.1, "total_households": 3927.0, "burden_30plus_all": 1557.0, "pct_burden_30plus_all": 39.6, "renters_burden_50plus": 559.0, "owners_burden_50plus": 154.0, "burden_50plus_all": 713.0, "pct_burden_50plus_all": 18.2, "price_income_ratio": "8.665300156252625", "housing_shortage": true, "renter_accessibility_crisis": false, "housing_category": "Shortage Only" }, "geometry": { "type": "Polygon", "coordinates": [ [ [ -83.073480423, 42.353936178 ], [ -83.073400423, 42.353778178 ], [ -83.073589424, 42.353716178000099 ], [ -83.073921422999902, 42.353608178000101 ], [ -83.074129423, 42.353540178000102 ], [ -83.074478423, 42.3534311780001 ], [ -83.076500424, 42.352800177000098 ], [ -83.077596424, 42.352454177 ], [ -83.0783984239999, 42.352202177 ], [ -83.078732424999899, 42.352102178 ], [ -83.078106423999898, 42.351014177 ], [ -83.077487424, 42.349938177000098 ], [ -83.076290424, 42.350314177 ], [ -83.076001423, 42.349778177000097 ], [ -83.075702424, 42.349226177 ], [ -83.075266423999906, 42.348452177000098 ], [ -83.074672423, 42.3486371770001 ], [ -83.0742374229999, 42.347886177000099 ], [ -83.073807422999906, 42.347146177000099 ], [ -83.073548423, 42.346704177 ], [ -83.073400423, 42.346440176 ], [ -83.073373423, 42.346322176000101 ], [ -83.073290422, 42.346174176 ], [ -83.073066422999901, 42.345802177 ], [ -83.072539422, 42.344897176000103 ], [ -83.072481422, 42.344806176000098 ], [ -83.071929422, 42.343850176 ], [ -83.071576421999893, 42.343240176 ], [ -83.071104421, 42.342417176 ], [ -83.071695421999905, 42.342231176 ], [ -83.071616421, 42.342096176 ], [ -83.0710264209999, 42.342284176000099 ], [ -83.070585421, 42.341520176000103 ], [ -83.070546421, 42.341453176000101 ], [ -83.069695420999906, 42.341719176 ], [ -83.06890842, 42.341965176 ], [ -83.06804842, 42.340477176 ], [ -83.068044421, 42.340458175 ], [ -83.06804842, 42.340439176000103 ], [ -83.06822642, 42.340188176 ], [ -83.067134419999903, 42.3397451760001 ], [ -83.066664419999896, 42.339549176 ], [ -83.066568419, 42.339509176 ], [ -83.066505419999899, 42.339483176 ], [ -83.06635442, 42.339148176 ], [ -83.066445419, 42.339138176000098 ], [ -83.06651342, 42.339131176000102 ], [ -83.066625419, 42.339126176 ], [ -83.066709419999896, 42.339118176 ], [ -83.06651842, 42.338745176 ], [ -83.06633542, 42.338384175000101 ], [ -83.06748442, 42.338025176 ], [ -83.06791142, 42.338780176 ], [ -83.068337421, 42.339535175 ], [ -83.068600419999896, 42.3399971750001 ], [ -83.068658419999906, 42.340110175000099 ], [ -83.069014421, 42.340005175 ], [ -83.069177420999907, 42.339986176 ], [ -83.069747421, 42.339972176000103 ], [ -83.069792421, 42.339965175 ], [ -83.071480421, 42.339441175 ], [ -83.073590421999896, 42.338780175000103 ], [ -83.0740164219999, 42.339535175 ], [ -83.074984423, 42.339231175000101 ], [ -83.076245423, 42.338839175 ], [ -83.075819421999896, 42.338083175000101 ], [ -83.077004423, 42.337712175 ], [ -83.078361423, 42.337287175 ], [ -83.078789423, 42.338036175000099 ], [ -83.079699424, 42.337755175 ], [ -83.079905423999904, 42.337685175 ], [ -83.080079424, 42.3376331750001 ], [ -83.081244424, 42.337273175000099 ], [ -83.082245424, 42.336959175000104 ], [ -83.083394423999906, 42.336597175000101 ], [ -83.084697424999902, 42.336188174 ], [ -83.085333425, 42.3359911740001 ], [ -83.086922426, 42.3354761740001 ], [ -83.087245426, 42.335405174000101 ], [ -83.087560426, 42.335288174 ], [ -83.088562426, 42.334974174000102 ], [ -83.089921427, 42.336131174000101 ], [ -83.090019427, 42.336223174000096 ], [ -83.090074427, 42.336296174 ], [ -83.090180427, 42.336436174 ], [ -83.090552427, 42.336312174 ], [ -83.090793426999895, 42.336229174 ], [ -83.090685427, 42.336098174 ], [ -83.091096427, 42.335968174000101 ], [ -83.091147427, 42.335952174000099 ], [ -83.090775427, 42.335620174 ], [ -83.090224427, 42.335044174000103 ], [ -83.089810427, 42.3345781740001 ], [ -83.090261427, 42.334438174000098 ], [ -83.091135427, 42.334164173 ], [ -83.092142426999899, 42.333847174 ], [ -83.093361426999905, 42.333469173 ], [ -83.094300427, 42.333177173000102 ], [ -83.095226428, 42.332890173000102 ], [ -83.096017429, 42.332645173000103 ], [ -83.097462429, 42.332196173000099 ], [ -83.096800427999895, 42.331279173 ], [ -83.098540429, 42.331272172000098 ], [ -83.098485428999894, 42.331419173 ], [ -83.098452429, 42.331555173 ], [ -83.098587429, 42.3317851730001 ], [ -83.099589428999906, 42.333182173000097 ], [ -83.09976743, 42.333441173 ], [ -83.099964429, 42.333735173 ], [ -83.100276429, 42.334164173 ], [ -83.100568429, 42.334565173 ], [ -83.10208843, 42.332360173 ], [ -83.10218843, 42.332500173 ], [ -83.101427429999902, 42.333610173000103 ], [ -83.10141243, 42.333645173 ], [ -83.10140543, 42.333682173000099 ], [ -83.10141343, 42.333744173000099 ], [ -83.102316431, 42.335007173000101 ], [ -83.103217430999905, 42.336257174 ], [ -83.103636431, 42.336840173 ], [ -83.104817431, 42.338482173 ], [ -83.1048684309999, 42.338537174000102 ], [ -83.104917432, 42.338591174 ], [ -83.106954432, 42.3413971740001 ], [ -83.107777433, 42.342533174 ], [ -83.108631433, 42.343711174000099 ], [ -83.109398433, 42.344776174000103 ], [ -83.108130433, 42.344798175000101 ], [ -83.108297433, 42.345044175 ], [ -83.108939433, 42.345928175 ], [ -83.109185433, 42.346267175 ], [ -83.109438433, 42.346615175000103 ], [ -83.109577434, 42.346803175 ], [ -83.109659434, 42.346907175000098 ], [ -83.110009433999906, 42.346776175000102 ], [ -83.110614434, 42.346522175000104 ], [ -83.110806434, 42.346714175 ], [ -83.111233434, 42.347297175000101 ], [ -83.111188434, 42.347322175 ], [ -83.110403434, 42.347892175 ], [ -83.110479434, 42.348009175000101 ], [ -83.111435434, 42.347992175000101 ], [ -83.111575435, 42.349963175 ], [ -83.111472434999897, 42.3519451760001 ], [ -83.111619435, 42.353918176 ], [ -83.111635435, 42.355616176000098 ], [ -83.111617435, 42.355613176000098 ], [ -83.111409435, 42.355539176 ], [ -83.111653434999894, 42.355740176 ], [ -83.111529435, 42.355754176000097 ], [ -83.111429434999906, 42.355777177 ], [ -83.111333434999906, 42.355806176 ], [ -83.111241435, 42.355841177000102 ], [ -83.111153434999906, 42.355882176000101 ], [ -83.111016435, 42.355962177 ], [ -83.110879435, 42.356065176000101 ], [ -83.110803435, 42.356133177000103 ], [ -83.110727434999902, 42.356224176000097 ], [ -83.110679435, 42.356306176 ], [ -83.110496435, 42.356435176000097 ], [ -83.110327435, 42.3565341770001 ], [ -83.110214435, 42.356592176 ], [ -83.109856435, 42.356747176000098 ], [ -83.109563435, 42.356865177 ], [ -83.109290434999906, 42.356974177 ], [ -83.108847434, 42.357141177000102 ], [ -83.109072434, 42.357478177000097 ], [ -83.109230435, 42.357715177 ], [ -83.105986434, 42.358927177 ], [ -83.105184433, 42.359227177 ], [ -83.103284432999899, 42.359957178000101 ], [ -83.101085431999905, 42.360801178 ], [ -83.100555432, 42.360998178 ], [ -83.100426431999907, 42.360985178000099 ], [ -83.099435431999893, 42.361368178000099 ], [ -83.097561431, 42.361965178 ], [ -83.097459430999905, 42.362089178000097 ], [ -83.09496143, 42.362999178 ], [ -83.094604430999894, 42.362455179000101 ], [ -83.093937431, 42.362718179000098 ], [ -83.093333431, 42.362928179 ], [ -83.09284143, 42.363100179000099 ], [ -83.093578431, 42.364244179 ], [ -83.0917244299999, 42.364933179 ], [ -83.09153243, 42.364999179000101 ], [ -83.09147043, 42.364899179000098 ], [ -83.090795429, 42.363865179000101 ], [ -83.09070643, 42.363739179 ], [ -83.090208429999905, 42.363973179 ], [ -83.089806429, 42.364188179 ], [ -83.089733429, 42.364009179 ], [ -83.088708429, 42.364391179 ], [ -83.087573428, 42.364814179000099 ], [ -83.086553427999903, 42.365199179000101 ], [ -83.085350428, 42.365652179 ], [ -83.085253428, 42.365532179000098 ], [ -83.085238428, 42.365498179 ], [ -83.085231428, 42.365462179000097 ], [ -83.085232428, 42.365426179000103 ], [ -83.085412428, 42.364606179000099 ], [ -83.086063428, 42.364361179000099 ], [ -83.086178428, 42.363720179 ], [ -83.085715428, 42.363671179 ], [ -83.085734428, 42.363561179 ], [ -83.085646428, 42.363546179 ], [ -83.085530428, 42.363526179000097 ], [ -83.085202427999903, 42.363485179000101 ], [ -83.085169428, 42.363647179000097 ], [ -83.084522427, 42.363548179000098 ], [ -83.084610427, 42.363157179 ], [ -83.083491427, 42.363020179 ], [ -83.083400427, 42.363009179000102 ], [ -83.083605427, 42.362078179 ], [ -83.083263426999906, 42.362182179000101 ], [ -83.083216427, 42.362184179 ], [ -83.083202426999904, 42.362181179000103 ], [ -83.083165427, 42.362176179000102 ], [ -83.083115426999896, 42.362135179000099 ], [ -83.083061426999905, 42.362060179 ], [ -83.082578427, 42.361199179 ], [ -83.082379427, 42.360844178 ], [ -83.082212427, 42.360551179 ], [ -83.082072427, 42.360307179000102 ], [ -83.081280426, 42.358928178 ], [ -83.081460426, 42.358658178 ], [ -83.081153426, 42.358490178000103 ], [ -83.081074426, 42.358447178000098 ], [ -83.080758426, 42.358475178 ], [ -83.080299426, 42.358225178000097 ], [ -83.080129426, 42.358266179 ], [ -83.079655426, 42.358380179 ], [ -83.079002424999899, 42.357716178 ], [ -83.078781425, 42.357871178 ], [ -83.077377425, 42.358818179 ], [ -83.076772424999902, 42.359198179 ], [ -83.076290425, 42.359501179000098 ], [ -83.076035425, 42.359068179000097 ], [ -83.075668424, 42.358444179000102 ], [ -83.075303424, 42.357829178 ], [ -83.075159423999906, 42.357558178 ], [ -83.074889423999906, 42.356999178000102 ], [ -83.074788424, 42.356773178 ], [ -83.074552424, 42.355986178000101 ], [ -83.074447423, 42.355735178 ], [ -83.074211423, 42.3552521780001 ], [ -83.073480423, 42.353936178 ] ] ] } },
{ "type": "Feature", "properties": { "OBJECTID": 18, "zipcode": "48209", "total_renters": 3978.0, "renters_30_35pct": 434.0, "renters_35_40pct": 168.0, "renters_40_50pct": 323.0, "renters_50plus_pct": 887.0, "total_owners": 5184.0, "owners_mtg_30_35pct": 247.0, "owners_mtg_35_40pct": 27.0, "owners_mtg_40_50pct": 20.0, "owners_mtg_50plus_pct": 186.0, "owners_nomtg_30_35pct": 86.0, "owners_nomtg_35_40pct": 153.0, "owners_nomtg_40_50pct": 78.0, "owners_nomtg_50plus_pct": 269.0, "median_household_income": "369568", "median_home_value": "749200", "renters_burden_30plus": 1812.0, "pct_renters_30plus": 45.6, "owners_burden_30plus": 1066.0, "pct_owners_30plus": 20.6, "total_households": 9162.0, "burden_30plus_all": 2878.0, "pct_burden_30plus_all": 31.4, "renters_burden_50plus": 887.0, "owners_burden_50plus": 455.0, "burden_50plus_all": 1342.0, "pct_burden_50plus_all": 14.6, "price_income_ratio": "2.0272317949606027", "housing_shortage": false, "renter_accessibility_crisis": false, "housing_category": "Neither" }, "geometry": { "type": "Polygon", "coordinates": [ [ [ -83.080350420999906, 42.311151170000102 ], [ -83.080498420999902, 42.311021170000103 ], [ -83.080995421, 42.310681170000102 ], [ -83.081576422, 42.3102711700001 ], [ -83.082505421999898, 42.30938817 ], [ -83.084893421999894, 42.306641169 ], [ -83.092570424, 42.299124167000102 ], [ -83.097889424999906, 42.293759166 ], [ -83.098431424999902, 42.294036166000097 ], [ -83.098571425, 42.294084166000097 ], [ -83.098586424999894, 42.294003166 ], [ -83.098627425, 42.293630166000099 ], [ -83.098233425, 42.293342166000102 ], [ -83.099220426, 42.292402165000098 ], [ -83.099389426, 42.292461166000102 ], [ -83.099831426, 42.291846165 ], [ -83.100592425999906, 42.291061165 ], [ -83.102873426999906, 42.288408165000099 ], [ -83.103049426, 42.288425165 ], [ -83.103556913, 42.288020646000099 ], [ -83.10781917, 42.288964570000097 ], [ -83.108990741999904, 42.289185141000097 ], [ -83.109229427999907, 42.289233164 ], [ -83.109317427999898, 42.289247165000099 ], [ -83.110373646, 42.289382725000102 ], [ -83.111064466, 42.289475065 ], [ -83.111994545999906, 42.289588437000099 ], [ -83.113577359, 42.289999094000102 ], [ -83.114625915, 42.2901780440001 ], [ -83.114683543999902, 42.290180731000099 ], [ -83.114709429999905, 42.290185165 ], [ -83.115850431, 42.290238165 ], [ -83.116155429999907, 42.290220165 ], [ -83.11631943, 42.290211164 ], [ -83.116628431, 42.290194164000098 ], [ -83.117380431, 42.290029165000099 ], [ -83.117995430999898, 42.289797164 ], [ -83.118268431, 42.289735164 ], [ -83.118217288, 42.289674683 ], [ -83.119247526, 42.289056786000103 ], [ -83.119456529, 42.288755009000099 ], [ -83.119612288, 42.288385869000102 ], [ -83.119778697, 42.288015044000097 ], [ -83.119875255999901, 42.287554682000099 ], [ -83.119731962999893, 42.28645635 ], [ -83.119425209, 42.285605234000101 ], [ -83.119303868, 42.285117046 ], [ -83.119264922999903, 42.2847625100001 ], [ -83.119288229999896, 42.284402078 ], [ -83.118990149999902, 42.28328378 ], [ -83.118857913, 42.282975753000102 ], [ -83.117759664999895, 42.281163995 ], [ -83.117639459, 42.280412733 ], [ -83.117624163, 42.280025913 ], [ -83.117645113, 42.279812680000099 ], [ -83.117664922, 42.279624083 ], [ -83.117772058, 42.279462381 ], [ -83.117978722, 42.279303222000102 ], [ -83.118294068, 42.2791879480001 ], [ -83.11877263, 42.279134395 ], [ -83.119357596, 42.279173998 ], [ -83.121891961, 42.2794360010001 ], [ -83.128711257, 42.280791633 ], [ -83.13020112, 42.281101219 ], [ -83.131491281, 42.2814092 ], [ -83.132777402, 42.281805116 ], [ -83.134210578, 42.282226767 ], [ -83.135622229, 42.282752981 ], [ -83.135707812, 42.282595667000102 ], [ -83.135768521, 42.28261193 ], [ -83.135774537, 42.282601782 ], [ -83.135861436, 42.282617162000101 ], [ -83.135875435999907, 42.282595162000099 ], [ -83.135932436, 42.282549162000102 ], [ -83.135966436, 42.282537162 ], [ -83.135986436, 42.282508162 ], [ -83.136024436, 42.282484162000102 ], [ -83.136076436, 42.2824541620001 ], [ -83.136209435999902, 42.282414162000101 ], [ -83.136294436, 42.2824091620001 ], [ -83.136353939999907, 42.282400898 ], [ -83.136492721, 42.282419784000098 ], [ -83.136791984, 42.2825317080001 ], [ -83.137075655, 42.282643238000098 ], [ -83.137451287, 42.282791876 ], [ -83.137468189999893, 42.282773026 ], [ -83.137534437, 42.282799162000103 ], [ -83.137150437, 42.283268162000098 ], [ -83.137815437, 42.284811163 ], [ -83.137905436, 42.284951163000102 ], [ -83.139438437, 42.286808162000099 ], [ -83.139500437, 42.286895163 ], [ -83.139561438, 42.286984163000099 ], [ -83.139836438, 42.287368163 ], [ -83.142633439, 42.291223164 ], [ -83.143439439, 42.292280163 ], [ -83.144035438999893, 42.293110164 ], [ -83.144254439999898, 42.293353164000102 ], [ -83.144449185, 42.293561882000098 ], [ -83.144393732999902, 42.293584667000097 ], [ -83.143918765, 42.293792536000097 ], [ -83.143940696, 42.293929215 ], [ -83.143961425, 42.294092041000098 ], [ -83.143928447999897, 42.294195917 ], [ -83.143838879, 42.294303595 ], [ -83.143694161, 42.2943837 ], [ -83.143580019999902, 42.294412223000101 ], [ -83.143381594999894, 42.294433377000097 ], [ -83.143246462, 42.294420798 ], [ -83.143092568, 42.294401545 ], [ -83.142557718, 42.294407279 ], [ -83.142238624999905, 42.294704037 ], [ -83.141768616, 42.295191241 ], [ -83.141606668, 42.295350464000101 ], [ -83.141484238, 42.295458039 ], [ -83.141196847999893, 42.296007449000101 ], [ -83.14085069, 42.296510549000097 ], [ -83.140620656, 42.29703714 ], [ -83.140449356, 42.297749296000099 ], [ -83.140323842, 42.299055259000099 ], [ -83.140445534, 42.299544489 ], [ -83.140690452, 42.300341413000098 ], [ -83.141340417, 42.3016439720001 ], [ -83.141572608, 42.302172475000098 ], [ -83.141849712, 42.303686381 ], [ -83.141873752, 42.304073547 ], [ -83.142160168, 42.30471394 ], [ -83.142358558999902, 42.305252342000102 ], [ -83.142414547, 42.305502952 ], [ -83.142420223, 42.305686338 ], [ -83.142398683, 42.305848093000101 ], [ -83.142314698, 42.305987326 ], [ -83.142154419, 42.306098447000103 ], [ -83.141277373, 42.306458422 ], [ -83.141100525, 42.306469648000103 ], [ -83.140886769, 42.3065165880001 ], [ -83.14072817, 42.306591102 ], [ -83.140604315, 42.306676967 ], [ -83.140504791999902, 42.306847216000101 ], [ -83.140602842, 42.307169067000103 ], [ -83.140675116999901, 42.30743791 ], [ -83.140643639999894, 42.307662240000099 ], [ -83.140527377999902, 42.307889656 ], [ -83.140344032, 42.308042075000102 ], [ -83.139962455, 42.308210411000097 ], [ -83.139795123, 42.308321351000103 ], [ -83.139695594, 42.3084916010001 ], [ -83.139638337, 42.308662921000099 ], [ -83.139658338999894, 42.308841435 ], [ -83.139728378, 42.309005511000102 ], [ -83.140405217999898, 42.310085474000097 ], [ -83.140454847, 42.310233326000102 ], [ -83.140476053, 42.310385692000096 ], [ -83.140509425, 42.310580253000097 ], [ -83.140602695, 42.310797075 ], [ -83.140608362, 42.310809267 ], [ -83.140701311, 42.31100919 ], [ -83.141687716, 42.312402296000101 ], [ -83.144141423, 42.315743859000101 ], [ -83.145955144, 42.3182288450001 ], [ -83.146240652, 42.318619999000099 ], [ -83.146501876999906, 42.319008448 ], [ -83.146834057, 42.319464803000102 ], [ -83.146887606, 42.319539027000097 ], [ -83.146924316, 42.319592476 ], [ -83.146969766, 42.3196480780001 ], [ -83.146492441999897, 42.319713168000099 ], [ -83.146268442999897, 42.319736168000098 ], [ -83.144652441999895, 42.319970168 ], [ -83.143963442, 42.320054168000098 ], [ -83.143544441999893, 42.320111168 ], [ -83.138635441, 42.320850169 ], [ -83.13760644, 42.321008169 ], [ -83.13577744, 42.321303169 ], [ -83.135623439, 42.321334169000103 ], [ -83.135032439, 42.321456169 ], [ -83.133416439, 42.321855169000102 ], [ -83.133212439, 42.321907169 ], [ -83.132529437999906, 42.322079169000098 ], [ -83.131372438999904, 42.322391169000099 ], [ -83.130115437999905, 42.322676169 ], [ -83.129683438, 42.32275417 ], [ -83.129252438, 42.32282417 ], [ -83.128950437999904, 42.322863170000097 ], [ -83.1284554369999, 42.32291417 ], [ -83.127773437, 42.322953169000101 ], [ -83.126402436, 42.322998170000098 ], [ -83.122831436, 42.323133170000098 ], [ -83.122458434999899, 42.323172170000099 ], [ -83.121841436, 42.32324917 ], [ -83.115315434, 42.32420317 ], [ -83.113943433, 42.324393171000096 ], [ -83.108275431, 42.325160171 ], [ -83.107220431, 42.325318171 ], [ -83.106794431, 42.325370171 ], [ -83.106841431, 42.325298171 ], [ -83.106782431, 42.325306171000101 ], [ -83.106239431, 42.325384172 ], [ -83.10207143, 42.325932171 ], [ -83.100149428999899, 42.326300171000099 ], [ -83.100194428, 42.326364172000098 ], [ -83.098058427999902, 42.326692172 ], [ -83.097997429, 42.326606172 ], [ -83.097327428, 42.325675172 ], [ -83.096679428, 42.324769172000103 ], [ -83.096634427, 42.324851172000102 ], [ -83.094637427, 42.325625172000102 ], [ -83.094090427, 42.324859172000103 ], [ -83.094037427, 42.324923172000098 ], [ -83.093822427, 42.325009172000101 ], [ -83.093655427, 42.324772172000102 ], [ -83.093310426, 42.324906171 ], [ -83.0915834259999, 42.322501172000102 ], [ -83.091761426, 42.322431171000098 ], [ -83.092147425999897, 42.322281171 ], [ -83.092231426, 42.322249172 ], [ -83.091928426, 42.321823171000098 ], [ -83.091411426, 42.321098171000102 ], [ -83.091365426, 42.321033171000103 ], [ -83.091280425, 42.320914171 ], [ -83.091164426, 42.320966171000101 ], [ -83.090943426, 42.3210541710001 ], [ -83.090844424999901, 42.321094171 ], [ -83.090717426, 42.320918171000102 ], [ -83.090504424999907, 42.321000171 ], [ -83.088903425, 42.318748171 ], [ -83.088719424, 42.318476171 ], [ -83.088983425, 42.318373171000097 ], [ -83.088660424999901, 42.317932171 ], [ -83.088400425, 42.318036171000102 ], [ -83.087333423999894, 42.31654817 ], [ -83.087574424, 42.316446170000098 ], [ -83.088015425, 42.316260171000103 ], [ -83.087922423999899, 42.316124171000098 ], [ -83.087808423999903, 42.315992170000101 ], [ -83.087740423999904, 42.31591417 ], [ -83.087586423999895, 42.315779171 ], [ -83.087877423999899, 42.315471170000102 ], [ -83.088240423999906, 42.315209170000102 ], [ -83.088871425, 42.31487817 ], [ -83.089438424, 42.31467917 ], [ -83.091292424999907, 42.31395917 ], [ -83.091096425, 42.31368017 ], [ -83.090953425, 42.313477170000098 ], [ -83.090768425, 42.31321617 ], [ -83.090414424999906, 42.31334817 ], [ -83.090026425, 42.31348617 ], [ -83.089490424, 42.31365817 ], [ -83.088869423999896, 42.31390917 ], [ -83.087801424, 42.314353170000103 ], [ -83.086864423999899, 42.314728170000102 ], [ -83.086332424, 42.31397317 ], [ -83.085620424, 42.314280170000103 ], [ -83.083712423, 42.31159717 ], [ -83.082985422, 42.31058117 ], [ -83.082593421999903, 42.31075917 ], [ -83.082522422, 42.31080817 ], [ -83.082463422, 42.310865170000099 ], [ -83.082384422, 42.31098117 ], [ -83.082326421999895, 42.31111617 ], [ -83.082061422, 42.31166517 ], [ -83.081816422, 42.31217817 ], [ -83.081738421999901, 42.312343170000098 ], [ -83.081680422, 42.31247617 ], [ -83.081636422, 42.31257617 ], [ -83.081436422, 42.312666170000099 ], [ -83.080350420999906, 42.311151170000102 ] ] ] } },
{ "type": "Feature", "properties": { "OBJECTID": 19, "zipcode": "48210", "total_renters": 3796.0, "renters_30_35pct": 192.0, "renters_35_40pct": 186.0, "renters_40_50pct": 185.0, "renters_50plus_pct": 1185.0, "total_owners": 5220.0, "owners_mtg_30_35pct": 84.0, "owners_mtg_35_40pct": 112.0, "owners_mtg_40_50pct": 57.0, "owners_mtg_50plus_pct": 159.0, "owners_nomtg_30_35pct": 254.0, "owners_nomtg_35_40pct": 150.0, "owners_nomtg_40_50pct": 256.0, "owners_nomtg_50plus_pct": 348.0, "median_household_income": "407993", "median_home_value": "760500", "renters_burden_30plus": 1748.0, "pct_renters_30plus": 46.0, "owners_burden_30plus": 1420.0, "pct_owners_30plus": 27.2, "total_households": 9016.0, "burden_30plus_all": 3168.0, "pct_burden_30plus_all": 35.1, "renters_burden_50plus": 1185.0, "owners_burden_50plus": 507.0, "burden_50plus_all": 1692.0, "pct_burden_50plus_all": 18.8, "price_income_ratio": "1.8640025686715214", "housing_shortage": false, "renter_accessibility_crisis": false, "housing_category": "Neither" }, "geometry": { "type": "Polygon", "coordinates": [ [ [ -83.098540429, 42.331272172000098 ], [ -83.099457429, 42.331173173 ], [ -83.0974064279999, 42.328379172 ], [ -83.097075428, 42.3279421720001 ], [ -83.097057428, 42.327528172 ], [ -83.097262428, 42.327046172 ], [ -83.097767429, 42.326734172 ], [ -83.098058427999902, 42.326692172 ], [ -83.100194428, 42.326364172000098 ], [ -83.100149428999899, 42.326300171000099 ], [ -83.10207143, 42.325932171 ], [ -83.106239431, 42.325384172 ], [ -83.106782431, 42.325306171000101 ], [ -83.106841431, 42.325298171 ], [ -83.106794431, 42.325370171 ], [ -83.107220431, 42.325318171 ], [ -83.108275431, 42.325160171 ], [ -83.113943433, 42.324393171000096 ], [ -83.115315434, 42.32420317 ], [ -83.121841436, 42.32324917 ], [ -83.122458434999899, 42.323172170000099 ], [ -83.122831436, 42.323133170000098 ], [ -83.126402436, 42.322998170000098 ], [ -83.127773437, 42.322953169000101 ], [ -83.1284554369999, 42.32291417 ], [ -83.128950437999904, 42.322863170000097 ], [ -83.129252438, 42.32282417 ], [ -83.129683438, 42.32275417 ], [ -83.130115437999905, 42.322676169 ], [ -83.131372438999904, 42.322391169000099 ], [ -83.132529437999906, 42.322079169000098 ], [ -83.133212439, 42.321907169 ], [ -83.133416439, 42.321855169000102 ], [ -83.135032439, 42.321456169 ], [ -83.135623439, 42.321334169000103 ], [ -83.13577744, 42.321303169 ], [ -83.13760644, 42.321008169 ], [ -83.138635441, 42.320850169 ], [ -83.143544441999893, 42.320111168 ], [ -83.143963442, 42.320054168000098 ], [ -83.144652441999895, 42.319970168 ], [ -83.146268442999897, 42.319736168000098 ], [ -83.146492441999897, 42.319713168000099 ], [ -83.146969766, 42.3196480780001 ], [ -83.147056081999906, 42.319753675000101 ], [ -83.149373068, 42.322896381000099 ], [ -83.1528631259999, 42.327737041 ], [ -83.153129847999907, 42.3280879120001 ], [ -83.153195820999898, 42.328071999 ], [ -83.153213446, 42.3280951690001 ], [ -83.155009446, 42.327662169000099 ], [ -83.155358446, 42.328146169 ], [ -83.156104446, 42.327942169 ], [ -83.156521783, 42.327827275000097 ], [ -83.156551589999907, 42.327953092 ], [ -83.1565665749999, 42.328163522000096 ], [ -83.156594895999902, 42.328561265000097 ], [ -83.156601174999906, 42.328732047000102 ], [ -83.156607801, 42.328909943 ], [ -83.156636587, 42.329522514000097 ], [ -83.156657783999904, 42.329925394 ], [ -83.156774609, 42.333943410000103 ], [ -83.156901961, 42.336961329000097 ], [ -83.156407099, 42.336949949 ], [ -83.155742900999897, 42.336984003 ], [ -83.154344457, 42.337231264 ], [ -83.153600481999902, 42.337377471 ], [ -83.152958925999897, 42.337587033 ], [ -83.152599499999894, 42.337768981000103 ], [ -83.152228780999906, 42.337941960000101 ], [ -83.151808119999899, 42.338183137 ], [ -83.151457594, 42.338426083000101 ], [ -83.151106269, 42.338686371000101 ], [ -83.150817369, 42.338861412 ], [ -83.150214741999903, 42.339497384 ], [ -83.149941653, 42.3398377870001 ], [ -83.149675875, 42.340273883000101 ], [ -83.149431482999901, 42.340753930000098 ], [ -83.148716169999901, 42.343844192000098 ], [ -83.148475845, 42.344401354000098 ], [ -83.148351686999902, 42.3446891950001 ], [ -83.148300573, 42.344981771 ], [ -83.147877313, 42.3474044640001 ], [ -83.147634023999899, 42.349141907 ], [ -83.147583654999906, 42.349368629 ], [ -83.147466355999896, 42.349918500000101 ], [ -83.147513070999906, 42.350753879000102 ], [ -83.147527091, 42.350844312 ], [ -83.147574812, 42.351195076000103 ], [ -83.147587895999905, 42.351275986000097 ], [ -83.147596211, 42.351445696 ], [ -83.147604883, 42.351560875000096 ], [ -83.147612727, 42.351618645 ], [ -83.147657129, 42.351916346000102 ], [ -83.147739064999897, 42.35191472 ], [ -83.147740445, 42.351924174 ], [ -83.147083446, 42.351937174 ], [ -83.1462534449999, 42.351954174000099 ], [ -83.146025446, 42.351958174 ], [ -83.145246444999898, 42.351973174000101 ], [ -83.144967445, 42.351978174000102 ], [ -83.144254444999902, 42.351993174 ], [ -83.143909444, 42.352000174000104 ], [ -83.143192444, 42.352014174 ], [ -83.142802444, 42.352022174000098 ], [ -83.142129444, 42.352036174 ], [ -83.141743444, 42.352043174000102 ], [ -83.141064444, 42.352057174 ], [ -83.140732444, 42.352064174000098 ], [ -83.140001443, 42.352078174 ], [ -83.139719443, 42.352084174 ], [ -83.138250442999905, 42.352109174000098 ], [ -83.137147442, 42.352100175 ], [ -83.135707442, 42.352080174 ], [ -83.1345864419999, 42.352060174 ], [ -83.133510440999899, 42.352039175000101 ], [ -83.132194441, 42.3520141750001 ], [ -83.132084441, 42.352012174 ], [ -83.129764441, 42.351968175 ], [ -83.12825144, 42.351936175 ], [ -83.127033438999902, 42.351914175 ], [ -83.125663438999894, 42.351890175000101 ], [ -83.124385438, 42.351868175 ], [ -83.123128438, 42.351846175 ], [ -83.122717437999896, 42.351833175 ], [ -83.122665438999903, 42.351838175000097 ], [ -83.122577437999894, 42.351867175000102 ], [ -83.121437438, 42.352302175 ], [ -83.121300437999906, 42.352109175000102 ], [ -83.121285438, 42.352079175 ], [ -83.121277437999893, 42.352034175 ], [ -83.121269438, 42.351753175 ], [ -83.120215437, 42.3517721750001 ], [ -83.120239437999899, 42.352343175 ], [ -83.120246436999906, 42.352374175000101 ], [ -83.120140438, 42.352382176 ], [ -83.119902437, 42.352388176 ], [ -83.119307437, 42.352611175 ], [ -83.119194437, 42.352665176000102 ], [ -83.119110438, 42.352706175 ], [ -83.119088437, 42.352830175000101 ], [ -83.118729437, 42.352829175000103 ], [ -83.118665436999905, 42.352853175 ], [ -83.118665436999905, 42.352883175 ], [ -83.118157436, 42.353074175000103 ], [ -83.118049436, 42.353114176000098 ], [ -83.117072437, 42.353480176 ], [ -83.116106435999896, 42.3538421760001 ], [ -83.116002436, 42.353918175 ], [ -83.116018436, 42.353961176 ], [ -83.116216436999906, 42.354258176 ], [ -83.115977436, 42.354347176 ], [ -83.114814436, 42.3547821760001 ], [ -83.113639436, 42.355220176 ], [ -83.112486434999894, 42.355693176 ], [ -83.111653434999894, 42.355740176 ], [ -83.111409435, 42.355539176 ], [ -83.111617435, 42.355613176000098 ], [ -83.111635435, 42.355616176000098 ], [ -83.111619435, 42.353918176 ], [ -83.111472434999897, 42.3519451760001 ], [ -83.111575435, 42.349963175 ], [ -83.111435434, 42.347992175000101 ], [ -83.110479434, 42.348009175000101 ], [ -83.110403434, 42.347892175 ], [ -83.111188434, 42.347322175 ], [ -83.111233434, 42.347297175000101 ], [ -83.110806434, 42.346714175 ], [ -83.110614434, 42.346522175000104 ], [ -83.110009433999906, 42.346776175000102 ], [ -83.109659434, 42.346907175000098 ], [ -83.109577434, 42.346803175 ], [ -83.109438433, 42.346615175000103 ], [ -83.109185433, 42.346267175 ], [ -83.108939433, 42.345928175 ], [ -83.108297433, 42.345044175 ], [ -83.108130433, 42.344798175000101 ], [ -83.109398433, 42.344776174000103 ], [ -83.108631433, 42.343711174000099 ], [ -83.107777433, 42.342533174 ], [ -83.106954432, 42.3413971740001 ], [ -83.104917432, 42.338591174 ], [ -83.1048684309999, 42.338537174000102 ], [ -83.104817431, 42.338482173 ], [ -83.103636431, 42.336840173 ], [ -83.103217430999905, 42.336257174 ], [ -83.102316431, 42.335007173000101 ], [ -83.10141343, 42.333744173000099 ], [ -83.10140543, 42.333682173000099 ], [ -83.10141243, 42.333645173 ], [ -83.101427429999902, 42.333610173000103 ], [ -83.10218843, 42.332500173 ], [ -83.10208843, 42.332360173 ], [ -83.100568429, 42.334565173 ], [ -83.100276429, 42.334164173 ], [ -83.099964429, 42.333735173 ], [ -83.09976743, 42.333441173 ], [ -83.099589428999906, 42.333182173000097 ], [ -83.098587429, 42.3317851730001 ], [ -83.098452429, 42.331555173 ], [ -83.098485428999894, 42.331419173 ], [ -83.098540429, 42.331272172000098 ] ] ] } },
{ "type": "Feature", "properties": { "OBJECTID": 20, "zipcode": "48211", "total_renters": 599.0, "renters_30_35pct": 0.0, "renters_35_40pct": 46.0, "renters_40_50pct": 25.0, "renters_50plus_pct": 206.0, "total_owners": 519.0, "owners_mtg_30_35pct": 0.0, "owners_mtg_35_40pct": 0.0, "owners_mtg_40_50pct": 0.0, "owners_mtg_50plus_pct": 23.0, "owners_nomtg_30_35pct": 0.0, "owners_nomtg_35_40pct": 0.0, "owners_nomtg_40_50pct": 7.0, "owners_nomtg_50plus_pct": 153.0, "median_household_income": "41667", "median_home_value": "51600", "renters_burden_30plus": 277.0, "pct_renters_30plus": 46.2, "owners_burden_30plus": 183.0, "pct_owners_30plus": 35.3, "total_households": 1118.0, "burden_30plus_all": 460.0, "pct_burden_30plus_all": 41.1, "renters_burden_50plus": 206.0, "owners_burden_50plus": 176.0, "burden_50plus_all": 382.0, "pct_burden_50plus_all": 34.2, "price_income_ratio": "1.238390092879257", "housing_shortage": false, "renter_accessibility_crisis": false, "housing_category": "Neither" }, "geometry": { "type": "Polygon", "coordinates": [ [ [ -83.037816417, 42.404694189 ], [ -83.037742416999905, 42.404725189 ], [ -83.037651416999907, 42.404748189 ], [ -83.037368417, 42.404759189000103 ], [ -83.035477415999907, 42.404796189000102 ], [ -83.035172416, 42.404805189000101 ], [ -83.034966415, 42.3975571880001 ], [ -83.034856415, 42.397562188000101 ], [ -83.034712414999902, 42.397568187 ], [ -83.034369415, 42.3975781870001 ], [ -83.034301415, 42.397579188000101 ], [ -83.033227414, 42.397598188000103 ], [ -83.032200415, 42.397614188 ], [ -83.031213414, 42.397631188000098 ], [ -83.030227414, 42.397645188000098 ], [ -83.029245413999902, 42.397662188 ], [ -83.028258412999904, 42.397677188 ], [ -83.028227413, 42.396839188000101 ], [ -83.028198413, 42.396038188 ], [ -83.029184414, 42.396022188000103 ], [ -83.029090413, 42.393595187000102 ], [ -83.028362413, 42.393604187 ], [ -83.028107413, 42.393613187 ], [ -83.027989412999901, 42.390461186 ], [ -83.028976413, 42.390451187 ], [ -83.029088413, 42.390449186000097 ], [ -83.029086413, 42.389644186 ], [ -83.029088412, 42.388866187000097 ], [ -83.028110412, 42.388878186 ], [ -83.027127412, 42.388890186 ], [ -83.027127412, 42.387368186000103 ], [ -83.027602412, 42.387010186000097 ], [ -83.028110412, 42.386627186 ], [ -83.028297413, 42.386487186000103 ], [ -83.027272411, 42.385665186 ], [ -83.0270034119999, 42.385480186 ], [ -83.026827412, 42.385611186000098 ], [ -83.026531411999898, 42.385170186 ], [ -83.026363412, 42.384916186 ], [ -83.026275412, 42.384784186 ], [ -83.026103411, 42.3845241860001 ], [ -83.025492411, 42.384645185000103 ], [ -83.024152411, 42.382554185000103 ], [ -83.024671411, 42.382366185000102 ], [ -83.024178411, 42.381623185000102 ], [ -83.02368941, 42.380886185000101 ], [ -83.02315041, 42.381082185 ], [ -83.02270341, 42.380405185 ], [ -83.02262641, 42.380340185000101 ], [ -83.02179841, 42.379070185000103 ], [ -83.02236441, 42.378864185 ], [ -83.021811409, 42.378026185000103 ], [ -83.02167041, 42.377821185000101 ], [ -83.020981408999901, 42.3767831850001 ], [ -83.019940408999901, 42.377162184 ], [ -83.019330409, 42.376248184000097 ], [ -83.019797409, 42.376078185 ], [ -83.018784408, 42.374591184 ], [ -83.019381408999905, 42.374374184 ], [ -83.019174408, 42.374058184 ], [ -83.019085408999899, 42.373708184000101 ], [ -83.019047407999906, 42.373611184 ], [ -83.019261408, 42.373528184000101 ], [ -83.020549409, 42.373064184 ], [ -83.021503409, 42.372720184000102 ], [ -83.022489409, 42.372361184 ], [ -83.023795408999902, 42.371885183000103 ], [ -83.024360408999897, 42.371679183 ], [ -83.02475341, 42.371536183 ], [ -83.02510541, 42.371409183 ], [ -83.02668341, 42.370836183000101 ], [ -83.027659410999902, 42.370481183 ], [ -83.030291411, 42.369524183000102 ], [ -83.031006412, 42.369265183 ], [ -83.031807412, 42.368975182 ], [ -83.032284412, 42.369693183 ], [ -83.034690413, 42.368819182 ], [ -83.034215412, 42.368100183000102 ], [ -83.035861413, 42.3675001820001 ], [ -83.036831412999902, 42.367148182 ], [ -83.037791413, 42.366800182000098 ], [ -83.038755414, 42.366447182000101 ], [ -83.040326413999907, 42.365872182 ], [ -83.0407964139999, 42.365705182 ], [ -83.042811414, 42.364974181 ], [ -83.044354416, 42.364414181 ], [ -83.045111415, 42.364140181 ], [ -83.046106416, 42.363781181 ], [ -83.046313416, 42.363706181000097 ], [ -83.046638415, 42.363588181000097 ], [ -83.046847415999906, 42.363856181000102 ], [ -83.047129416, 42.364283181000097 ], [ -83.049708417, 42.363367181 ], [ -83.050181417, 42.364078181 ], [ -83.050699417, 42.364858181 ], [ -83.052323418, 42.364269181 ], [ -83.052946418, 42.3651711810001 ], [ -83.053641418, 42.366212181 ], [ -83.055072418, 42.365691181 ], [ -83.055886419, 42.365398181 ], [ -83.056199418999896, 42.365283181 ], [ -83.056377418999901, 42.365217181 ], [ -83.057343418999906, 42.367281181000102 ], [ -83.05768442, 42.368007181000102 ], [ -83.057923419, 42.368505181 ], [ -83.05814842, 42.368377181 ], [ -83.05820342, 42.368500181000101 ], [ -83.0582464189999, 42.368597181 ], [ -83.058329419999893, 42.368774181 ], [ -83.05845642, 42.369043181000102 ], [ -83.05860842, 42.369371181000098 ], [ -83.058955419999904, 42.370116182000103 ], [ -83.05911342, 42.370456181000101 ], [ -83.059198421, 42.370649181 ], [ -83.05935642, 42.370592181000099 ], [ -83.059491421, 42.370543182000098 ], [ -83.059811419999903, 42.370426182000102 ], [ -83.059466421, 42.369904181 ], [ -83.059143421, 42.369430181 ], [ -83.05913342, 42.369399181000098 ], [ -83.059141419999904, 42.369365182000102 ], [ -83.05916042, 42.369339182 ], [ -83.05919242, 42.369317182 ], [ -83.060427419999897, 42.368873181 ], [ -83.062523421, 42.368110181000098 ], [ -83.062845421, 42.368593181 ], [ -83.062925421, 42.368698181000099 ], [ -83.063242422, 42.369175181000102 ], [ -83.061135421, 42.369945181 ], [ -83.062112422, 42.371412182 ], [ -83.062168421, 42.371497182 ], [ -83.062762421999906, 42.372396182 ], [ -83.062893421999902, 42.372588181 ], [ -83.062937421999905, 42.372650181 ], [ -83.064006422, 42.372273181 ], [ -83.064725422, 42.373359182000101 ], [ -83.064279422, 42.373525182 ], [ -83.064390423, 42.373679182 ], [ -83.064877423, 42.374407182 ], [ -83.065156422, 42.374816182000103 ], [ -83.065422422, 42.375217182 ], [ -83.065501422999901, 42.375342182000097 ], [ -83.065746423, 42.375691182 ], [ -83.066278423, 42.376475182 ], [ -83.066577423, 42.376921182 ], [ -83.066897422999901, 42.377393182 ], [ -83.067454423, 42.378218183000101 ], [ -83.067978424, 42.378994182 ], [ -83.068482424, 42.379742183000097 ], [ -83.069006424999898, 42.380518183 ], [ -83.069549424999906, 42.381321183000097 ], [ -83.070094425, 42.3821301830001 ], [ -83.070648424999902, 42.3829491830001 ], [ -83.071164425, 42.3837121830001 ], [ -83.071650425, 42.3844351830001 ], [ -83.072243425999901, 42.385320184000101 ], [ -83.072753426, 42.386087184000097 ], [ -83.073252426, 42.386834184000101 ], [ -83.073601426, 42.386705184 ], [ -83.073836426, 42.387047184 ], [ -83.073818426999907, 42.387120184 ], [ -83.074113426, 42.387559184000096 ], [ -83.073811426, 42.387672184000103 ], [ -83.074191427, 42.388241184 ], [ -83.074465426, 42.388652184000101 ], [ -83.075097426999903, 42.389593184 ], [ -83.075190427, 42.389735184000102 ], [ -83.075469427, 42.390199184 ], [ -83.075910428, 42.390829184 ], [ -83.076006427, 42.390967184 ], [ -83.076373427, 42.391506185 ], [ -83.076692426999898, 42.391987185000097 ], [ -83.077165427999901, 42.392693185 ], [ -83.077220428, 42.392785184 ], [ -83.0772784279999, 42.392879185 ], [ -83.077411427999905, 42.393034184 ], [ -83.077442428, 42.393149185 ], [ -83.077484427999906, 42.393219185000099 ], [ -83.077646428, 42.3934071850001 ], [ -83.077883428, 42.393660185 ], [ -83.077968427999906, 42.393758185000102 ], [ -83.078434429, 42.394439185000103 ], [ -83.078551428999901, 42.394614185000101 ], [ -83.078971429, 42.395244185000102 ], [ -83.079352429, 42.395827185 ], [ -83.079478428999906, 42.3960331850001 ], [ -83.079714547, 42.396458012 ], [ -83.079648827, 42.3964830030001 ], [ -83.079053841, 42.3967094610001 ], [ -83.078160483, 42.397049475000102 ], [ -83.077213095, 42.3974100410001 ], [ -83.076088732999906, 42.397837946 ], [ -83.075121463, 42.398204447000097 ], [ -83.074464475999903, 42.398454232000098 ], [ -83.073762129, 42.398721255000098 ], [ -83.073633964, 42.398564790000101 ], [ -83.073061368, 42.397865758000101 ], [ -83.072722166999895, 42.397451647 ], [ -83.072671350999897, 42.397389608 ], [ -83.0711831469999, 42.39557267 ], [ -83.069571262, 42.393604590000102 ], [ -83.069310726, 42.3932825790001 ], [ -83.069221314999893, 42.393167079000101 ], [ -83.069084071, 42.392989791 ], [ -83.068909907, 42.392764806000102 ], [ -83.06877071, 42.392584993000099 ], [ -83.067465075, 42.390898314 ], [ -83.066671086, 42.389872553 ], [ -83.066552415, 42.389706919 ], [ -83.066367446, 42.389766636 ], [ -83.066312320999899, 42.389785309 ], [ -83.064161124999899, 42.390589594000097 ], [ -83.063972733, 42.390653605000097 ], [ -83.062470754999893, 42.391219882 ], [ -83.061941423, 42.390418185 ], [ -83.060584422, 42.388421185 ], [ -83.059918422, 42.387439185000098 ], [ -83.059663422, 42.387066185 ], [ -83.059272421999907, 42.386493185000099 ], [ -83.058160421, 42.384846184 ], [ -83.058062421, 42.3847011840001 ], [ -83.058016420999905, 42.384652184000103 ], [ -83.057743420999898, 42.384256184 ], [ -83.05645042, 42.3823261840001 ], [ -83.056156421, 42.381910183000102 ], [ -83.055998421, 42.381649183 ], [ -83.05575042, 42.381253184 ], [ -83.05568742, 42.381153184 ], [ -83.055644018999899, 42.381209369 ], [ -83.055563151, 42.381084058 ], [ -83.054929006, 42.380067181000101 ], [ -83.054832163, 42.379880686 ], [ -83.054668229999905, 42.379595869000099 ], [ -83.054280824, 42.379736096 ], [ -83.051858252, 42.380612933000101 ], [ -83.047951272, 42.382026882000098 ], [ -83.045115497, 42.383053034 ], [ -83.042530067999905, 42.383988507 ], [ -83.040597014999904, 42.384687877 ], [ -83.040410584, 42.384755324 ], [ -83.041155442, 42.385800923 ], [ -83.041787711, 42.386688442 ], [ -83.042178214, 42.38723658 ], [ -83.042439837, 42.387603806000101 ], [ -83.042534175, 42.387736223 ], [ -83.042635468, 42.387878401000101 ], [ -83.04331376, 42.388830452 ], [ -83.043773007, 42.389475034 ], [ -83.044276848, 42.390182189 ], [ -83.043124427999899, 42.390198538 ], [ -83.042222984, 42.390214871000097 ], [ -83.042224535999907, 42.390571433 ], [ -83.042242072999898, 42.391283216 ], [ -83.042257304, 42.392041850000098 ], [ -83.042269476999905, 42.39259481 ], [ -83.042295834, 42.393127256000099 ], [ -83.042292930999906, 42.393859341 ], [ -83.042302018, 42.393923376 ], [ -83.04231486, 42.394239838 ], [ -83.042328896, 42.394631678 ], [ -83.042329599999903, 42.394815998000098 ], [ -83.042330767, 42.395098739000098 ], [ -83.042338248999897, 42.395192648 ], [ -83.042343508, 42.395540237 ], [ -83.042349383, 42.395928552 ], [ -83.042368804, 42.3966649770001 ], [ -83.042388698, 42.397428064000103 ], [ -83.042389570999902, 42.397520531000097 ], [ -83.042390698, 42.397639992000101 ], [ -83.042396907, 42.398297626 ], [ -83.042401336, 42.398766765000097 ], [ -83.042406123, 42.399273879000098 ], [ -83.042414740999902, 42.400186681 ], [ -83.042415913999903, 42.400310994 ], [ -83.041762418, 42.401236188 ], [ -83.038541417, 42.405267189 ], [ -83.038399416999894, 42.405104189 ], [ -83.038343417, 42.405023189000097 ], [ -83.038225417, 42.404813189 ], [ -83.038171416999901, 42.404690188000103 ], [ -83.038106416999895, 42.404491189 ], [ -83.038089417, 42.4044141890001 ], [ -83.038078417, 42.404327188 ], [ -83.038002417, 42.404529189000101 ], [ -83.037947416999899, 42.404601189000097 ], [ -83.037905417, 42.4046391890001 ], [ -83.037816417, 42.404694189 ] ] ] } },
{ "type": "Feature", "properties": { "OBJECTID": 21, "zipcode": "48212", "total_renters": 1271.0, "renters_30_35pct": 85.0, "renters_35_40pct": 62.0, "renters_40_50pct": 76.0, "renters_50plus_pct": 292.0, "total_owners": 2795.0, "owners_mtg_30_35pct": 38.0, "owners_mtg_35_40pct": 76.0, "owners_mtg_40_50pct": 2.0, "owners_mtg_50plus_pct": 113.0, "owners_nomtg_30_35pct": 283.0, "owners_nomtg_35_40pct": 45.0, "owners_nomtg_40_50pct": 6.0, "owners_nomtg_50plus_pct": 266.0, "median_household_income": "182552", "median_home_value": "266400", "renters_burden_30plus": 515.0, "pct_renters_30plus": 40.5, "owners_burden_30plus": 829.0, "pct_owners_30plus": 29.7, "total_households": 4066.0, "burden_30plus_all": 1344.0, "pct_burden_30plus_all": 33.1, "renters_burden_50plus": 292.0, "owners_burden_50plus": 379.0, "burden_50plus_all": 671.0, "pct_burden_50plus_all": 16.5, "price_income_ratio": "1.4593102239361935", "housing_shortage": false, "renter_accessibility_crisis": false, "housing_category": "Neither" }, "geometry": { "type": "MultiPolygon", "coordinates": [ [ [ [ -83.055644018999899, 42.381209369 ], [ -83.05568742, 42.381153184 ], [ -83.05575042, 42.381253184 ], [ -83.055998421, 42.381649183 ], [ -83.056156421, 42.381910183000102 ], [ -83.05645042, 42.3823261840001 ], [ -83.057743420999898, 42.384256184 ], [ -83.058016420999905, 42.384652184000103 ], [ -83.058062421, 42.3847011840001 ], [ -83.058160421, 42.384846184 ], [ -83.059272421999907, 42.386493185000099 ], [ -83.059663422, 42.387066185 ], [ -83.059918422, 42.387439185000098 ], [ -83.060584422, 42.388421185 ], [ -83.061941423, 42.390418185 ], [ -83.062470754999893, 42.391219882 ], [ -83.062408099, 42.391243505 ], [ -83.061857678, 42.390410383000102 ], [ -83.061610429, 42.390047651 ], [ -83.06090234, 42.389005341 ], [ -83.060500546999904, 42.388413898000103 ], [ -83.059834840999898, 42.387431684 ], [ -83.059664134999906, 42.387179817000103 ], [ -83.059188738, 42.386485756000098 ], [ -83.057911711, 42.384618206 ], [ -83.057851426, 42.384522689 ], [ -83.057660177999907, 42.38424854 ], [ -83.056366924999907, 42.382318273000102 ], [ -83.056072657999906, 42.381902276000098 ], [ -83.0558622409999, 42.381613868 ], [ -83.055752466999905, 42.381454021 ], [ -83.055734681, 42.381398707000102 ], [ -83.055733834, 42.381362749000097 ], [ -83.055662883, 42.381238599 ], [ -83.055644018999899, 42.381209369 ] ] ], [ [ [ -83.069365766, 42.393353679 ], [ -83.069310726, 42.3932825790001 ], [ -83.069571262, 42.393604590000102 ], [ -83.069365766, 42.393353679 ] ] ], [ [ [ -83.033723417, 42.426214193000099 ], [ -83.033722418, 42.426124193000099 ], [ -83.031874417, 42.426166193 ], [ -83.030254417, 42.426187193 ], [ -83.028962416999903, 42.4262391930001 ], [ -83.028833415999898, 42.426148193000103 ], [ -83.028138416, 42.426156193 ], [ -83.027904415999899, 42.426159193 ], [ -83.027412415999905, 42.426178193 ], [ -83.027417415999906, 42.426267193000101 ], [ -83.024920414999897, 42.426318193 ], [ -83.023972414, 42.426316193 ], [ -83.023959415, 42.425945193000103 ], [ -83.023931413999904, 42.425176193 ], [ -83.023902414, 42.424407193 ], [ -83.023890413999894, 42.424064193 ], [ -83.023873415, 42.423611193 ], [ -83.024288415, 42.423603192 ], [ -83.024570415, 42.423174193000101 ], [ -83.024939414999906, 42.422673192 ], [ -83.025445414, 42.421987192000103 ], [ -83.025668415, 42.421685193 ], [ -83.026022415, 42.421182192000103 ], [ -83.027306414999899, 42.419438191 ], [ -83.027689414999898, 42.418967191 ], [ -83.029113415, 42.417066191000103 ], [ -83.030025415, 42.415821191000099 ], [ -83.035013416, 42.40906719 ], [ -83.035153416999904, 42.408878190000102 ], [ -83.035350416, 42.408403190000101 ], [ -83.035738416999905, 42.407924189 ], [ -83.037054417, 42.406408189 ], [ -83.037594417, 42.405786189 ], [ -83.037804417, 42.405554189 ], [ -83.037870417, 42.405489189 ], [ -83.037884417, 42.404945188 ], [ -83.037891417, 42.404774189000101 ], [ -83.037816417, 42.404694189 ], [ -83.037905417, 42.4046391890001 ], [ -83.037947416999899, 42.404601189000097 ], [ -83.038002417, 42.404529189000101 ], [ -83.038078417, 42.404327188 ], [ -83.038089417, 42.4044141890001 ], [ -83.038106416999895, 42.404491189 ], [ -83.038171416999901, 42.404690188000103 ], [ -83.038225417, 42.404813189 ], [ -83.038343417, 42.405023189000097 ], [ -83.038399416999894, 42.405104189 ], [ -83.038541417, 42.405267189 ], [ -83.041762418, 42.401236188 ], [ -83.042415913999903, 42.400310994 ], [ -83.042417733, 42.400503687 ], [ -83.0424233909999, 42.401103072000097 ], [ -83.042426698, 42.401453276 ], [ -83.042432392, 42.402056479000102 ], [ -83.04244771, 42.4036790870001 ], [ -83.042454931999899, 42.404444183000102 ], [ -83.043843226, 42.404443823000101 ], [ -83.044910922, 42.404449106000101 ], [ -83.047178039, 42.40446029 ], [ -83.049850712, 42.404429531000098 ], [ -83.050116292, 42.404429377 ], [ -83.052554858999898, 42.40442792 ], [ -83.053943308, 42.404440395000101 ], [ -83.054140375, 42.404734185000102 ], [ -83.054583180999899, 42.405394614 ], [ -83.055023052, 42.406050596 ], [ -83.055494873, 42.406754328 ], [ -83.055563165, 42.406856186 ], [ -83.055952326, 42.407435156000098 ], [ -83.056394102999903, 42.408094304 ], [ -83.056838081, 42.408753206 ], [ -83.05699184, 42.40898188 ], [ -83.05745909, 42.408809968000099 ], [ -83.057908964, 42.408644446 ], [ -83.058387813, 42.408468242 ], [ -83.0588346, 42.408304313 ], [ -83.059718248, 42.407982413000099 ], [ -83.060254062999903, 42.4077849970001 ], [ -83.060616374999896, 42.407651403 ], [ -83.061141828, 42.40746255 ], [ -83.061493652, 42.407329328000102 ], [ -83.062006056, 42.407141178000103 ], [ -83.062368706, 42.407008482 ], [ -83.062847636, 42.40683425 ], [ -83.063245923999901, 42.406688284 ], [ -83.063694047, 42.406523341 ], [ -83.0642045, 42.406334545 ], [ -83.064681046, 42.406159028 ], [ -83.064780573, 42.406122518000103 ], [ -83.065784758999897, 42.405754141 ], [ -83.066677013999893, 42.405425658000098 ], [ -83.06754743, 42.405105409 ], [ -83.068705645, 42.404678265 ], [ -83.06913916, 42.404519165000103 ], [ -83.069628839, 42.404340345 ], [ -83.070114396999898, 42.404161678 ], [ -83.07059078, 42.403985594000098 ], [ -83.071093351999906, 42.403800174 ], [ -83.071571771, 42.403624634 ], [ -83.072058152999901, 42.403446874 ], [ -83.072397297999899, 42.403296268000098 ], [ -83.072664135, 42.403177774 ], [ -83.073035642, 42.403012795000102 ], [ -83.073377473, 42.402909105 ], [ -83.073935945999906, 42.402705943 ], [ -83.074496332, 42.40249842 ], [ -83.075088655999906, 42.402282544000101 ], [ -83.076097601999905, 42.401924837000102 ], [ -83.076215727, 42.401882957 ], [ -83.076275639, 42.401861716 ], [ -83.076305428999902, 42.401898186 ], [ -83.076181429, 42.401932186000103 ], [ -83.075386427999902, 42.402214186 ], [ -83.075172428, 42.402290186000101 ], [ -83.075132428, 42.402305187 ], [ -83.074580428, 42.402506187 ], [ -83.074300428, 42.402610186000103 ], [ -83.074019428, 42.402713187000103 ], [ -83.073461428, 42.402916187000102 ], [ -83.073119428, 42.403020187 ], [ -83.072747427, 42.403185186 ], [ -83.073139428, 42.403787186 ], [ -83.073619428, 42.404502187 ], [ -83.074024428, 42.404965187000101 ], [ -83.074467427999906, 42.405363187 ], [ -83.074989428, 42.405738187000097 ], [ -83.075217429, 42.405880187 ], [ -83.075482429, 42.406018187 ], [ -83.075727427999894, 42.406143187000097 ], [ -83.077015429, 42.406805187 ], [ -83.07747943, 42.407049187 ], [ -83.07794143, 42.4073071870001 ], [ -83.07829543, 42.407539187 ], [ -83.07853643, 42.407704187 ], [ -83.078804428999902, 42.4079121870001 ], [ -83.078935429999902, 42.408022187 ], [ -83.07897643, 42.408056187000099 ], [ -83.079119429999906, 42.408186187000098 ], [ -83.079249429999905, 42.408315187 ], [ -83.07947543, 42.4085651870001 ], [ -83.07955043, 42.408664187 ], [ -83.07930143, 42.408729187000098 ], [ -83.079385429999903, 42.408811187 ], [ -83.079426429999899, 42.408881188000102 ], [ -83.079470430999905, 42.408932187000097 ], [ -83.079365429999896, 42.4089761870001 ], [ -83.079317429999904, 42.408998187000101 ], [ -83.079074429999906, 42.409094188 ], [ -83.077810429, 42.409611188 ], [ -83.077607429999901, 42.409707188 ], [ -83.077886429, 42.410167187000098 ], [ -83.078218429999893, 42.410074187000099 ], [ -83.07832043, 42.410055188000101 ], [ -83.078394429999904, 42.410079188000097 ], [ -83.079906431, 42.412316188 ], [ -83.079974429999893, 42.412416188000101 ], [ -83.08000543, 42.412450188 ], [ -83.08046143, 42.412285188000098 ], [ -83.08070743, 42.412649188 ], [ -83.080103430999898, 42.412874188 ], [ -83.079803431, 42.412987188 ], [ -83.080960430999895, 42.414697188 ], [ -83.081132431, 42.414951188 ], [ -83.0817914309999, 42.415922189000099 ], [ -83.081832431, 42.415982188 ], [ -83.081865432, 42.416032189000099 ], [ -83.082130432, 42.416426188000102 ], [ -83.082153431, 42.416471188 ], [ -83.082170431, 42.416534188000099 ], [ -83.082232432, 42.417937189 ], [ -83.082254432, 42.418440189000101 ], [ -83.082268432, 42.418786189000102 ], [ -83.082901432, 42.4187641890001 ], [ -83.082936431999897, 42.419892189 ], [ -83.082951432, 42.420220189000098 ], [ -83.083016432, 42.421672189 ], [ -83.083030432, 42.42200319 ], [ -83.083105432999901, 42.4237161900001 ], [ -83.083107432, 42.42378419 ], [ -83.083139433, 42.425057190000103 ], [ -83.083219433, 42.42525219 ], [ -83.082548432, 42.425348190000101 ], [ -83.081511432, 42.42549519 ], [ -83.080546431999906, 42.42563319 ], [ -83.080150432, 42.425691190000101 ], [ -83.080004431, 42.425711191000097 ], [ -83.079514431999897, 42.425716190000102 ], [ -83.079083431999905, 42.42571819 ], [ -83.078449431, 42.425723191 ], [ -83.077982430999896, 42.42572719 ], [ -83.077439431, 42.425732190000097 ], [ -83.07690543, 42.425739190000101 ], [ -83.07646943, 42.425745191 ], [ -83.075744431, 42.425756191000097 ], [ -83.0754874309999, 42.425760191 ], [ -83.07472243, 42.4257721910001 ], [ -83.07442943, 42.4257761900001 ], [ -83.07371743, 42.425783191 ], [ -83.072807429, 42.425794191000101 ], [ -83.072045429999903, 42.425803191000099 ], [ -83.071660429, 42.425807191 ], [ -83.071062429, 42.425816191000102 ], [ -83.070818429, 42.4258171910001 ], [ -83.070647429, 42.4258171910001 ], [ -83.070082429, 42.425829191 ], [ -83.069099428, 42.425840191000098 ], [ -83.068618428, 42.4258421910001 ], [ -83.067997428, 42.424975191 ], [ -83.067722428, 42.425080191000099 ], [ -83.067669428, 42.425088191 ], [ -83.066686428, 42.425104191000102 ], [ -83.066703426999894, 42.425854191 ], [ -83.066316427999894, 42.425859191 ], [ -83.065709426999902, 42.425867191000101 ], [ -83.065082426999894, 42.425876191 ], [ -83.064720426999898, 42.425882191 ], [ -83.063886425999897, 42.4258901910001 ], [ -83.063721426999905, 42.425893191 ], [ -83.062710427, 42.425909191000102 ], [ -83.062702426, 42.425780191000101 ], [ -83.062674427, 42.424654191000101 ], [ -83.062295427, 42.424645191 ], [ -83.062176426, 42.424623191000101 ], [ -83.062048426, 42.424573191 ], [ -83.061917426, 42.424481191 ], [ -83.061792426, 42.424385191 ], [ -83.061674426, 42.424332191000097 ], [ -83.061551425999895, 42.424309191000098 ], [ -83.061369425999899, 42.424301191 ], [ -83.058844425, 42.424329191 ], [ -83.058727425, 42.424319191000102 ], [ -83.058662425, 42.424291191000101 ], [ -83.058609425, 42.424250191 ], [ -83.058243425, 42.423998191000102 ], [ -83.058171425, 42.423961191 ], [ -83.058061425, 42.4239371910001 ], [ -83.057800425, 42.423932191000098 ], [ -83.055341423999906, 42.424010191 ], [ -83.054107423999895, 42.424016191000099 ], [ -83.053203423, 42.424022192000102 ], [ -83.051780423, 42.424066192000097 ], [ -83.051007423, 42.424090192 ], [ -83.048321422, 42.424162192 ], [ -83.047130422, 42.424163192 ], [ -83.047060422, 42.424181192 ], [ -83.047009421, 42.424227192 ], [ -83.046969421, 42.424289192 ], [ -83.046867420999902, 42.424398191000101 ], [ -83.046800420999901, 42.424452192 ], [ -83.046723421, 42.424501192 ], [ -83.046630421, 42.424547191 ], [ -83.046516422, 42.424572192 ], [ -83.046089421, 42.424614192 ], [ -83.045676420999897, 42.424648192 ], [ -83.045134421, 42.424685192 ], [ -83.043407421, 42.424733192000097 ], [ -83.043438421, 42.425347192 ], [ -83.043442421, 42.425433192000099 ], [ -83.04348642, 42.426297192 ], [ -83.0430634209999, 42.4263081920001 ], [ -83.04242542, 42.426324192 ], [ -83.04134642, 42.426350192 ], [ -83.040014419, 42.4263811920001 ], [ -83.038643419, 42.426411192 ], [ -83.037278418, 42.426447193000101 ], [ -83.0360064179999, 42.426476193 ], [ -83.033533416999902, 42.426535193000099 ], [ -83.033678417, 42.426330193000098 ], [ -83.033702418, 42.426288193000097 ], [ -83.033723417, 42.426214193000099 ] ] ] ] } },
{ "type": "Feature", "properties": { "OBJECTID": 22, "zipcode": "48213", "total_renters": 3356.0, "renters_30_35pct": 397.0, "renters_35_40pct": 203.0, "renters_40_50pct": 290.0, "renters_50plus_pct": 1050.0, "total_owners": 4654.0, "owners_mtg_30_35pct": 64.0, "owners_mtg_35_40pct": 36.0, "owners_mtg_40_50pct": 75.0, "owners_mtg_50plus_pct": 98.0, "owners_nomtg_30_35pct": 176.0, "owners_nomtg_35_40pct": 34.0, "owners_nomtg_40_50pct": 324.0, "owners_nomtg_50plus_pct": 471.0, "median_household_income": "357935", "median_home_value": "537800", "renters_burden_30plus": 1940.0, "pct_renters_30plus": 57.8, "owners_burden_30plus": 1278.0, "pct_owners_30plus": 27.5, "total_households": 8010.0, "burden_30plus_all": 3218.0, "pct_burden_30plus_all": 40.2, "renters_burden_50plus": 1050.0, "owners_burden_50plus": 569.0, "burden_50plus_all": 1619.0, "pct_burden_50plus_all": 20.2, "price_income_ratio": "1.502507438501404", "housing_shortage": false, "renter_accessibility_crisis": true, "housing_category": "Accessibility Only" }, "geometry": { "type": "Polygon", "coordinates": [ [ [ -83.01324141, 42.419090193 ], [ -83.013119409999902, 42.418976193 ], [ -83.01207441, 42.418014192 ], [ -83.011564409999906, 42.4175361920001 ], [ -83.01133541, 42.417306192000098 ], [ -83.01103241, 42.416980192 ], [ -83.010663409999907, 42.416550192 ], [ -83.010040408999899, 42.415823192000097 ], [ -83.009395409, 42.415070192 ], [ -83.008727408, 42.4142881920001 ], [ -83.008047409, 42.413495192 ], [ -83.0074324079999, 42.412778192000097 ], [ -83.007384408, 42.412733191 ], [ -83.007219408, 42.412579192000102 ], [ -83.006658408, 42.412085191000102 ], [ -83.006100408, 42.411598191 ], [ -83.005914408, 42.411447192 ], [ -83.005396408, 42.411027191000102 ], [ -83.005120408, 42.410813192 ], [ -83.004324407, 42.410194191000102 ], [ -83.003538407, 42.409587191000099 ], [ -83.002759407, 42.408985191000099 ], [ -83.001200406, 42.407776191 ], [ -83.000584406, 42.407992191000098 ], [ -82.998721405, 42.408650191000099 ], [ -82.998953405999899, 42.409001191000101 ], [ -82.999112405999895, 42.409257191000101 ], [ -82.999131405, 42.409317192 ], [ -82.999123406, 42.409357191 ], [ -82.999222404999898, 42.409518191000103 ], [ -82.999357405999902, 42.4097401920001 ], [ -82.998855406, 42.409929191000103 ], [ -82.996928404999906, 42.4105311920001 ], [ -82.993735403999906, 42.411760192 ], [ -82.993483404, 42.411360192000103 ], [ -82.993233404, 42.411447192 ], [ -82.992781404, 42.412136192 ], [ -82.990876403, 42.412688193000101 ], [ -82.9899374029999, 42.413032193 ], [ -82.987161402, 42.414000193 ], [ -82.984447401999901, 42.414948193 ], [ -82.981754401, 42.415908193000099 ], [ -82.9789354, 42.416885194 ], [ -82.976221398999897, 42.417805194 ], [ -82.973565398999895, 42.418816195 ], [ -82.971210398, 42.419588195000102 ], [ -82.9674703969999, 42.419576195 ], [ -82.964989396, 42.419568195000103 ], [ -82.964974395999903, 42.419210195000097 ], [ -82.964958396, 42.418850195000097 ], [ -82.964936396, 42.418366194 ], [ -82.964899395, 42.417523194000097 ], [ -82.964863394999895, 42.416674194 ], [ -82.964373396, 42.416681194 ], [ -82.964291395, 42.415778194 ], [ -82.964347395, 42.415695194000101 ], [ -82.964449395, 42.415738194 ], [ -82.964691396, 42.415841194 ], [ -82.964827395, 42.415844194 ], [ -82.964780394999906, 42.414810194 ], [ -82.9647713949999, 42.414594194000102 ], [ -82.964727395, 42.4136101940001 ], [ -82.964715395, 42.413355194000097 ], [ -82.964138395, 42.412959194000102 ], [ -82.964038395, 42.410419193000102 ], [ -82.963943394999902, 42.408609193000103 ], [ -82.963848394, 42.406268192 ], [ -82.964388394, 42.405925193 ], [ -82.964374394999894, 42.405595192000099 ], [ -82.964994394999906, 42.405415193000103 ], [ -82.964955394, 42.4053261930001 ], [ -82.964593393999905, 42.404671192000102 ], [ -82.964600394999906, 42.404509192 ], [ -82.964596394, 42.404432192000101 ], [ -82.964583394, 42.404355192 ], [ -82.964554394999894, 42.404262192 ], [ -82.964542394, 42.404231193 ], [ -82.964461394, 42.404085192 ], [ -82.964407394, 42.403987192 ], [ -82.964302394, 42.403830192 ], [ -82.964223394, 42.4037121920001 ], [ -82.964028394, 42.403415192000097 ], [ -82.963942394, 42.403435192000103 ], [ -82.963713394, 42.403509192000101 ], [ -82.963297393999895, 42.403658192000101 ], [ -82.962398393, 42.402297192 ], [ -82.962322394, 42.402182192 ], [ -82.961384392999904, 42.400779192000101 ], [ -82.960886392999896, 42.400963192000098 ], [ -82.960764393, 42.400779192000101 ], [ -82.961257393, 42.400596192000101 ], [ -82.961186392999906, 42.400486192000102 ], [ -82.960242391999898, 42.399047192000097 ], [ -82.960156392, 42.398916192000101 ], [ -82.959197392, 42.397473191000103 ], [ -82.959023391999906, 42.397532191 ], [ -82.958959391999898, 42.397434191 ], [ -82.959658392, 42.397185191000098 ], [ -82.959891392, 42.397102191000101 ], [ -82.959857391999904, 42.396985191 ], [ -82.958852390999894, 42.395456191 ], [ -82.960115392, 42.3950031910001 ], [ -82.961235393, 42.394601191 ], [ -82.962199392999906, 42.394252191000099 ], [ -82.963163392999903, 42.393904191 ], [ -82.964140393, 42.39355319 ], [ -82.965087394, 42.39321319 ], [ -82.966013393, 42.39288119 ], [ -82.967049394, 42.3925081900001 ], [ -82.968093393999894, 42.39213219 ], [ -82.969165394999905, 42.39174719 ], [ -82.970238395, 42.391361190000097 ], [ -82.971310395, 42.390974189000097 ], [ -82.972377395999899, 42.390587189 ], [ -82.9734353959999, 42.390207189000101 ], [ -82.974492396, 42.389827189000101 ], [ -82.975853395999906, 42.389340189 ], [ -82.976033395999906, 42.389296189 ], [ -82.979311396999904, 42.388904189000101 ], [ -82.979458397, 42.388856189000101 ], [ -82.979929398, 42.388686189000097 ], [ -82.980323398, 42.3885441890001 ], [ -82.980382397, 42.388523189000097 ], [ -82.980445398, 42.388500189000098 ], [ -82.980616397999896, 42.388438189000098 ], [ -82.982270398, 42.387844188 ], [ -82.982962398, 42.387595188 ], [ -82.983854397999906, 42.387274188 ], [ -82.985124399, 42.386817188000101 ], [ -82.986337399, 42.386379188 ], [ -82.987255398999906, 42.386036188 ], [ -82.9883854, 42.385620188000097 ], [ -82.989611399999902, 42.385164188 ], [ -82.990577400999896, 42.384783187 ], [ -82.991538401, 42.384399187 ], [ -82.992507401, 42.384012187000103 ], [ -82.993541401, 42.383601187000103 ], [ -82.994581400999905, 42.383189187 ], [ -82.995662401999894, 42.382778187 ], [ -82.996820402, 42.382366187000102 ], [ -82.997992402, 42.381912187000097 ], [ -82.999043403, 42.3814901860001 ], [ -82.999931403, 42.3811101860001 ], [ -83.000185403, 42.380983186 ], [ -83.000353403, 42.380878186000103 ], [ -83.000450402999903, 42.380818186000099 ], [ -83.000719402999906, 42.380676186000102 ], [ -83.001371404, 42.380421187 ], [ -83.002407403999896, 42.380024186000099 ], [ -83.003377403999906, 42.379651186 ], [ -83.004827404, 42.379074186 ], [ -83.005793404999906, 42.378689186 ], [ -83.006750404999906, 42.378309186000102 ], [ -83.007726405, 42.377920186 ], [ -83.008702406, 42.377532185000099 ], [ -83.009683405, 42.377141185 ], [ -83.0106604059999, 42.376751185 ], [ -83.011636407, 42.376363185 ], [ -83.012413406, 42.376052185 ], [ -83.012619405999899, 42.375976185000098 ], [ -83.013692407, 42.375581185 ], [ -83.014765407, 42.3751901850001 ], [ -83.015831407999897, 42.3748021850001 ], [ -83.016343407, 42.374618184 ], [ -83.016858408, 42.3744261840001 ], [ -83.017870408, 42.3740491840001 ], [ -83.018271408, 42.373898185 ], [ -83.018690409, 42.373751184000099 ], [ -83.018823408999907, 42.373699184 ], [ -83.019047407999906, 42.373611184 ], [ -83.019085408999899, 42.373708184000101 ], [ -83.019174408, 42.374058184 ], [ -83.019381408999905, 42.374374184 ], [ -83.018784408, 42.374591184 ], [ -83.019797409, 42.376078185 ], [ -83.019330409, 42.376248184000097 ], [ -83.019940408999901, 42.377162184 ], [ -83.020981408999901, 42.3767831850001 ], [ -83.02167041, 42.377821185000101 ], [ -83.021811409, 42.378026185000103 ], [ -83.02236441, 42.378864185 ], [ -83.02179841, 42.379070185000103 ], [ -83.02262641, 42.380340185000101 ], [ -83.02270341, 42.380405185 ], [ -83.02315041, 42.381082185 ], [ -83.02368941, 42.380886185000101 ], [ -83.024178411, 42.381623185000102 ], [ -83.024671411, 42.382366185000102 ], [ -83.024152411, 42.382554185000103 ], [ -83.025492411, 42.384645185000103 ], [ -83.026103411, 42.3845241860001 ], [ -83.026275412, 42.384784186 ], [ -83.026363412, 42.384916186 ], [ -83.026531411999898, 42.385170186 ], [ -83.026827412, 42.385611186000098 ], [ -83.0270034119999, 42.385480186 ], [ -83.027272411, 42.385665186 ], [ -83.028297413, 42.386487186000103 ], [ -83.028110412, 42.386627186 ], [ -83.027602412, 42.387010186000097 ], [ -83.027127412, 42.387368186000103 ], [ -83.027127412, 42.388890186 ], [ -83.028110412, 42.388878186 ], [ -83.029088412, 42.388866187000097 ], [ -83.029086413, 42.389644186 ], [ -83.029088413, 42.390449186000097 ], [ -83.028976413, 42.390451187 ], [ -83.027989412999901, 42.390461186 ], [ -83.028107413, 42.393613187 ], [ -83.028362413, 42.393604187 ], [ -83.029090413, 42.393595187000102 ], [ -83.029184414, 42.396022188000103 ], [ -83.028198413, 42.396038188 ], [ -83.028227413, 42.396839188000101 ], [ -83.028258412999904, 42.397677188 ], [ -83.027903413, 42.397682188 ], [ -83.027937414, 42.3987221880001 ], [ -83.027960413, 42.399457188 ], [ -83.027982414, 42.400189188000098 ], [ -83.027993414, 42.400550188000103 ], [ -83.027999414, 42.4008651890001 ], [ -83.027957414, 42.4008821890001 ], [ -83.027911414, 42.400893188000097 ], [ -83.027831412999902, 42.400901188 ], [ -83.023472412, 42.400976189000097 ], [ -83.023004412, 42.400961189 ], [ -83.023060411999893, 42.402340189 ], [ -83.018282411, 42.402496189 ], [ -83.018291411, 42.402762189 ], [ -83.018379411, 42.405129189 ], [ -83.01721241, 42.405161190000101 ], [ -83.01520341, 42.40521419 ], [ -83.01515141, 42.40521919 ], [ -83.01503841, 42.405246190000099 ], [ -83.008836408, 42.407618191 ], [ -83.008718407999893, 42.407678191000102 ], [ -83.008616408, 42.407753191 ], [ -83.008563408, 42.40780319 ], [ -83.008517408, 42.407857191000097 ], [ -83.008459408, 42.407954191 ], [ -83.008428408, 42.4080361910001 ], [ -83.008415407999905, 42.408094191 ], [ -83.008420407999907, 42.408124191000098 ], [ -83.008429408, 42.408162191 ], [ -83.008450408, 42.408210191000101 ], [ -83.008501408, 42.408286191000101 ], [ -83.009546408999896, 42.409320191000099 ], [ -83.010425408999893, 42.410190191 ], [ -83.010651409, 42.410429191 ], [ -83.011903409, 42.411746191000098 ], [ -83.012077409, 42.411942191 ], [ -83.01266641, 42.412604192000103 ], [ -83.012962409999901, 42.412936192000103 ], [ -83.01326441, 42.413263191000098 ], [ -83.01387941, 42.413924191 ], [ -83.014472409999897, 42.414549191000098 ], [ -83.015014411, 42.415113191 ], [ -83.015610411, 42.415726192000101 ], [ -83.016758411999902, 42.4168971920001 ], [ -83.017591411999902, 42.417753192000099 ], [ -83.017899411999906, 42.418068192000099 ], [ -83.018700412, 42.418913192 ], [ -83.019157412, 42.4193991920001 ], [ -83.019232412, 42.419467192000099 ], [ -83.019348413, 42.419543192000098 ], [ -83.019457412999898, 42.419567192000102 ], [ -83.018035412, 42.419597193000101 ], [ -83.013721410999906, 42.419689192000099 ], [ -83.01368741, 42.419599193000103 ], [ -83.013636409999904, 42.419503192 ], [ -83.013589410999899, 42.419434193 ], [ -83.01351341, 42.4193471930001 ], [ -83.01324141, 42.419090193 ] ] ] } },
{ "type": "Feature", "properties": { "OBJECTID": 23, "zipcode": "48214", "total_renters": 6115.0, "renters_30_35pct": 942.0, "renters_35_40pct": 333.0, "renters_40_50pct": 525.0, "renters_50plus_pct": 1482.0, "total_owners": 4571.0, "owners_mtg_30_35pct": 72.0, "owners_mtg_35_40pct": 128.0, "owners_mtg_40_50pct": 158.0, "owners_mtg_50plus_pct": 270.0, "owners_nomtg_30_35pct": 75.0, "owners_nomtg_35_40pct": 81.0, "owners_nomtg_40_50pct": 160.0, "owners_nomtg_50plus_pct": 313.0, "median_household_income": "417947", "median_home_value": "1343700", "renters_burden_30plus": 3282.0, "pct_renters_30plus": 53.7, "owners_burden_30plus": 1257.0, "pct_owners_30plus": 27.5, "total_households": 10686.0, "burden_30plus_all": 4539.0, "pct_burden_30plus_all": 42.5, "renters_burden_50plus": 1482.0, "owners_burden_50plus": 583.0, "burden_50plus_all": 2065.0, "pct_burden_50plus_all": 19.3, "price_income_ratio": "3.2150009450959094", "housing_shortage": true, "renter_accessibility_crisis": true, "housing_category": "Both Issues" }, "geometry": { "type": "Polygon", "coordinates": [ [ [ -82.952919386, 42.354876184 ], [ -82.951683385, 42.352581184 ], [ -82.952780386, 42.352380184 ], [ -82.96375239, 42.352788183 ], [ -82.967527391, 42.352930183000097 ], [ -82.971021392, 42.3532471830001 ], [ -82.972024392, 42.353367183 ], [ -82.977588393, 42.350090182 ], [ -82.984753396, 42.347570181 ], [ -82.987141396, 42.346820181000098 ], [ -82.998570399, 42.34262218 ], [ -83.000420399999896, 42.34509418 ], [ -83.0005734, 42.34530318 ], [ -83.0009034, 42.34563918 ], [ -83.001926400999906, 42.346912180000103 ], [ -83.002083399999904, 42.34716618 ], [ -83.002563401, 42.347903181 ], [ -83.002686400999906, 42.348083181 ], [ -83.002780400999896, 42.348259181000103 ], [ -83.002922401, 42.348666180000102 ], [ -83.002469401, 42.348843181 ], [ -83.002109401, 42.348984181 ], [ -83.002001401, 42.349023181000099 ], [ -83.003199401999893, 42.350712181000098 ], [ -83.004269402, 42.352324181 ], [ -83.004326401999904, 42.352411181 ], [ -83.005087402999905, 42.353577181 ], [ -83.005437402, 42.354115181000097 ], [ -83.0057424029999, 42.354585181000097 ], [ -83.006551402999904, 42.355788182 ], [ -83.006626403, 42.355916182000101 ], [ -83.006979402999903, 42.356515182000102 ], [ -83.007873402999905, 42.357961182000103 ], [ -83.007937404, 42.358059182 ], [ -83.008903404, 42.359522182 ], [ -83.009510404, 42.3604531820001 ], [ -83.009628404, 42.360634182000098 ], [ -83.011000404999905, 42.362699183000103 ], [ -83.011595405, 42.363595182 ], [ -83.012414404999902, 42.363299183 ], [ -83.013059405, 42.364425183 ], [ -83.012389405, 42.364670183000101 ], [ -83.013895406, 42.366939183 ], [ -83.015810406999904, 42.369647183 ], [ -83.015804407, 42.369847184 ], [ -83.016898408, 42.371554184 ], [ -83.017032408, 42.371766184000101 ], [ -83.017514407999897, 42.372529184 ], [ -83.017887408, 42.373172184000097 ], [ -83.018183408, 42.373577184 ], [ -83.017870408, 42.3740491840001 ], [ -83.016858408, 42.3744261840001 ], [ -83.016343407, 42.374618184 ], [ -83.015831407999897, 42.3748021850001 ], [ -83.014765407, 42.3751901850001 ], [ -83.013692407, 42.375581185 ], [ -83.012619405999899, 42.375976185000098 ], [ -83.012413406, 42.376052185 ], [ -83.011636407, 42.376363185 ], [ -83.0106604059999, 42.376751185 ], [ -83.009683405, 42.377141185 ], [ -83.008702406, 42.377532185000099 ], [ -83.007726405, 42.377920186 ], [ -83.006750404999906, 42.378309186000102 ], [ -83.005793404999906, 42.378689186 ], [ -83.004827404, 42.379074186 ], [ -83.003377403999906, 42.379651186 ], [ -83.002407403999896, 42.380024186000099 ], [ -83.001371404, 42.380421187 ], [ -83.000719402999906, 42.380676186000102 ], [ -83.000450402999903, 42.380818186000099 ], [ -83.000353403, 42.380878186000103 ], [ -83.000185403, 42.380983186 ], [ -82.999931403, 42.3811101860001 ], [ -82.999043403, 42.3814901860001 ], [ -82.997992402, 42.381912187000097 ], [ -82.996820402, 42.382366187000102 ], [ -82.995662401999894, 42.382778187 ], [ -82.994581400999905, 42.383189187 ], [ -82.993541401, 42.383601187000103 ], [ -82.992507401, 42.384012187000103 ], [ -82.991538401, 42.384399187 ], [ -82.990577400999896, 42.384783187 ], [ -82.989611399999902, 42.385164188 ], [ -82.9883854, 42.385620188000097 ], [ -82.987255398999906, 42.386036188 ], [ -82.986337399, 42.386379188 ], [ -82.985124399, 42.386817188000101 ], [ -82.983854397999906, 42.387274188 ], [ -82.982962398, 42.387595188 ], [ -82.982270398, 42.387844188 ], [ -82.980616397999896, 42.388438189000098 ], [ -82.980445398, 42.388500189000098 ], [ -82.980382397, 42.388523189000097 ], [ -82.980323398, 42.3885441890001 ], [ -82.979929398, 42.388686189000097 ], [ -82.978054396999894, 42.388106189 ], [ -82.977713396999903, 42.3879631880001 ], [ -82.977499397, 42.387864189 ], [ -82.977258396, 42.387729189 ], [ -82.977066397, 42.387586189 ], [ -82.976945396, 42.387465189000103 ], [ -82.976406396, 42.386716189 ], [ -82.975598396, 42.385466189000098 ], [ -82.974297395999898, 42.383454188 ], [ -82.974204395999905, 42.383213188000099 ], [ -82.974163395999895, 42.383047188 ], [ -82.974136395, 42.382873188000097 ], [ -82.974108395, 42.382639188 ], [ -82.974104395, 42.382567188000102 ], [ -82.973982394999894, 42.382660188 ], [ -82.973913394999897, 42.382689188 ], [ -82.973861396, 42.382710188 ], [ -82.973825395999896, 42.382725188000101 ], [ -82.973775395, 42.382648188000097 ], [ -82.973468394999898, 42.382175188000097 ], [ -82.973647394999901, 42.382075188 ], [ -82.973793395, 42.3819941880001 ], [ -82.974103395, 42.381821188000103 ], [ -82.974160395, 42.381275187 ], [ -82.974209394999903, 42.381107188 ], [ -82.974286395, 42.380935188000102 ], [ -82.974393394999893, 42.380752188 ], [ -82.974529395, 42.380579188000098 ], [ -82.974651396, 42.380452187000103 ], [ -82.974865394999895, 42.380305187 ], [ -82.975110395, 42.380169188 ], [ -82.976111396, 42.379686187000097 ], [ -82.976347395999895, 42.379559187 ], [ -82.976519395, 42.379458187000097 ], [ -82.976700396, 42.379328187000098 ], [ -82.976830396, 42.379213187000097 ], [ -82.976916396, 42.379129187 ], [ -82.977069396, 42.378927187 ], [ -82.977131395999905, 42.378819187 ], [ -82.977189396, 42.378705187 ], [ -82.977265395999893, 42.378470187000097 ], [ -82.977289395999904, 42.3783311870001 ], [ -82.977293395999894, 42.378197187000097 ], [ -82.977285396, 42.378057187 ], [ -82.977269395999897, 42.377922187000102 ], [ -82.977238396, 42.377782187 ], [ -82.977200395999901, 42.377693187 ], [ -82.977060396, 42.377438187 ], [ -82.974954394999898, 42.3741491870001 ], [ -82.973563393999896, 42.372041186 ], [ -82.973470394, 42.371916186000099 ], [ -82.973358394, 42.371802186 ], [ -82.973255394, 42.371726186 ], [ -82.972502394, 42.371169186 ], [ -82.970839392999906, 42.369938186000098 ], [ -82.970685392999897, 42.369823186000097 ], [ -82.970485393, 42.369654186 ], [ -82.970294393, 42.369462186000099 ], [ -82.969783392999901, 42.368865186 ], [ -82.969637393, 42.368672186 ], [ -82.968985392, 42.367729186000098 ], [ -82.967687392, 42.368209186000101 ], [ -82.966721392, 42.368563186000102 ], [ -82.965654392, 42.368961186 ], [ -82.965134390999907, 42.3691521860001 ], [ -82.9649963909999, 42.369196186000103 ], [ -82.964936392, 42.369216186000102 ], [ -82.964802392, 42.369240186000098 ], [ -82.96190039, 42.369664186000101 ], [ -82.96130139, 42.369734187000098 ], [ -82.959998389999896, 42.3698881870001 ], [ -82.95938839, 42.3699601860001 ], [ -82.958909389, 42.3700091870001 ], [ -82.958732389, 42.369523187 ], [ -82.95869339, 42.369273186 ], [ -82.958706389, 42.369020186 ], [ -82.958735389, 42.368917186 ], [ -82.95876939, 42.368795187 ], [ -82.95881539, 42.368706186 ], [ -82.958878388999906, 42.368585186000097 ], [ -82.959029389, 42.368369186 ], [ -82.95947139, 42.367764186 ], [ -82.95952439, 42.367679186 ], [ -82.959578388999901, 42.367522186 ], [ -82.959621389999896, 42.367310186000097 ], [ -82.959622388999904, 42.367146186000099 ], [ -82.959576389, 42.3669261860001 ], [ -82.959508389999897, 42.366762186000102 ], [ -82.95924239, 42.366348186 ], [ -82.958439389, 42.365132186 ], [ -82.957871389, 42.364280186 ], [ -82.958139388999896, 42.363940186 ], [ -82.956663388, 42.361563185000101 ], [ -82.956515388, 42.361331185 ], [ -82.952919386, 42.354876184 ] ] ] } },
{ "type": "Feature", "properties": { "OBJECTID": 24, "zipcode": "48215", "total_renters": 1731.0, "renters_30_35pct": 101.0, "renters_35_40pct": 166.0, "renters_40_50pct": 191.0, "renters_50plus_pct": 382.0, "total_owners": 1662.0, "owners_mtg_30_35pct": 0.0, "owners_mtg_35_40pct": 7.0, "owners_mtg_40_50pct": 20.0, "owners_mtg_50plus_pct": 80.0, "owners_nomtg_30_35pct": 15.0, "owners_nomtg_35_40pct": 26.0, "owners_nomtg_40_50pct": 31.0, "owners_nomtg_50plus_pct": 57.0, "median_household_income": "161867", "median_home_value": "347900", "renters_burden_30plus": 840.0, "pct_renters_30plus": 48.5, "owners_burden_30plus": 236.0, "pct_owners_30plus": 14.2, "total_households": 3393.0, "burden_30plus_all": 1076.0, "pct_burden_30plus_all": 31.7, "renters_burden_50plus": 382.0, "owners_burden_50plus": 137.0, "burden_50plus_all": 519.0, "pct_burden_50plus_all": 15.3, "price_income_ratio": "2.149295409193968", "housing_shortage": false, "renter_accessibility_crisis": false, "housing_category": "Neither" }, "geometry": { "type": "Polygon", "coordinates": [ [ [ -82.946648387, 42.38747719 ], [ -82.946739388, 42.387051190000101 ], [ -82.946880387, 42.38699819 ], [ -82.946153387, 42.38598919 ], [ -82.946064387, 42.385868190000103 ], [ -82.945730386, 42.385352190000098 ], [ -82.945803387, 42.385324190000098 ], [ -82.945437387, 42.38474719 ], [ -82.943915385999901, 42.38242619 ], [ -82.943005386, 42.3810471890001 ], [ -82.942940902, 42.381068948000099 ], [ -82.942921685, 42.381039335 ], [ -82.942823462, 42.381072861000099 ], [ -82.942571385, 42.380682189 ], [ -82.942417384999899, 42.380469189000102 ], [ -82.942576385, 42.380403189 ], [ -82.941318385, 42.378477189000101 ], [ -82.939953384, 42.376414189000101 ], [ -82.939738384, 42.376079188000098 ], [ -82.939685384, 42.375996189 ], [ -82.939614068, 42.376008728 ], [ -82.939601878, 42.375988997 ], [ -82.939570875, 42.375995674000102 ], [ -82.939510828, 42.376004239 ], [ -82.939455983, 42.376007332 ], [ -82.939430383999905, 42.376001188 ], [ -82.939386384, 42.375977189 ], [ -82.939358383999902, 42.375945188 ], [ -82.938914382999897, 42.375148188 ], [ -82.938766384, 42.374750188 ], [ -82.937406382999896, 42.3727011880001 ], [ -82.935547383, 42.369938188 ], [ -82.934981382, 42.369083187000101 ], [ -82.933526382, 42.366852187 ], [ -82.932391380999903, 42.365132187 ], [ -82.93059038, 42.362495186 ], [ -82.93054438, 42.362425187 ], [ -82.93035838, 42.362148186000098 ], [ -82.93095138, 42.361911186 ], [ -82.93070138, 42.361533186 ], [ -82.93029738, 42.360922186 ], [ -82.930009379, 42.360489186 ], [ -82.929966379999897, 42.360373186000103 ], [ -82.928570379, 42.3583031860001 ], [ -82.929426378999906, 42.358021186 ], [ -82.931112379, 42.357498186 ], [ -82.931315379999901, 42.357461186000101 ], [ -82.931967379999904, 42.357344185 ], [ -82.935745380999904, 42.356668185 ], [ -82.941865382999893, 42.356047185000101 ], [ -82.943343383, 42.355944185000098 ], [ -82.944559383999902, 42.355773185 ], [ -82.945386384, 42.355694185000097 ], [ -82.945953384, 42.355640184 ], [ -82.948240384, 42.355278184 ], [ -82.951410386, 42.355036184 ], [ -82.952919386, 42.354876184 ], [ -82.956515388, 42.361331185 ], [ -82.956663388, 42.361563185000101 ], [ -82.958139388999896, 42.363940186 ], [ -82.957871389, 42.364280186 ], [ -82.958439389, 42.365132186 ], [ -82.95924239, 42.366348186 ], [ -82.959508389999897, 42.366762186000102 ], [ -82.959576389, 42.3669261860001 ], [ -82.959622388999904, 42.367146186000099 ], [ -82.959621389999896, 42.367310186000097 ], [ -82.959578388999901, 42.367522186 ], [ -82.95952439, 42.367679186 ], [ -82.95947139, 42.367764186 ], [ -82.959029389, 42.368369186 ], [ -82.958878388999906, 42.368585186000097 ], [ -82.95881539, 42.368706186 ], [ -82.95876939, 42.368795187 ], [ -82.958735389, 42.368917186 ], [ -82.958706389, 42.369020186 ], [ -82.95869339, 42.369273186 ], [ -82.958732389, 42.369523187 ], [ -82.958909389, 42.3700091870001 ], [ -82.95938839, 42.3699601860001 ], [ -82.959998389999896, 42.3698881870001 ], [ -82.96130139, 42.369734187000098 ], [ -82.96190039, 42.369664186000101 ], [ -82.964802392, 42.369240186000098 ], [ -82.964936392, 42.369216186000102 ], [ -82.9649963909999, 42.369196186000103 ], [ -82.965134390999907, 42.3691521860001 ], [ -82.965654392, 42.368961186 ], [ -82.966721392, 42.368563186000102 ], [ -82.967687392, 42.368209186000101 ], [ -82.968985392, 42.367729186000098 ], [ -82.969637393, 42.368672186 ], [ -82.969783392999901, 42.368865186 ], [ -82.970294393, 42.369462186000099 ], [ -82.970485393, 42.369654186 ], [ -82.970685392999897, 42.369823186000097 ], [ -82.970839392999906, 42.369938186000098 ], [ -82.972502394, 42.371169186 ], [ -82.973255394, 42.371726186 ], [ -82.973358394, 42.371802186 ], [ -82.973470394, 42.371916186000099 ], [ -82.973563393999896, 42.372041186 ], [ -82.974954394999898, 42.3741491870001 ], [ -82.977060396, 42.377438187 ], [ -82.977200395999901, 42.377693187 ], [ -82.977238396, 42.377782187 ], [ -82.977269395999897, 42.377922187000102 ], [ -82.977285396, 42.378057187 ], [ -82.977293395999894, 42.378197187000097 ], [ -82.977289395999904, 42.3783311870001 ], [ -82.977265395999893, 42.378470187000097 ], [ -82.977189396, 42.378705187 ], [ -82.977131395999905, 42.378819187 ], [ -82.977069396, 42.378927187 ], [ -82.976916396, 42.379129187 ], [ -82.976830396, 42.379213187000097 ], [ -82.976700396, 42.379328187000098 ], [ -82.976519395, 42.379458187000097 ], [ -82.976347395999895, 42.379559187 ], [ -82.976111396, 42.379686187000097 ], [ -82.975110395, 42.380169188 ], [ -82.974865394999895, 42.380305187 ], [ -82.974651396, 42.380452187000103 ], [ -82.974529395, 42.380579188000098 ], [ -82.974393394999893, 42.380752188 ], [ -82.974286395, 42.380935188000102 ], [ -82.974209394999903, 42.381107188 ], [ -82.974160395, 42.381275187 ], [ -82.974103395, 42.381821188000103 ], [ -82.973793395, 42.3819941880001 ], [ -82.973647394999901, 42.382075188 ], [ -82.973468394999898, 42.382175188000097 ], [ -82.973775395, 42.382648188000097 ], [ -82.973825395999896, 42.382725188000101 ], [ -82.973861396, 42.382710188 ], [ -82.973913394999897, 42.382689188 ], [ -82.973982394999894, 42.382660188 ], [ -82.974104395, 42.382567188000102 ], [ -82.974108395, 42.382639188 ], [ -82.974136395, 42.382873188000097 ], [ -82.974163395999895, 42.383047188 ], [ -82.974204395999905, 42.383213188000099 ], [ -82.974297395999898, 42.383454188 ], [ -82.975598396, 42.385466189000098 ], [ -82.976406396, 42.386716189 ], [ -82.976945396, 42.387465189000103 ], [ -82.977066397, 42.387586189 ], [ -82.977258396, 42.387729189 ], [ -82.977499397, 42.387864189 ], [ -82.977713396999903, 42.3879631880001 ], [ -82.978054396999894, 42.388106189 ], [ -82.979929398, 42.388686189000097 ], [ -82.979458397, 42.388856189000101 ], [ -82.979311396999904, 42.388904189000101 ], [ -82.976033395999906, 42.389296189 ], [ -82.975853395999906, 42.389340189 ], [ -82.974492396, 42.389827189000101 ], [ -82.9734353959999, 42.390207189000101 ], [ -82.972377395999899, 42.390587189 ], [ -82.971310395, 42.390974189000097 ], [ -82.970238395, 42.391361190000097 ], [ -82.969165394999905, 42.39174719 ], [ -82.968093393999894, 42.39213219 ], [ -82.967049394, 42.3925081900001 ], [ -82.966013393, 42.39288119 ], [ -82.965087394, 42.39321319 ], [ -82.964140393, 42.39355319 ], [ -82.963163392999903, 42.393904191 ], [ -82.962199392999906, 42.394252191000099 ], [ -82.961235393, 42.394601191 ], [ -82.960115392, 42.3950031910001 ], [ -82.958852390999894, 42.395456191 ], [ -82.957889391, 42.395803191 ], [ -82.956965391, 42.396136191 ], [ -82.956066391, 42.396461192 ], [ -82.9556753909999, 42.396602191000099 ], [ -82.955175391, 42.396783191 ], [ -82.95449639, 42.397029191000101 ], [ -82.954149389999898, 42.396625191000098 ], [ -82.953472389999902, 42.396872192 ], [ -82.95214139, 42.394886191000097 ], [ -82.950495389, 42.392487191 ], [ -82.948791388, 42.390005191 ], [ -82.948797387999903, 42.389877190000099 ], [ -82.947727388, 42.38824119 ], [ -82.947386388, 42.38775819 ], [ -82.947944387999897, 42.387669190000103 ], [ -82.947703388, 42.387308190000098 ], [ -82.946648387, 42.38747719 ] ] ] } },
{ "type": "Feature", "properties": { "OBJECTID": 25, "zipcode": "48216", "total_renters": 1513.0, "renters_30_35pct": 130.0, "renters_35_40pct": 77.0, "renters_40_50pct": 21.0, "renters_50plus_pct": 387.0, "total_owners": 773.0, "owners_mtg_30_35pct": 44.0, "owners_mtg_35_40pct": 5.0, "owners_mtg_40_50pct": 18.0, "owners_mtg_50plus_pct": 87.0, "owners_nomtg_30_35pct": 0.0, "owners_nomtg_35_40pct": 14.0, "owners_nomtg_40_50pct": 0.0, "owners_nomtg_50plus_pct": 49.0, "median_household_income": "214591", "median_home_value": "912100", "renters_burden_30plus": 615.0, "pct_renters_30plus": 40.6, "owners_burden_30plus": 217.0, "pct_owners_30plus": 28.1, "total_households": 2286.0, "burden_30plus_all": 832.0, "pct_burden_30plus_all": 36.4, "renters_burden_50plus": 387.0, "owners_burden_50plus": 136.0, "burden_50plus_all": 523.0, "pct_burden_50plus_all": 22.9, "price_income_ratio": "4.25041124744281", "housing_shortage": true, "renter_accessibility_crisis": false, "housing_category": "Shortage Only" }, "geometry": { "type": "Polygon", "coordinates": [ [ [ -83.06748442, 42.338025176 ], [ -83.06705342, 42.337272175000102 ], [ -83.06662942, 42.336519175 ], [ -83.069344419999894, 42.335668175000102 ], [ -83.068915419999897, 42.334933175000103 ], [ -83.06879042, 42.334685175000097 ], [ -83.0686664199999, 42.334485175 ], [ -83.068598419999901, 42.334352175 ], [ -83.068552419999904, 42.334276175000099 ], [ -83.068492418999895, 42.334173175 ], [ -83.068416419999906, 42.334042175 ], [ -83.06834042, 42.333909175 ], [ -83.068055419999894, 42.333409174 ], [ -83.06680842, 42.333798175 ], [ -83.066380419, 42.333043175 ], [ -83.064908418999906, 42.333504175 ], [ -83.064479418999895, 42.332749174000099 ], [ -83.064049419, 42.331995174 ], [ -83.063858417999896, 42.331660174 ], [ -83.063714418, 42.331454175 ], [ -83.064007417999903, 42.331441174000098 ], [ -83.065481418, 42.331433174 ], [ -83.065331419, 42.331286174000098 ], [ -83.064972419, 42.330832174000101 ], [ -83.064340418, 42.330025174000099 ], [ -83.063705418, 42.329218174000097 ], [ -83.063073418, 42.328413174 ], [ -83.064268418, 42.327897174 ], [ -83.063636418, 42.327092174 ], [ -83.061158416999902, 42.328161174000101 ], [ -83.061026417, 42.327982174000098 ], [ -83.060526416, 42.3273481740001 ], [ -83.059885416, 42.326537173000098 ], [ -83.061162415999902, 42.325979174000103 ], [ -83.060465416, 42.325087173 ], [ -83.061663417, 42.324581173000098 ], [ -83.063027416999901, 42.323996173000097 ], [ -83.065303418, 42.323023173000102 ], [ -83.065705417999894, 42.322851173 ], [ -83.066679418, 42.322435173 ], [ -83.066849417999904, 42.322362172 ], [ -83.066771418, 42.322189173 ], [ -83.066730418, 42.322117172 ], [ -83.066676419, 42.322037173000098 ], [ -83.066618418, 42.321967172 ], [ -83.066512417999903, 42.321876172 ], [ -83.066389418, 42.321792173000098 ], [ -83.066149418, 42.321672172 ], [ -83.066327418, 42.321362173000097 ], [ -83.066184418, 42.321108172 ], [ -83.065927417999902, 42.320651172000098 ], [ -83.065792417999901, 42.320419172000101 ], [ -83.065702417, 42.320263172000097 ], [ -83.065627418, 42.320134172 ], [ -83.065577418, 42.320033172000102 ], [ -83.07130842, 42.316710171000103 ], [ -83.07563942, 42.314357171 ], [ -83.077130420999893, 42.31339817 ], [ -83.077205421, 42.31337217 ], [ -83.077309420999896, 42.313366171 ], [ -83.077386421, 42.313382171 ], [ -83.077458421, 42.31337317 ], [ -83.077490420999894, 42.313348171 ], [ -83.077514421, 42.31332117 ], [ -83.077576420999904, 42.313283171000101 ], [ -83.0776904209999, 42.313237171 ], [ -83.077756420999904, 42.31329717 ], [ -83.07786542, 42.313505171 ], [ -83.077972421, 42.313537170000103 ], [ -83.078053420999893, 42.313495171 ], [ -83.078096421, 42.31341617 ], [ -83.077995421, 42.313260171 ], [ -83.077979421, 42.3131711710001 ], [ -83.078031420999906, 42.313114171000102 ], [ -83.078471421, 42.312812171000097 ], [ -83.078530421, 42.31276017 ], [ -83.080350420999906, 42.311151170000102 ], [ -83.081436422, 42.312666170000099 ], [ -83.081636422, 42.31257617 ], [ -83.081680422, 42.31247617 ], [ -83.081738421999901, 42.312343170000098 ], [ -83.081816422, 42.31217817 ], [ -83.082061422, 42.31166517 ], [ -83.082326421999895, 42.31111617 ], [ -83.082384422, 42.31098117 ], [ -83.082463422, 42.310865170000099 ], [ -83.082522422, 42.31080817 ], [ -83.082593421999903, 42.31075917 ], [ -83.082985422, 42.31058117 ], [ -83.083712423, 42.31159717 ], [ -83.085620424, 42.314280170000103 ], [ -83.086332424, 42.31397317 ], [ -83.086864423999899, 42.314728170000102 ], [ -83.087801424, 42.314353170000103 ], [ -83.088869423999896, 42.31390917 ], [ -83.089490424, 42.31365817 ], [ -83.090026425, 42.31348617 ], [ -83.090414424999906, 42.31334817 ], [ -83.090768425, 42.31321617 ], [ -83.090953425, 42.313477170000098 ], [ -83.091096425, 42.31368017 ], [ -83.091292424999907, 42.31395917 ], [ -83.089438424, 42.31467917 ], [ -83.088871425, 42.31487817 ], [ -83.088240423999906, 42.315209170000102 ], [ -83.087877423999899, 42.315471170000102 ], [ -83.087586423999895, 42.315779171 ], [ -83.087740423999904, 42.31591417 ], [ -83.087808423999903, 42.315992170000101 ], [ -83.087922423999899, 42.316124171000098 ], [ -83.088015425, 42.316260171000103 ], [ -83.087574424, 42.316446170000098 ], [ -83.087333423999894, 42.31654817 ], [ -83.088400425, 42.318036171000102 ], [ -83.088660424999901, 42.317932171 ], [ -83.088983425, 42.318373171000097 ], [ -83.088719424, 42.318476171 ], [ -83.088903425, 42.318748171 ], [ -83.090504424999907, 42.321000171 ], [ -83.090717426, 42.320918171000102 ], [ -83.090844424999901, 42.321094171 ], [ -83.090943426, 42.3210541710001 ], [ -83.091164426, 42.320966171000101 ], [ -83.091280425, 42.320914171 ], [ -83.091365426, 42.321033171000103 ], [ -83.091411426, 42.321098171000102 ], [ -83.091928426, 42.321823171000098 ], [ -83.092231426, 42.322249172 ], [ -83.092147425999897, 42.322281171 ], [ -83.091761426, 42.322431171000098 ], [ -83.0915834259999, 42.322501172000102 ], [ -83.093310426, 42.324906171 ], [ -83.093655427, 42.324772172000102 ], [ -83.093822427, 42.325009172000101 ], [ -83.094037427, 42.324923172000098 ], [ -83.094090427, 42.324859172000103 ], [ -83.094637427, 42.325625172000102 ], [ -83.096634427, 42.324851172000102 ], [ -83.096679428, 42.324769172000103 ], [ -83.097327428, 42.325675172 ], [ -83.097997429, 42.326606172 ], [ -83.098058427999902, 42.326692172 ], [ -83.097767429, 42.326734172 ], [ -83.097262428, 42.327046172 ], [ -83.097057428, 42.327528172 ], [ -83.097075428, 42.3279421720001 ], [ -83.0974064279999, 42.328379172 ], [ -83.099457429, 42.331173173 ], [ -83.098540429, 42.331272172000098 ], [ -83.096800427999895, 42.331279173 ], [ -83.097462429, 42.332196173000099 ], [ -83.096017429, 42.332645173000103 ], [ -83.095226428, 42.332890173000102 ], [ -83.094300427, 42.333177173000102 ], [ -83.093361426999905, 42.333469173 ], [ -83.092142426999899, 42.333847174 ], [ -83.091135427, 42.334164173 ], [ -83.090261427, 42.334438174000098 ], [ -83.089810427, 42.3345781740001 ], [ -83.090224427, 42.335044174000103 ], [ -83.090775427, 42.335620174 ], [ -83.091147427, 42.335952174000099 ], [ -83.091096427, 42.335968174000101 ], [ -83.090685427, 42.336098174 ], [ -83.090793426999895, 42.336229174 ], [ -83.090552427, 42.336312174 ], [ -83.090180427, 42.336436174 ], [ -83.090074427, 42.336296174 ], [ -83.090019427, 42.336223174000096 ], [ -83.089921427, 42.336131174000101 ], [ -83.088562426, 42.334974174000102 ], [ -83.087560426, 42.335288174 ], [ -83.087245426, 42.335405174000101 ], [ -83.086922426, 42.3354761740001 ], [ -83.085333425, 42.3359911740001 ], [ -83.084697424999902, 42.336188174 ], [ -83.083394423999906, 42.336597175000101 ], [ -83.082245424, 42.336959175000104 ], [ -83.081244424, 42.337273175000099 ], [ -83.080079424, 42.3376331750001 ], [ -83.079905423999904, 42.337685175 ], [ -83.079699424, 42.337755175 ], [ -83.078789423, 42.338036175000099 ], [ -83.078361423, 42.337287175 ], [ -83.077004423, 42.337712175 ], [ -83.075819421999896, 42.338083175000101 ], [ -83.076245423, 42.338839175 ], [ -83.074984423, 42.339231175000101 ], [ -83.0740164219999, 42.339535175 ], [ -83.073590421999896, 42.338780175000103 ], [ -83.071480421, 42.339441175 ], [ -83.069792421, 42.339965175 ], [ -83.069747421, 42.339972176000103 ], [ -83.069177420999907, 42.339986176 ], [ -83.069014421, 42.340005175 ], [ -83.068658419999906, 42.340110175000099 ], [ -83.068600419999896, 42.3399971750001 ], [ -83.068337421, 42.339535175 ], [ -83.06791142, 42.338780176 ], [ -83.06748442, 42.338025176 ] ] ] } },
{ "type": "Feature", "properties": { "OBJECTID": 26, "zipcode": "48217", "total_renters": 1064.0, "renters_30_35pct": 116.0, "renters_35_40pct": 113.0, "renters_40_50pct": 112.0, "renters_50plus_pct": 185.0, "total_owners": 1611.0, "owners_mtg_30_35pct": 0.0, "owners_mtg_35_40pct": 14.0, "owners_mtg_40_50pct": 0.0, "owners_mtg_50plus_pct": 47.0, "owners_nomtg_30_35pct": 0.0, "owners_nomtg_35_40pct": 0.0, "owners_nomtg_40_50pct": 72.0, "owners_nomtg_50plus_pct": 88.0, "median_household_income": "103696", "median_home_value": "88600", "renters_burden_30plus": 526.0, "pct_renters_30plus": 49.4, "owners_burden_30plus": 221.0, "pct_owners_30plus": 13.7, "total_households": 2675.0, "burden_30plus_all": 747.0, "pct_burden_30plus_all": 27.9, "renters_burden_50plus": 185.0, "owners_burden_50plus": 135.0, "burden_50plus_all": 320.0, "pct_burden_50plus_all": 12.0, "price_income_ratio": "0.8544206141027619", "housing_shortage": false, "renter_accessibility_crisis": false, "housing_category": "Neither" }, "geometry": { "type": "Polygon", "coordinates": [ [ [ -83.151297483999898, 42.296262956000099 ], [ -83.151229442, 42.296244164 ], [ -83.151083442, 42.296241164 ], [ -83.150837441, 42.296213164 ], [ -83.150545441, 42.296122164 ], [ -83.150339441, 42.296012164 ], [ -83.150072441, 42.295833164 ], [ -83.149767440999895, 42.295574164000101 ], [ -83.149686441999904, 42.295428163 ], [ -83.149687441, 42.295415164000097 ], [ -83.149692441, 42.295245163000097 ], [ -83.149620441, 42.295027164 ], [ -83.149565440999893, 42.294877164000098 ], [ -83.149558441999901, 42.294728164 ], [ -83.149573442, 42.294534164 ], [ -83.149501441, 42.294317164000098 ], [ -83.149428440999898, 42.294095164000097 ], [ -83.149289441, 42.2938211640001 ], [ -83.149151441, 42.293679163 ], [ -83.149024440999895, 42.293425163000101 ], [ -83.148827441, 42.293210164000101 ], [ -83.148686440999896, 42.293130163 ], [ -83.14851844, 42.292890163 ], [ -83.148121440999901, 42.292722164 ], [ -83.147991439999899, 42.292618163 ], [ -83.147845440999902, 42.292567163000101 ], [ -83.14766344, 42.292547164 ], [ -83.147647408, 42.292547164 ], [ -83.147579733, 42.292539626000099 ], [ -83.147389317, 42.292540047 ], [ -83.147238570999903, 42.292569628000102 ], [ -83.147024578999904, 42.29265124 ], [ -83.146872657, 42.292794299 ], [ -83.146628098, 42.292823118000101 ], [ -83.146292119999899, 42.292879935 ], [ -83.146141902999901, 42.292984932 ], [ -83.145258655, 42.293229278000098 ], [ -83.144449185, 42.293561882000098 ], [ -83.144254439999898, 42.293353164000102 ], [ -83.144035438999893, 42.293110164 ], [ -83.143439439, 42.292280163 ], [ -83.142633439, 42.291223164 ], [ -83.139836438, 42.287368163 ], [ -83.139561438, 42.286984163000099 ], [ -83.139500437, 42.286895163 ], [ -83.139438437, 42.286808162000099 ], [ -83.137905436, 42.284951163000102 ], [ -83.137815437, 42.284811163 ], [ -83.137150437, 42.283268162000098 ], [ -83.137534437, 42.282799162000103 ], [ -83.137696435999899, 42.282619162000103 ], [ -83.137986436999896, 42.282296162000101 ], [ -83.138798435999902, 42.281334161000103 ], [ -83.140372436999897, 42.279474162 ], [ -83.140625437, 42.279184161 ], [ -83.140825437, 42.278936161 ], [ -83.142220436999906, 42.277322161 ], [ -83.143538437, 42.27574316 ], [ -83.144659438, 42.2744361600001 ], [ -83.146357437999896, 42.27244216 ], [ -83.148044439, 42.270446160000098 ], [ -83.149743439, 42.268442159000102 ], [ -83.151429439, 42.266445159 ], [ -83.153037439999906, 42.264409158 ], [ -83.15491344, 42.262158157 ], [ -83.15605044, 42.260805157 ], [ -83.15668744, 42.260060157000098 ], [ -83.15893844, 42.257376157000103 ], [ -83.160737441, 42.255341156 ], [ -83.160863440999904, 42.2552001560001 ], [ -83.161028395999907, 42.255001869000097 ], [ -83.161047583, 42.255015837 ], [ -83.161190314999899, 42.255131255 ], [ -83.161289852, 42.255217671 ], [ -83.161415540999897, 42.255336957000097 ], [ -83.161530915999904, 42.255456856000102 ], [ -83.161640858, 42.255582098 ], [ -83.162034016, 42.2560864430001 ], [ -83.162656873999893, 42.256892425 ], [ -83.162754827999905, 42.257010966000102 ], [ -83.1629820469999, 42.25724595 ], [ -83.163189417, 42.257429220000098 ], [ -83.163414713999899, 42.257600435 ], [ -83.163680413999899, 42.25777595 ], [ -83.164397626, 42.258227902 ], [ -83.164737286, 42.258440304 ], [ -83.165216133999905, 42.258751604 ], [ -83.165358995, 42.258854771000102 ], [ -83.165520503, 42.258971462 ], [ -83.165690323, 42.259097335 ], [ -83.165953496, 42.259310454000101 ], [ -83.166205132, 42.259531103 ], [ -83.166321236, 42.259639209000099 ], [ -83.166353268, 42.259675384 ], [ -83.166462069, 42.259816637 ], [ -83.166520884, 42.259909909 ], [ -83.166564651, 42.259991497 ], [ -83.166638071, 42.260170101 ], [ -83.166681013999906, 42.260338838000102 ], [ -83.166699913999906, 42.260509840000097 ], [ -83.166695886999904, 42.260694468000104 ], [ -83.166701412999899, 42.260804462000102 ], [ -83.166699084, 42.261077435000097 ], [ -83.166713845999894, 42.2612872 ], [ -83.166755876, 42.261566766 ], [ -83.166821146, 42.261835411 ], [ -83.166843839, 42.26187833 ], [ -83.166925627999902, 42.261974637 ], [ -83.167184839999905, 42.262281351000098 ], [ -83.1677175, 42.263265346 ], [ -83.167951182, 42.263696582000101 ], [ -83.168030686, 42.263817444 ], [ -83.168108982, 42.263912903 ], [ -83.168181730999905, 42.263987774 ], [ -83.168261344, 42.264058756000097 ], [ -83.168347464, 42.264125394000096 ], [ -83.168439737, 42.264187325000101 ], [ -83.168538532999904, 42.264244104000099 ], [ -83.168645665, 42.264296018 ], [ -83.168760394999893, 42.2643436010001 ], [ -83.168872979, 42.264383057 ], [ -83.168996785, 42.264418851000102 ], [ -83.169155264, 42.264454380000103 ], [ -83.169301377999901, 42.264477352 ], [ -83.169828424999906, 42.264577333 ], [ -83.169698014, 42.264757743000096 ], [ -83.169612943, 42.264834056 ], [ -83.168583893, 42.265974605 ], [ -83.168350711999906, 42.266262035000103 ], [ -83.168316444, 42.266293158 ], [ -83.168143444, 42.266460157 ], [ -83.167957444, 42.2666431580001 ], [ -83.167463444, 42.267276158000101 ], [ -83.165107443999901, 42.270075159 ], [ -83.161847443, 42.273951160000102 ], [ -83.161491443, 42.274359160000103 ], [ -83.161365608, 42.274610828 ], [ -83.161083519, 42.274975432000097 ], [ -83.158161279999902, 42.278844774 ], [ -83.158355792, 42.279011473 ], [ -83.158609989999903, 42.279232309000101 ], [ -83.158944516, 42.279530882000103 ], [ -83.159652147, 42.280162443000101 ], [ -83.160657589, 42.281149461 ], [ -83.160737716, 42.281223874 ], [ -83.160779361, 42.2812670980001 ], [ -83.160782164, 42.281272071000103 ], [ -83.160805733, 42.28129528 ], [ -83.160857587, 42.281338452 ], [ -83.161393142999898, 42.281857785000099 ], [ -83.161720066, 42.282233840000103 ], [ -83.16179783, 42.282332359000101 ], [ -83.161943214, 42.282533609 ], [ -83.162105314, 42.282792483 ], [ -83.162219085999894, 42.283004651 ], [ -83.162371516999897, 42.2833375230001 ], [ -83.162868279, 42.284453156 ], [ -83.162983475, 42.284686048 ], [ -83.163101363, 42.284924101000101 ], [ -83.163263227999906, 42.285214574000101 ], [ -83.163290538, 42.285263575 ], [ -83.163728077999906, 42.286055606 ], [ -83.163829419, 42.28624009 ], [ -83.164086149, 42.286680131 ], [ -83.164145654, 42.286757565 ], [ -83.164232816, 42.286840875 ], [ -83.1644843, 42.287081153 ], [ -83.164758117, 42.287340033000099 ], [ -83.164890747, 42.287442016 ], [ -83.164902078999901, 42.287452325000103 ], [ -83.165178539, 42.287703761 ], [ -83.1656439879999, 42.288083921000101 ], [ -83.166356799, 42.288698796000098 ], [ -83.166465296, 42.288799011 ], [ -83.166576684999896, 42.288906434000097 ], [ -83.166686386, 42.289028787000099 ], [ -83.166773341, 42.289148469000096 ], [ -83.166943079, 42.289459907 ], [ -83.166976179, 42.289523374 ], [ -83.166995248, 42.289572209 ], [ -83.166017058, 42.289817600000099 ], [ -83.165194162, 42.290056394 ], [ -83.16461455, 42.290312246 ], [ -83.164181486999894, 42.290581106000097 ], [ -83.162957516999896, 42.291257079 ], [ -83.162586215, 42.291425801000102 ], [ -83.162158521, 42.291591013000101 ], [ -83.161664823, 42.291781717 ], [ -83.161321672, 42.291842009 ], [ -83.161178392, 42.291856978000098 ], [ -83.160878587, 42.291888297000099 ], [ -83.160389922, 42.291916205000099 ], [ -83.159048463, 42.291942220000102 ], [ -83.158585753, 42.291951190000098 ], [ -83.158250062, 42.292017405000102 ], [ -83.158019410999898, 42.292155191000099 ], [ -83.157857257, 42.292317680000103 ], [ -83.157767008999897, 42.292430284 ], [ -83.157729019, 42.292584411 ], [ -83.15772176, 42.292673792000102 ], [ -83.157711327, 42.292802233 ], [ -83.157708301, 42.293037656000102 ], [ -83.157753741, 42.29322835 ], [ -83.157815549, 42.293374641000099 ], [ -83.157844498, 42.293443161 ], [ -83.157945868, 42.2935950560001 ], [ -83.158054964, 42.293747145 ], [ -83.158148345, 42.293904582 ], [ -83.158177018999893, 42.294123572 ], [ -83.158168105, 42.29431864 ], [ -83.158095531, 42.294552311000103 ], [ -83.157930225, 42.294783646 ], [ -83.157690929999902, 42.294957255 ], [ -83.157395527999896, 42.295107044000098 ], [ -83.157244218999907, 42.295173986000101 ], [ -83.157082101999904, 42.295227532000098 ], [ -83.156882756, 42.295263147000099 ], [ -83.156809266, 42.295272350000097 ], [ -83.156419462, 42.295337196 ], [ -83.156000322, 42.295366838000099 ], [ -83.155533847999905, 42.295468994 ], [ -83.15527938, 42.295536250000097 ], [ -83.154728454, 42.295576382 ], [ -83.154398955, 42.295548426 ], [ -83.154041452999905, 42.295554143000103 ], [ -83.153547077, 42.295659545 ], [ -83.151687018, 42.296260913 ], [ -83.151401977, 42.2962733620001 ], [ -83.151297483999898, 42.296262956000099 ] ] ] } },
{ "type": "Feature", "properties": { "OBJECTID": 28, "zipcode": "48219", "total_renters": 7843.0, "renters_30_35pct": 661.0, "renters_35_40pct": 336.0, "renters_40_50pct": 767.0, "renters_50plus_pct": 3116.0, "total_owners": 10012.0, "owners_mtg_30_35pct": 192.0, "owners_mtg_35_40pct": 157.0, "owners_mtg_40_50pct": 345.0, "owners_mtg_50plus_pct": 552.0, "owners_nomtg_30_35pct": 154.0, "owners_nomtg_35_40pct": 271.0, "owners_nomtg_40_50pct": 160.0, "owners_nomtg_50plus_pct": 804.0, "median_household_income": "754396", "median_home_value": "1348300", "renters_burden_30plus": 4880.0, "pct_renters_30plus": 62.2, "owners_burden_30plus": 2635.0, "pct_owners_30plus": 26.3, "total_households": 17855.0, "burden_30plus_all": 7515.0, "pct_burden_30plus_all": 42.1, "renters_burden_50plus": 3116.0, "owners_burden_50plus": 1356.0, "burden_50plus_all": 4472.0, "pct_burden_50plus_all": 25.0, "price_income_ratio": "1.7872576206660693", "housing_shortage": false, "renter_accessibility_crisis": true, "housing_category": "Accessibility Only" }, "geometry": { "type": "Polygon", "coordinates": [ [ [ -83.218536473, 42.40834018 ], [ -83.218717472, 42.40833618 ], [ -83.219000472999895, 42.408329180000102 ], [ -83.219295473, 42.408329180000102 ], [ -83.219773473, 42.40831718 ], [ -83.221142474, 42.408286180000097 ], [ -83.222567474, 42.40825318 ], [ -83.223889474, 42.40822318 ], [ -83.225033475, 42.408197180000101 ], [ -83.225078474, 42.40825118 ], [ -83.225187475, 42.4099931800001 ], [ -83.226388475, 42.409968180000099 ], [ -83.226277476, 42.408169180000101 ], [ -83.227512476, 42.40814018 ], [ -83.227618475, 42.40813418 ], [ -83.228341475, 42.40811718 ], [ -83.228412475, 42.408108180000099 ], [ -83.228614476, 42.408076180000101 ], [ -83.228756475999901, 42.408035180000098 ], [ -83.230173475999905, 42.408686180000103 ], [ -83.231324477, 42.40918918 ], [ -83.231441477, 42.409224180000102 ], [ -83.231605477, 42.40926618 ], [ -83.231642477, 42.409884180000098 ], [ -83.232186477, 42.40987518 ], [ -83.232875476999894, 42.409857180000103 ], [ -83.233648478, 42.409839179000102 ], [ -83.234092478, 42.409834180000097 ], [ -83.235119477999902, 42.40980718 ], [ -83.235584478, 42.409802179 ], [ -83.2356774779999, 42.40982918 ], [ -83.235781478, 42.409677180000102 ], [ -83.235819477999897, 42.409577179000102 ], [ -83.235842477999896, 42.40944218 ], [ -83.235856478, 42.409203179 ], [ -83.235858478, 42.408988179000097 ], [ -83.235846478, 42.408797179 ], [ -83.235903478, 42.408748179 ], [ -83.235982478, 42.408659179 ], [ -83.236107478, 42.408477179 ], [ -83.236099478, 42.408324179 ], [ -83.236274478, 42.408093179 ], [ -83.236382477999896, 42.407980179 ], [ -83.236551478, 42.408049179 ], [ -83.236826478, 42.407963179 ], [ -83.237081477999894, 42.407908179000103 ], [ -83.237747478999907, 42.407904179000099 ], [ -83.238329479, 42.407877179 ], [ -83.238787478999896, 42.407869179000102 ], [ -83.23967648, 42.407853179 ], [ -83.239861479, 42.407850179 ], [ -83.240770478999906, 42.407832179 ], [ -83.241857479, 42.407811179000099 ], [ -83.24295148, 42.407789179000098 ], [ -83.244065480999893, 42.407766179000099 ], [ -83.245182481, 42.407745179000102 ], [ -83.246294480999893, 42.407724179000098 ], [ -83.247439481, 42.407702179000097 ], [ -83.248549482, 42.407680178000099 ], [ -83.249629482, 42.4076601780001 ], [ -83.250715483, 42.407640178000101 ], [ -83.252298482999905, 42.407610179000102 ], [ -83.252895484, 42.407594178000103 ], [ -83.253506484, 42.407573179000103 ], [ -83.254684483999895, 42.407546178000104 ], [ -83.255888484, 42.407503178000098 ], [ -83.256287484, 42.407490178000103 ], [ -83.257122485, 42.407476178 ], [ -83.257842484, 42.407469178 ], [ -83.258083485, 42.407466178 ], [ -83.258097485, 42.407725178000099 ], [ -83.258099484999903, 42.407765178 ], [ -83.258111485, 42.408042178000102 ], [ -83.258930485, 42.408033178 ], [ -83.258927484999901, 42.407895178 ], [ -83.259943485999898, 42.407879178 ], [ -83.260757486, 42.407873178 ], [ -83.261041485999897, 42.4078711780001 ], [ -83.261036486, 42.407737178 ], [ -83.261674486, 42.407727178000101 ], [ -83.262056485999906, 42.407721178 ], [ -83.262047486, 42.4075221780001 ], [ -83.262044486, 42.407447178 ], [ -83.263388485999897, 42.407450177 ], [ -83.263550487, 42.407449178 ], [ -83.263600487, 42.407456178000103 ], [ -83.263648486, 42.407469178 ], [ -83.263693487, 42.407487178000103 ], [ -83.263755487, 42.407530178000101 ], [ -83.263799487, 42.407581178 ], [ -83.263856486999899, 42.407628178 ], [ -83.263907487, 42.407658178000098 ], [ -83.264091487, 42.407730177000097 ], [ -83.264340487, 42.407808178 ], [ -83.264672487, 42.4078881780001 ], [ -83.264783487, 42.407908178000099 ], [ -83.264896487, 42.407922178 ], [ -83.265086487, 42.4079301780001 ], [ -83.265200487, 42.407927178000101 ], [ -83.265653487999899, 42.407889178000097 ], [ -83.265829487, 42.407880178 ], [ -83.265936487, 42.407875178 ], [ -83.266043488, 42.407880178 ], [ -83.266630487, 42.407931177000101 ], [ -83.267012488, 42.407949178000102 ], [ -83.268426488, 42.408039178000102 ], [ -83.268847487999906, 42.408059177 ], [ -83.268953488, 42.408059177 ], [ -83.269042488, 42.408053177000099 ], [ -83.269181488, 42.408035177 ], [ -83.269282488, 42.408014178 ], [ -83.269556489, 42.407932178000102 ], [ -83.270143488, 42.407923178 ], [ -83.270227489, 42.407771178000097 ], [ -83.270495489, 42.407534177000102 ], [ -83.270687488, 42.407434178000102 ], [ -83.270995489, 42.407492177000101 ], [ -83.271493489, 42.407732177000099 ], [ -83.272182489, 42.407990178 ], [ -83.272539488999897, 42.408090177000098 ], [ -83.272915489999903, 42.408185177000099 ], [ -83.273770489999904, 42.408437177000103 ], [ -83.274134489999895, 42.408469178000097 ], [ -83.27434449, 42.408318177000098 ], [ -83.27445949, 42.408093177000097 ], [ -83.27448349, 42.407713178 ], [ -83.27476649, 42.407823177000097 ], [ -83.275029489999895, 42.407899177 ], [ -83.27506049, 42.407855177 ], [ -83.27507249, 42.407812177 ], [ -83.27506949, 42.407588178 ], [ -83.27507349, 42.407534177000102 ], [ -83.275080489999894, 42.407516177000097 ], [ -83.275102489999895, 42.407508177000103 ], [ -83.27549149, 42.407514177000103 ], [ -83.276690490999897, 42.407466177000103 ], [ -83.276685491, 42.407286177000103 ], [ -83.27713549, 42.407286177000103 ], [ -83.278036491, 42.407273177 ], [ -83.278703492, 42.4072591770001 ], [ -83.279376490999894, 42.4072391770001 ], [ -83.280017491, 42.407219177 ], [ -83.280706492, 42.407204177 ], [ -83.281421491999893, 42.407189177000099 ], [ -83.281575491999902, 42.407183177 ], [ -83.281956492, 42.407168177000102 ], [ -83.282033492, 42.407165177 ], [ -83.282243492, 42.407159177 ], [ -83.282850492, 42.407135176000097 ], [ -83.283496492, 42.407111177 ], [ -83.284926492999901, 42.407055177000103 ], [ -83.285612494, 42.407034176 ], [ -83.285894494, 42.411782177000099 ], [ -83.286044493999896, 42.414271178 ], [ -83.286115495, 42.416654179 ], [ -83.286188494, 42.419122179 ], [ -83.286257495, 42.421462179 ], [ -83.286311495, 42.423279179000097 ], [ -83.286364495, 42.42508918 ], [ -83.286399495, 42.425198180000102 ], [ -83.286426494999901, 42.4256831800001 ], [ -83.287088496, 42.4256661800001 ], [ -83.287126494999896, 42.42584918 ], [ -83.287155496, 42.42599118 ], [ -83.286704496, 42.426613180000103 ], [ -83.286678496, 42.426943180000102 ], [ -83.286688496, 42.427461180000101 ], [ -83.287226361999899, 42.427688606000103 ], [ -83.287249144, 42.428220524 ], [ -83.287261390999902, 42.4285544090001 ], [ -83.2872616759999, 42.428562181000103 ], [ -83.287211495999898, 42.428562181000103 ], [ -83.286613495, 42.42858518 ], [ -83.286063495999898, 42.428607181000103 ], [ -83.286184496, 42.4308571810001 ], [ -83.286234496, 42.432426181 ], [ -83.286300496, 42.434475181 ], [ -83.286930496, 42.434466181000097 ], [ -83.286936495999896, 42.434910181000099 ], [ -83.287140496999896, 42.434903181 ], [ -83.287448044, 42.434892956 ], [ -83.287471614, 42.435883004000097 ], [ -83.287472346, 42.435904288000103 ], [ -83.286916495999904, 42.435923181000099 ], [ -83.286901496, 42.437738182 ], [ -83.287023496, 42.438295182 ], [ -83.287058497, 42.439447182 ], [ -83.287155496999901, 42.439527182000099 ], [ -83.287243497, 42.442410183 ], [ -83.287597497, 42.442484183 ], [ -83.287630497, 42.442493183000103 ], [ -83.287690114, 42.442509329000103 ], [ -83.287692061, 42.442524322 ], [ -83.287715632, 42.442613502 ], [ -83.287726471, 42.442684634 ], [ -83.285097569999905, 42.442735130000102 ], [ -83.281323312, 42.442805966 ], [ -83.278436744, 42.442865523000101 ], [ -83.278185002, 42.442869112 ], [ -83.269865746, 42.443121189000102 ], [ -83.268391679, 42.443158402 ], [ -83.265199955, 42.443238911 ], [ -83.260974515, 42.443345359 ], [ -83.258781681, 42.443403037 ], [ -83.256331074999906, 42.443468175000099 ], [ -83.250288653, 42.4436285620001 ], [ -83.249103275, 42.443659987 ], [ -83.246730089, 42.443719378 ], [ -83.244203221, 42.443789764 ], [ -83.241374003, 42.443864599 ], [ -83.239338823, 42.443918387 ], [ -83.237294737999903, 42.443963229000097 ], [ -83.233240112, 42.444052067 ], [ -83.225964055999896, 42.444211125 ], [ -83.225543988999902, 42.444220295 ], [ -83.222434747, 42.444288110000102 ], [ -83.220067961, 42.444339675 ], [ -83.219725947999905, 42.444348266000098 ], [ -83.21963526, 42.444349708000097 ], [ -83.219630476, 42.444184186 ], [ -83.219807476999904, 42.444181186 ], [ -83.220154476999895, 42.444174187 ], [ -83.220147476, 42.443977186 ], [ -83.220139477, 42.443647186000099 ], [ -83.220661477, 42.443647186000099 ], [ -83.220626476999897, 42.4426561860001 ], [ -83.220670476, 42.442592186000098 ], [ -83.220608475999896, 42.440770186000101 ], [ -83.220547476, 42.438961186 ], [ -83.220440476, 42.437234185000101 ], [ -83.219914476, 42.437239185000102 ], [ -83.219733476, 42.437242185000102 ], [ -83.219544476, 42.437245185 ], [ -83.219373474999898, 42.433640185000101 ], [ -83.219336475, 42.432612185 ], [ -83.219315476, 42.4320601840001 ], [ -83.2192374749999, 42.430028184 ], [ -83.219158475, 42.428325184000101 ], [ -83.219150474999907, 42.427858183000097 ], [ -83.219144475, 42.427743183000103 ], [ -83.219142474, 42.427709184 ], [ -83.219125474999899, 42.427369184 ], [ -83.219075474, 42.426389183 ], [ -83.219029474, 42.424937183000097 ], [ -83.218962474, 42.422793183000103 ], [ -83.218831474, 42.419275182 ], [ -83.218824473, 42.419081182000099 ], [ -83.218754474, 42.417441182 ], [ -83.218721473999906, 42.416112182000099 ], [ -83.218716473999905, 42.415561182 ], [ -83.218730474, 42.413766181 ], [ -83.218731474, 42.413539181 ], [ -83.218710473, 42.411922181000101 ], [ -83.218710473, 42.411760181 ], [ -83.218686472999906, 42.410883181 ], [ -83.218641472999906, 42.410130180000102 ], [ -83.218536473, 42.40834018 ] ] ] } },
{ "type": "Feature", "properties": { "OBJECTID": 29, "zipcode": "48221", "total_renters": 5364.0, "renters_30_35pct": 331.0, "renters_35_40pct": 288.0, "renters_40_50pct": 281.0, "renters_50plus_pct": 1996.0, "total_owners": 8883.0, "owners_mtg_30_35pct": 333.0, "owners_mtg_35_40pct": 135.0, "owners_mtg_40_50pct": 176.0, "owners_mtg_50plus_pct": 747.0, "owners_nomtg_30_35pct": 127.0, "owners_nomtg_35_40pct": 122.0, "owners_nomtg_40_50pct": 101.0, "owners_nomtg_50plus_pct": 405.0, "median_household_income": "566860", "median_home_value": "1391600", "renters_burden_30plus": 2896.0, "pct_renters_30plus": 54.0, "owners_burden_30plus": 2146.0, "pct_owners_30plus": 24.2, "total_households": 14247.0, "burden_30plus_all": 5042.0, "pct_burden_30plus_all": 35.4, "renters_burden_50plus": 1996.0, "owners_burden_50plus": 1152.0, "burden_50plus_all": 3148.0, "pct_burden_50plus_all": 22.1, "price_income_ratio": "2.454927142504322", "housing_shortage": false, "renter_accessibility_crisis": true, "housing_category": "Accessibility Only" }, "geometry": { "type": "Polygon", "coordinates": [ [ [ -83.122089443, 42.410287185000101 ], [ -83.122767443, 42.410272185000103 ], [ -83.123991444, 42.410244185000103 ], [ -83.125222445, 42.4102171850001 ], [ -83.125423444, 42.410211185 ], [ -83.126430445, 42.410188186 ], [ -83.126658445, 42.410182185000103 ], [ -83.127693445, 42.410163185 ], [ -83.127811445, 42.410162185 ], [ -83.128752445, 42.410135185000101 ], [ -83.128928445, 42.410131185000097 ], [ -83.129730445999897, 42.410107185000101 ], [ -83.130086445, 42.410097185 ], [ -83.130706446, 42.410086185000097 ], [ -83.131319446, 42.410070185000102 ], [ -83.131683446, 42.410061185000103 ], [ -83.132523445999894, 42.410041185000097 ], [ -83.132657445999897, 42.410038185000097 ], [ -83.133632447, 42.410024185000097 ], [ -83.133759447, 42.410023185 ], [ -83.134621447, 42.410012184 ], [ -83.134981447, 42.410013185 ], [ -83.135607447, 42.410002184000099 ], [ -83.136178448, 42.409992184 ], [ -83.136589447999896, 42.409984185 ], [ -83.137274448, 42.409971184 ], [ -83.137568448, 42.409966185 ], [ -83.138370448, 42.4099511840001 ], [ -83.138549449, 42.409948184 ], [ -83.139500448, 42.409931184000101 ], [ -83.140541449, 42.409912185 ], [ -83.141635449, 42.409899184 ], [ -83.142710448999907, 42.4098891840001 ], [ -83.143785449999896, 42.409879184 ], [ -83.14485945, 42.409869184000101 ], [ -83.145908451, 42.409859184 ], [ -83.146329451, 42.409855184 ], [ -83.146884450999906, 42.409850184 ], [ -83.147504451, 42.409843184000103 ], [ -83.147864452, 42.409839184000099 ], [ -83.148646451, 42.409830184 ], [ -83.148841451, 42.409828184 ], [ -83.149786451999901, 42.409818184000102 ], [ -83.150803451999906, 42.409808184 ], [ -83.150959452, 42.409806184000097 ], [ -83.152156453, 42.409795184000103 ], [ -83.152652452, 42.409791184 ], [ -83.153358453, 42.409784184 ], [ -83.153644453, 42.409781184000103 ], [ -83.154596452999897, 42.409772183 ], [ -83.155654453999901, 42.409761184000097 ], [ -83.156745454, 42.409749183 ], [ -83.157839453999898, 42.409739183 ], [ -83.158935454, 42.409726183 ], [ -83.160008455, 42.409715183000102 ], [ -83.161079454999907, 42.409698183 ], [ -83.162167455, 42.409679183 ], [ -83.1632564559999, 42.409659183 ], [ -83.164339455999894, 42.409639183 ], [ -83.164774456, 42.409633183 ], [ -83.164985456, 42.409628183 ], [ -83.165178456, 42.409624183000098 ], [ -83.165391456999899, 42.409619183000103 ], [ -83.165526456999899, 42.409617183000101 ], [ -83.166577456999903, 42.409599183000097 ], [ -83.167641456999903, 42.409580183000102 ], [ -83.168693457, 42.409560183000103 ], [ -83.169169457, 42.409552183000102 ], [ -83.169772458, 42.409543183 ], [ -83.169787458, 42.409951183 ], [ -83.169190457, 42.409973183 ], [ -83.169261457999895, 42.411982183000099 ], [ -83.169886458999898, 42.411979183 ], [ -83.169986458, 42.413962184000098 ], [ -83.169990458, 42.414174184 ], [ -83.169991458, 42.414192183000097 ], [ -83.170008459, 42.414426184 ], [ -83.17183046, 42.416403184 ], [ -83.172065458999896, 42.416649184 ], [ -83.171858459, 42.416650184 ], [ -83.171211458999906, 42.416654184 ], [ -83.170133458, 42.416664184000098 ], [ -83.170159457999901, 42.417413185 ], [ -83.170208459, 42.418501184 ], [ -83.170042458999902, 42.418502184 ], [ -83.169154458, 42.418526184 ], [ -83.169229459, 42.420268185 ], [ -83.169220458, 42.420299185 ], [ -83.169201459, 42.420320185 ], [ -83.169162458999907, 42.420342185 ], [ -83.169122457999904, 42.420349185000099 ], [ -83.167824458, 42.420384185 ], [ -83.167910459, 42.422341186 ], [ -83.167701458, 42.422332186000098 ], [ -83.167759458, 42.423622185000099 ], [ -83.167960459, 42.423618185000102 ], [ -83.167973457999906, 42.423920186 ], [ -83.168327458, 42.423915186 ], [ -83.168341459, 42.424043186000098 ], [ -83.16939346, 42.424022186000101 ], [ -83.169906459999893, 42.424011185 ], [ -83.16998246, 42.425832186 ], [ -83.169992459999904, 42.425900186 ], [ -83.17009946, 42.427642186000099 ], [ -83.17057346, 42.427631186 ], [ -83.17063646, 42.429450186 ], [ -83.17065046, 42.429863186 ], [ -83.17066546, 42.430275187000099 ], [ -83.17070246, 42.431257187 ], [ -83.17072046, 42.431688187000098 ], [ -83.17017046, 42.431688187000098 ], [ -83.170223461, 42.433036187 ], [ -83.17025346, 42.433806187000101 ], [ -83.17027046, 42.434234187000101 ], [ -83.17066146, 42.434232187000099 ], [ -83.170674461, 42.434567187 ], [ -83.170850459999897, 42.434718187 ], [ -83.170858461, 42.434921187 ], [ -83.17086146, 42.435006187000099 ], [ -83.170874461, 42.435342188 ], [ -83.17038046, 42.435352188 ], [ -83.170299461, 42.435354187 ], [ -83.17030146, 42.435409188 ], [ -83.170356461, 42.436644188000102 ], [ -83.170926461, 42.436627187 ], [ -83.170996461, 42.438441188000098 ], [ -83.170419459999906, 42.4384461880001 ], [ -83.170515461, 42.440735188000097 ], [ -83.170612461, 42.443078189000097 ], [ -83.170711460999897, 42.445417189000104 ], [ -83.171262462, 42.445407189 ], [ -83.171269030999895, 42.445544211 ], [ -83.171183507, 42.445546034000103 ], [ -83.168820105, 42.445609335 ], [ -83.166831507, 42.445684611 ], [ -83.165785579, 42.445707526 ], [ -83.163659741999894, 42.445754071000103 ], [ -83.1614322, 42.445794545000098 ], [ -83.159143864, 42.445852648 ], [ -83.158634394, 42.445857465000103 ], [ -83.158169551999904, 42.445867877000097 ], [ -83.156498349999893, 42.4459053 ], [ -83.155937718, 42.445917847 ], [ -83.155342042, 42.445931198 ], [ -83.15350868, 42.445972273000102 ], [ -83.152084774999906, 42.446004153 ], [ -83.151903091999898, 42.446007608000102 ], [ -83.149236547, 42.446067869 ], [ -83.146911706, 42.446119824 ], [ -83.145743562, 42.446145911 ], [ -83.144802212999906, 42.446166924000103 ], [ -83.141981269, 42.446229850000101 ], [ -83.139823260999904, 42.446275467000099 ], [ -83.139196822, 42.4462887010001 ], [ -83.138787492999896, 42.446297347 ], [ -83.138007204, 42.4463138240001 ], [ -83.13648442, 42.446345964 ], [ -83.133099011999903, 42.446394749 ], [ -83.13307345, 42.446384191 ], [ -83.132978449999896, 42.4463641910001 ], [ -83.13238645, 42.446287191000103 ], [ -83.133224449999901, 42.446267191000103 ], [ -83.133222449999906, 42.446126191000097 ], [ -83.13320645, 42.445307191 ], [ -83.13319545, 42.444996191 ], [ -83.13318945, 42.444818191 ], [ -83.132592449, 42.444837191 ], [ -83.13257945, 42.444418191000103 ], [ -83.132372448999902, 42.43907219 ], [ -83.132866448999906, 42.43905519 ], [ -83.132987449, 42.43907819 ], [ -83.133472449, 42.43907219 ], [ -83.13409845, 42.43905719 ], [ -83.133906448999895, 42.43761519 ], [ -83.132005449, 42.43768019 ], [ -83.131646448, 42.433852189 ], [ -83.131475447999904, 42.4328751890001 ], [ -83.129757447, 42.431805189 ], [ -83.129651447999905, 42.431680189000097 ], [ -83.129640448, 42.431418189 ], [ -83.1296294469999, 42.431159189 ], [ -83.130739448, 42.431126189000103 ], [ -83.130664447, 42.429302188000101 ], [ -83.130594447, 42.427733188000097 ], [ -83.130397447, 42.423288187 ], [ -83.130149447, 42.417968186 ], [ -83.122582444, 42.418116187000102 ], [ -83.1223754439999, 42.418120187000099 ], [ -83.122339444, 42.417481187000099 ], [ -83.122519444, 42.417477187 ], [ -83.1223754439999, 42.415079186000099 ], [ -83.122231444, 42.412670186000099 ], [ -83.122089443, 42.410287185000101 ] ] ] } },
{ "type": "Feature", "properties": { "OBJECTID": 30, "zipcode": "48223", "total_renters": 4064.0, "renters_30_35pct": 297.0, "renters_35_40pct": 292.0, "renters_40_50pct": 624.0, "renters_50plus_pct": 1169.0, "total_owners": 5424.0, "owners_mtg_30_35pct": 353.0, "owners_mtg_35_40pct": 111.0, "owners_mtg_40_50pct": 70.0, "owners_mtg_50plus_pct": 369.0, "owners_nomtg_30_35pct": 54.0, "owners_nomtg_35_40pct": 44.0, "owners_nomtg_40_50pct": 106.0, "owners_nomtg_50plus_pct": 357.0, "median_household_income": "476287", "median_home_value": "863800", "renters_burden_30plus": 2382.0, "pct_renters_30plus": 58.6, "owners_burden_30plus": 1464.0, "pct_owners_30plus": 27.0, "total_households": 9488.0, "burden_30plus_all": 3846.0, "pct_burden_30plus_all": 40.5, "renters_burden_50plus": 1169.0, "owners_burden_50plus": 726.0, "burden_50plus_all": 1895.0, "pct_burden_50plus_all": 20.0, "price_income_ratio": "1.8136123807704179", "housing_shortage": false, "renter_accessibility_crisis": true, "housing_category": "Accessibility Only" }, "geometry": { "type": "Polygon", "coordinates": [ [ [ -83.218536473, 42.40834018 ], [ -83.218231472999904, 42.408350180000099 ], [ -83.217899473, 42.40836118 ], [ -83.217750473, 42.40836318 ], [ -83.217726473, 42.407907180000102 ], [ -83.217497471999906, 42.40791118 ], [ -83.217456472, 42.407047180000099 ], [ -83.217434472, 42.406570180000102 ], [ -83.217386472, 42.405512180000102 ], [ -83.217365472, 42.40476518 ], [ -83.217315471999896, 42.40295318 ], [ -83.217952473, 42.402945179 ], [ -83.217936471999906, 42.402729179000097 ], [ -83.217913472, 42.402087179 ], [ -83.217895472, 42.401673179000099 ], [ -83.217902471999906, 42.401137179 ], [ -83.217903472, 42.401026179 ], [ -83.217991471999895, 42.400718179000101 ], [ -83.217994470999898, 42.400588179000103 ], [ -83.217972472, 42.399841179000099 ], [ -83.217973472, 42.399315179 ], [ -83.217933471, 42.398937179 ], [ -83.217898470999899, 42.397760179 ], [ -83.217198472, 42.397775178000103 ], [ -83.217146471, 42.395586178 ], [ -83.217107471, 42.393923178000101 ], [ -83.216991471, 42.391510177 ], [ -83.216906471, 42.3891151770001 ], [ -83.21682347, 42.386732177 ], [ -83.21674747, 42.385679177 ], [ -83.21656647, 42.384417176000099 ], [ -83.216615469, 42.382853176 ], [ -83.21695647, 42.382180176000098 ], [ -83.216933469, 42.382062176 ], [ -83.21688147, 42.381555176000099 ], [ -83.21692247, 42.381295175 ], [ -83.216983469999903, 42.3808311760001 ], [ -83.216995469, 42.380577176 ], [ -83.21698847, 42.380368176 ], [ -83.216908469, 42.379709175000102 ], [ -83.21704347, 42.379708175000097 ], [ -83.21701747, 42.379464175000102 ], [ -83.21696747, 42.379055175000097 ], [ -83.216955469, 42.378959175 ], [ -83.216935468999907, 42.378811175000102 ], [ -83.216983469999903, 42.378811175000102 ], [ -83.21705847, 42.378813175000097 ], [ -83.217121469999896, 42.3788121750001 ], [ -83.21721347, 42.378811175000102 ], [ -83.217347469999893, 42.3788091750001 ], [ -83.217865469999893, 42.378806175000101 ], [ -83.21789747, 42.378806175000101 ], [ -83.21852447, 42.378785175000097 ], [ -83.21899347, 42.378761175000101 ], [ -83.219618469999901, 42.3787191750001 ], [ -83.221174471, 42.378553175 ], [ -83.222519470999899, 42.378389175 ], [ -83.222936471, 42.378333175000101 ], [ -83.223446472, 42.378272175000099 ], [ -83.224019472, 42.378213175 ], [ -83.224492472, 42.378171174 ], [ -83.224982472, 42.378134175000099 ], [ -83.225545473, 42.378098175 ], [ -83.226088472999905, 42.378071174000098 ], [ -83.226630472, 42.3780491750001 ], [ -83.227130473, 42.378036174 ], [ -83.227652473, 42.3780281740001 ], [ -83.228174473, 42.378027174000103 ], [ -83.228696473, 42.378032175 ], [ -83.229304473, 42.3780451740001 ], [ -83.229759472999902, 42.378060174 ], [ -83.230364473, 42.3780901740001 ], [ -83.230811473999907, 42.378120174000102 ], [ -83.231269474, 42.378157174000101 ], [ -83.231476474, 42.378179174 ], [ -83.231857474, 42.378231174000099 ], [ -83.232184474, 42.378298174000101 ], [ -83.232465475, 42.378362174000102 ], [ -83.232812474, 42.378448174 ], [ -83.233189474, 42.378566174000099 ], [ -83.233888475, 42.378847174 ], [ -83.234203475, 42.379008174 ], [ -83.234498475, 42.3791481740001 ], [ -83.234901475, 42.379368174 ], [ -83.235498475, 42.379716174000102 ], [ -83.236510476, 42.380374174 ], [ -83.236657475, 42.380470174 ], [ -83.236650476, 42.380264174 ], [ -83.236638475999897, 42.380039175 ], [ -83.236629475999905, 42.379859174 ], [ -83.236618476, 42.379667174000097 ], [ -83.236595475999906, 42.3792441740001 ], [ -83.236584476, 42.379071174000103 ], [ -83.236575474999896, 42.378933174 ], [ -83.236565475, 42.3787711740001 ], [ -83.236563476, 42.3787261740001 ], [ -83.236956476, 42.378784174 ], [ -83.237236476, 42.378841174000101 ], [ -83.237747476, 42.378919174 ], [ -83.238110476, 42.378976174000101 ], [ -83.238353476, 42.379007174 ], [ -83.238877477, 42.379045174000098 ], [ -83.238959477, 42.379048174 ], [ -83.239939477, 42.379041174000101 ], [ -83.240194477, 42.379046174 ], [ -83.241437478, 42.379034174 ], [ -83.246415478, 42.378989174 ], [ -83.255856482, 42.378924173 ], [ -83.261108483, 42.378830173 ], [ -83.266261484, 42.378628172 ], [ -83.26657992, 42.378615623 ], [ -83.266582497999906, 42.378739001 ], [ -83.266583485, 42.378786185000102 ], [ -83.268377218, 42.378745083000098 ], [ -83.274912539999903, 42.378595099000101 ], [ -83.274942095, 42.379918002000103 ], [ -83.274976338, 42.380928835000098 ], [ -83.275054871, 42.3833785590001 ], [ -83.275106453, 42.384870317 ], [ -83.275108772, 42.384894804 ], [ -83.275122796999895, 42.385265166000103 ], [ -83.275128961999897, 42.385469276 ], [ -83.275151428, 42.385837641000101 ], [ -83.275222423999907, 42.388699260000102 ], [ -83.275281596999903, 42.390190905000097 ], [ -83.275352813, 42.391986063 ], [ -83.275371580999902, 42.392459166 ], [ -83.275478665, 42.3951913920001 ], [ -83.2755941409999, 42.398168584000103 ], [ -83.275645343999898, 42.400096603000101 ], [ -83.275707972, 42.401776936 ], [ -83.275732241, 42.403709049 ], [ -83.275799424, 42.405408003 ], [ -83.275861446, 42.407281862 ], [ -83.275945238, 42.407281539 ], [ -83.27594549, 42.407289177 ], [ -83.276685491, 42.407286177000103 ], [ -83.276690490999897, 42.407466177000103 ], [ -83.27549149, 42.407514177000103 ], [ -83.275102489999895, 42.407508177000103 ], [ -83.275080489999894, 42.407516177000097 ], [ -83.27507349, 42.407534177000102 ], [ -83.27506949, 42.407588178 ], [ -83.27507249, 42.407812177 ], [ -83.27506049, 42.407855177 ], [ -83.275029489999895, 42.407899177 ], [ -83.27476649, 42.407823177000097 ], [ -83.27448349, 42.407713178 ], [ -83.27445949, 42.408093177000097 ], [ -83.27434449, 42.408318177000098 ], [ -83.274134489999895, 42.408469178000097 ], [ -83.273770489999904, 42.408437177000103 ], [ -83.272915489999903, 42.408185177000099 ], [ -83.272539488999897, 42.408090177000098 ], [ -83.272182489, 42.407990178 ], [ -83.271493489, 42.407732177000099 ], [ -83.270995489, 42.407492177000101 ], [ -83.270687488, 42.407434178000102 ], [ -83.270495489, 42.407534177000102 ], [ -83.270227489, 42.407771178000097 ], [ -83.270143488, 42.407923178 ], [ -83.269556489, 42.407932178000102 ], [ -83.269282488, 42.408014178 ], [ -83.269181488, 42.408035177 ], [ -83.269042488, 42.408053177000099 ], [ -83.268953488, 42.408059177 ], [ -83.268847487999906, 42.408059177 ], [ -83.268426488, 42.408039178000102 ], [ -83.267012488, 42.407949178000102 ], [ -83.266630487, 42.407931177000101 ], [ -83.266043488, 42.407880178 ], [ -83.265936487, 42.407875178 ], [ -83.265829487, 42.407880178 ], [ -83.265653487999899, 42.407889178000097 ], [ -83.265200487, 42.407927178000101 ], [ -83.265086487, 42.4079301780001 ], [ -83.264896487, 42.407922178 ], [ -83.264783487, 42.407908178000099 ], [ -83.264672487, 42.4078881780001 ], [ -83.264340487, 42.407808178 ], [ -83.264091487, 42.407730177000097 ], [ -83.263907487, 42.407658178000098 ], [ -83.263856486999899, 42.407628178 ], [ -83.263799487, 42.407581178 ], [ -83.263755487, 42.407530178000101 ], [ -83.263693487, 42.407487178000103 ], [ -83.263648486, 42.407469178 ], [ -83.263600487, 42.407456178000103 ], [ -83.263550487, 42.407449178 ], [ -83.263388485999897, 42.407450177 ], [ -83.262044486, 42.407447178 ], [ -83.262047486, 42.4075221780001 ], [ -83.262056485999906, 42.407721178 ], [ -83.261674486, 42.407727178000101 ], [ -83.261036486, 42.407737178 ], [ -83.261041485999897, 42.4078711780001 ], [ -83.260757486, 42.407873178 ], [ -83.259943485999898, 42.407879178 ], [ -83.258927484999901, 42.407895178 ], [ -83.258930485, 42.408033178 ], [ -83.258111485, 42.408042178000102 ], [ -83.258099484999903, 42.407765178 ], [ -83.258097485, 42.407725178000099 ], [ -83.258083485, 42.407466178 ], [ -83.257842484, 42.407469178 ], [ -83.257122485, 42.407476178 ], [ -83.256287484, 42.407490178000103 ], [ -83.255888484, 42.407503178000098 ], [ -83.254684483999895, 42.407546178000104 ], [ -83.253506484, 42.407573179000103 ], [ -83.252895484, 42.407594178000103 ], [ -83.252298482999905, 42.407610179000102 ], [ -83.250715483, 42.407640178000101 ], [ -83.249629482, 42.4076601780001 ], [ -83.248549482, 42.407680178000099 ], [ -83.247439481, 42.407702179000097 ], [ -83.246294480999893, 42.407724179000098 ], [ -83.245182481, 42.407745179000102 ], [ -83.244065480999893, 42.407766179000099 ], [ -83.24295148, 42.407789179000098 ], [ -83.241857479, 42.407811179000099 ], [ -83.240770478999906, 42.407832179 ], [ -83.239861479, 42.407850179 ], [ -83.23967648, 42.407853179 ], [ -83.238787478999896, 42.407869179000102 ], [ -83.238329479, 42.407877179 ], [ -83.237747478999907, 42.407904179000099 ], [ -83.237081477999894, 42.407908179000103 ], [ -83.236826478, 42.407963179 ], [ -83.236551478, 42.408049179 ], [ -83.236382477999896, 42.407980179 ], [ -83.236274478, 42.408093179 ], [ -83.236099478, 42.408324179 ], [ -83.236107478, 42.408477179 ], [ -83.235982478, 42.408659179 ], [ -83.235903478, 42.408748179 ], [ -83.235846478, 42.408797179 ], [ -83.235858478, 42.408988179000097 ], [ -83.235856478, 42.409203179 ], [ -83.235842477999896, 42.40944218 ], [ -83.235819477999897, 42.409577179000102 ], [ -83.235781478, 42.409677180000102 ], [ -83.2356774779999, 42.40982918 ], [ -83.235584478, 42.409802179 ], [ -83.235119477999902, 42.40980718 ], [ -83.234092478, 42.409834180000097 ], [ -83.233648478, 42.409839179000102 ], [ -83.232875476999894, 42.409857180000103 ], [ -83.232186477, 42.40987518 ], [ -83.231642477, 42.409884180000098 ], [ -83.231605477, 42.40926618 ], [ -83.231441477, 42.409224180000102 ], [ -83.231324477, 42.40918918 ], [ -83.230173475999905, 42.408686180000103 ], [ -83.228756475999901, 42.408035180000098 ], [ -83.228614476, 42.408076180000101 ], [ -83.228412475, 42.408108180000099 ], [ -83.228341475, 42.40811718 ], [ -83.227618475, 42.40813418 ], [ -83.227512476, 42.40814018 ], [ -83.226277476, 42.408169180000101 ], [ -83.226388475, 42.409968180000099 ], [ -83.225187475, 42.4099931800001 ], [ -83.225078474, 42.40825118 ], [ -83.225033475, 42.408197180000101 ], [ -83.223889474, 42.40822318 ], [ -83.222567474, 42.40825318 ], [ -83.221142474, 42.408286180000097 ], [ -83.219773473, 42.40831718 ], [ -83.219295473, 42.408329180000102 ], [ -83.219000472999895, 42.408329180000102 ], [ -83.218717472, 42.40833618 ], [ -83.218536473, 42.40834018 ] ] ] } },
{ "type": "Feature", "properties": { "OBJECTID": 31, "zipcode": "48224", "total_renters": 6704.0, "renters_30_35pct": 747.0, "renters_35_40pct": 506.0, "renters_40_50pct": 406.0, "renters_50plus_pct": 2501.0, "total_owners": 8173.0, "owners_mtg_30_35pct": 188.0, "owners_mtg_35_40pct": 191.0, "owners_mtg_40_50pct": 206.0, "owners_mtg_50plus_pct": 493.0, "owners_nomtg_30_35pct": 193.0, "owners_nomtg_35_40pct": 29.0, "owners_nomtg_40_50pct": 91.0, "owners_nomtg_50plus_pct": 467.0, "median_household_income": "614935", "median_home_value": "1092500", "renters_burden_30plus": 4160.0, "pct_renters_30plus": 62.1, "owners_burden_30plus": 1858.0, "pct_owners_30plus": 22.7, "total_households": 14877.0, "burden_30plus_all": 6018.0, "pct_burden_30plus_all": 40.5, "renters_burden_50plus": 2501.0, "owners_burden_50plus": 960.0, "burden_50plus_all": 3461.0, "pct_burden_50plus_all": 23.3, "price_income_ratio": "1.7766105360729183", "housing_shortage": false, "renter_accessibility_crisis": true, "housing_category": "Accessibility Only" }, "geometry": { "type": "Polygon", "coordinates": [ [ [ -82.927155384999907, 42.425797198 ], [ -82.9278953849999, 42.424859197000103 ], [ -82.927965384999894, 42.424772198 ], [ -82.928035385, 42.424684198000101 ], [ -82.928149385, 42.424538198 ], [ -82.928406384999903, 42.424213197 ], [ -82.928511385, 42.424081198000103 ], [ -82.928682384999902, 42.423865198 ], [ -82.929047385, 42.423415197 ], [ -82.929355384999894, 42.423004197000097 ], [ -82.929646385, 42.422631197 ], [ -82.928294385, 42.422086197 ], [ -82.928231384, 42.422064197000097 ], [ -82.926848384, 42.421481197 ], [ -82.926418384, 42.421629197000101 ], [ -82.926190383999895, 42.421270197000098 ], [ -82.925892384, 42.421373197 ], [ -82.925620384, 42.421467197 ], [ -82.923993384, 42.420807197 ], [ -82.922866383, 42.420351197000102 ], [ -82.921718381999895, 42.419885197 ], [ -82.920700381999893, 42.419475197000097 ], [ -82.920660381999895, 42.419400197000101 ], [ -82.920216382, 42.418749197000103 ], [ -82.919616381999901, 42.417850197000099 ], [ -82.919193381, 42.4172251970001 ], [ -82.918522380999903, 42.416238197 ], [ -82.918305381, 42.415919196000097 ], [ -82.917691380999898, 42.415021197 ], [ -82.917405381, 42.414603197000098 ], [ -82.916416381, 42.413167196000103 ], [ -82.91565238, 42.412050196000102 ], [ -82.91561738, 42.412010196 ], [ -82.91549938, 42.411822196000102 ], [ -82.915241379999898, 42.411448196 ], [ -82.914076378999894, 42.409757196 ], [ -82.913948379, 42.409561196 ], [ -82.913901379, 42.409488196 ], [ -82.914446379, 42.408325195 ], [ -82.91493938, 42.407274195000099 ], [ -82.915633379, 42.405806195 ], [ -82.91593038, 42.405179195000102 ], [ -82.916300378999907, 42.404479194 ], [ -82.9167983789999, 42.4035361950001 ], [ -82.91686838, 42.403405195000097 ], [ -82.91713938, 42.402856195 ], [ -82.9177213789999, 42.401645194 ], [ -82.91831938, 42.4003911940001 ], [ -82.91871238, 42.399565194 ], [ -82.918752379999901, 42.399504194 ], [ -82.919122379, 42.398934194 ], [ -82.91934438, 42.398591194000097 ], [ -82.91975838, 42.398004193000098 ], [ -82.92013338, 42.3974741930001 ], [ -82.920353379999895, 42.397162193 ], [ -82.921065380999906, 42.396153193 ], [ -82.92137938, 42.395709193000101 ], [ -82.921573381, 42.395468193000099 ], [ -82.921680381, 42.3953521930001 ], [ -82.921722380999896, 42.3953071930001 ], [ -82.92187138, 42.395180193 ], [ -82.92218538, 42.394962192 ], [ -82.922403381, 42.3948371930001 ], [ -82.923469380999904, 42.394440192 ], [ -82.924446380999896, 42.394063192 ], [ -82.924624380999902, 42.393990193 ], [ -82.925357381, 42.393704192 ], [ -82.925696382, 42.3935721920001 ], [ -82.926486382, 42.393264192000103 ], [ -82.926675382, 42.393190192000098 ], [ -82.927265382, 42.392959192 ], [ -82.927799382, 42.392741192000102 ], [ -82.929059381999906, 42.392223192000102 ], [ -82.930329383, 42.391697192 ], [ -82.931452383, 42.391251192 ], [ -82.931935382999896, 42.391069192 ], [ -82.932444383, 42.390877191000101 ], [ -82.933435383, 42.390509192 ], [ -82.934404383, 42.390167191 ], [ -82.934638384, 42.390087191000099 ], [ -82.9353743839999, 42.389835191 ], [ -82.935507383999905, 42.389790191 ], [ -82.936104384, 42.389604191 ], [ -82.936356384, 42.389530191000098 ], [ -82.937209385, 42.389296191 ], [ -82.9373513849999, 42.3892621910001 ], [ -82.937647384999906, 42.389190191000097 ], [ -82.938347385, 42.389024191 ], [ -82.939223384999906, 42.388823191 ], [ -82.939420385, 42.388779191 ], [ -82.939607385, 42.388736191000099 ], [ -82.940575385, 42.38855119 ], [ -82.940894385, 42.38848719 ], [ -82.941666385999895, 42.388352191000102 ], [ -82.942214386, 42.38825519 ], [ -82.942594386, 42.388191191 ], [ -82.942715386, 42.38816819 ], [ -82.942747386, 42.388162190000102 ], [ -82.942895386, 42.388136191 ], [ -82.943357385999903, 42.38805519 ], [ -82.944043386, 42.387933191000101 ], [ -82.944477386999907, 42.38785519 ], [ -82.945606386999899, 42.38765619 ], [ -82.946474387, 42.387503190000103 ], [ -82.946648387, 42.38747719 ], [ -82.947703388, 42.387308190000098 ], [ -82.947944387999897, 42.387669190000103 ], [ -82.947386388, 42.38775819 ], [ -82.947727388, 42.38824119 ], [ -82.948797387999903, 42.389877190000099 ], [ -82.948791388, 42.390005191 ], [ -82.950495389, 42.392487191 ], [ -82.95214139, 42.394886191000097 ], [ -82.953472389999902, 42.396872192 ], [ -82.954149389999898, 42.396625191000098 ], [ -82.95449639, 42.397029191000101 ], [ -82.955175391, 42.396783191 ], [ -82.9556753909999, 42.396602191000099 ], [ -82.956066391, 42.396461192 ], [ -82.956965391, 42.396136191 ], [ -82.957889391, 42.395803191 ], [ -82.958852390999894, 42.395456191 ], [ -82.959857391999904, 42.396985191 ], [ -82.959891392, 42.397102191000101 ], [ -82.959658392, 42.397185191000098 ], [ -82.958959391999898, 42.397434191 ], [ -82.959023391999906, 42.397532191 ], [ -82.959197392, 42.397473191000103 ], [ -82.960156392, 42.398916192000101 ], [ -82.960242391999898, 42.399047192000097 ], [ -82.961186392999906, 42.400486192000102 ], [ -82.961257393, 42.400596192000101 ], [ -82.960764393, 42.400779192000101 ], [ -82.960886392999896, 42.400963192000098 ], [ -82.961384392999904, 42.400779192000101 ], [ -82.962322394, 42.402182192 ], [ -82.962398393, 42.402297192 ], [ -82.963297393999895, 42.403658192000101 ], [ -82.963713394, 42.403509192000101 ], [ -82.963942394, 42.403435192000103 ], [ -82.964028394, 42.403415192000097 ], [ -82.964223394, 42.4037121920001 ], [ -82.964302394, 42.403830192 ], [ -82.964407394, 42.403987192 ], [ -82.964461394, 42.404085192 ], [ -82.964542394, 42.404231193 ], [ -82.964554394999894, 42.404262192 ], [ -82.964583394, 42.404355192 ], [ -82.964596394, 42.404432192000101 ], [ -82.964600394999906, 42.404509192 ], [ -82.964593393999905, 42.404671192000102 ], [ -82.964955394, 42.4053261930001 ], [ -82.964994394999906, 42.405415193000103 ], [ -82.964374394999894, 42.405595192000099 ], [ -82.964388394, 42.405925193 ], [ -82.963848394, 42.406268192 ], [ -82.963943394999902, 42.408609193000103 ], [ -82.964038395, 42.410419193000102 ], [ -82.964138395, 42.412959194000102 ], [ -82.964715395, 42.413355194000097 ], [ -82.964727395, 42.4136101940001 ], [ -82.9647713949999, 42.414594194000102 ], [ -82.964780394999906, 42.414810194 ], [ -82.964827395, 42.415844194 ], [ -82.964691396, 42.415841194 ], [ -82.964449395, 42.415738194 ], [ -82.964347395, 42.415695194000101 ], [ -82.964291395, 42.415778194 ], [ -82.964373396, 42.416681194 ], [ -82.964863394999895, 42.416674194 ], [ -82.964899395, 42.417523194000097 ], [ -82.964936396, 42.418366194 ], [ -82.964958396, 42.418850195000097 ], [ -82.964353396, 42.419645195 ], [ -82.964091396, 42.419990195 ], [ -82.963796395, 42.420378195000097 ], [ -82.963462395, 42.420823195 ], [ -82.963754395, 42.420793195 ], [ -82.963916395999902, 42.4207881950001 ], [ -82.965040395999907, 42.420783195000098 ], [ -82.965070396, 42.421602195 ], [ -82.963685396, 42.421617195000103 ], [ -82.963629396, 42.421604196 ], [ -82.963048395, 42.421364195000102 ], [ -82.962448395, 42.422166195 ], [ -82.963060395999904, 42.422416195 ], [ -82.963090396, 42.422420195 ], [ -82.963676396, 42.422413195 ], [ -82.963690395999905, 42.422805195000102 ], [ -82.962760395, 42.422809195000099 ], [ -82.962516396, 42.423130196 ], [ -82.962463395, 42.423199196 ], [ -82.961901396, 42.423923196 ], [ -82.961822395, 42.424028196000101 ], [ -82.9617783959999, 42.424086196000097 ], [ -82.961216395, 42.424830196000102 ], [ -82.961180395, 42.424891196 ], [ -82.960602395, 42.425653196 ], [ -82.960069394999906, 42.426356197000104 ], [ -82.959989395, 42.426462196 ], [ -82.959516395, 42.427091196 ], [ -82.959450394, 42.427177196000102 ], [ -82.958911394, 42.427887197000103 ], [ -82.958746394999906, 42.428209197000101 ], [ -82.958692395, 42.428314197000098 ], [ -82.957926394, 42.429341197 ], [ -82.957961395, 42.429609197 ], [ -82.957837395, 42.429501197 ], [ -82.957694395, 42.429396197000102 ], [ -82.957256393999899, 42.429109197000102 ], [ -82.956789393999898, 42.429728197 ], [ -82.957186395, 42.429868197000097 ], [ -82.957297394, 42.429886197 ], [ -82.956770395, 42.430640198 ], [ -82.956658395, 42.430656197000097 ], [ -82.956607394999907, 42.4307281970001 ], [ -82.956119394, 42.431427197000097 ], [ -82.956023393999899, 42.431563197000102 ], [ -82.955488394, 42.432269198 ], [ -82.955408394, 42.432376198 ], [ -82.955363394, 42.432451198000102 ], [ -82.954886394, 42.433084198000103 ], [ -82.954810393999907, 42.433185198 ], [ -82.954281394, 42.433882198 ], [ -82.954191394, 42.434001198 ], [ -82.953726393999901, 42.4346131980001 ], [ -82.953684392999904, 42.434787198 ], [ -82.953846394, 42.434849198000101 ], [ -82.953905393999904, 42.4348721980001 ], [ -82.954236394, 42.434999198000099 ], [ -82.955376394, 42.435476198000103 ], [ -82.955136394, 42.435622198 ], [ -82.955066394, 42.435646199000097 ], [ -82.955005394, 42.435656198000103 ], [ -82.953327394, 42.435681198000097 ], [ -82.952390394, 42.4356941980001 ], [ -82.952332392999907, 42.435675198000098 ], [ -82.952405394, 42.435816199 ], [ -82.952606394, 42.436093199 ], [ -82.952298394, 42.436569199000097 ], [ -82.952253393, 42.436566199 ], [ -82.952207393, 42.436556198000098 ], [ -82.952047393, 42.436491198000098 ], [ -82.951806393, 42.436381199 ], [ -82.951607393, 42.436305199000103 ], [ -82.951830394, 42.4360091980001 ], [ -82.951361393, 42.435817198000102 ], [ -82.951378393, 42.4357221980001 ], [ -82.951583393, 42.4354491980001 ], [ -82.950806391999905, 42.435128199000097 ], [ -82.950162393, 42.434864198000099 ], [ -82.950038392, 42.434813199000097 ], [ -82.948296392, 42.434100198000102 ], [ -82.948112392, 42.434043199 ], [ -82.945993391999906, 42.433172199000097 ], [ -82.943874391, 42.432302198000102 ], [ -82.94128439, 42.431237198000098 ], [ -82.94079239, 42.431489198000101 ], [ -82.940420388999897, 42.431337198 ], [ -82.940060388999896, 42.431190198 ], [ -82.939832388999903, 42.431097198 ], [ -82.940079389999894, 42.430757198 ], [ -82.937979388, 42.4298851980001 ], [ -82.937648388999904, 42.429749198 ], [ -82.934649387, 42.428519198000103 ], [ -82.934611388, 42.428503198 ], [ -82.932632386, 42.427682198000099 ], [ -82.932445387, 42.427651198 ], [ -82.930264386, 42.426714198000099 ], [ -82.928509385, 42.4259761980001 ], [ -82.928305385, 42.425872198 ], [ -82.928011384999905, 42.426261198000098 ], [ -82.927882385, 42.426191198 ], [ -82.927660385, 42.426070198 ], [ -82.927499385, 42.425983198 ], [ -82.927310384999899, 42.425881198000098 ], [ -82.927155384999907, 42.425797198 ] ] ] } },
{ "type": "Feature", "properties": { "OBJECTID": 33, "zipcode": "48226", "total_renters": 3771.0, "renters_30_35pct": 272.0, "renters_35_40pct": 279.0, "renters_40_50pct": 359.0, "renters_50plus_pct": 751.0, "total_owners": 320.0, "owners_mtg_30_35pct": 10.0, "owners_mtg_35_40pct": 14.0, "owners_mtg_40_50pct": 12.0, "owners_mtg_50plus_pct": 21.0, "owners_nomtg_30_35pct": 0.0, "owners_nomtg_35_40pct": 0.0, "owners_nomtg_40_50pct": 21.0, "owners_nomtg_50plus_pct": 0.0, "median_household_income": "233926", "median_home_value": "945500", "renters_burden_30plus": 1661.0, "pct_renters_30plus": 44.0, "owners_burden_30plus": 78.0, "pct_owners_30plus": 24.4, "total_households": 4091.0, "burden_30plus_all": 1739.0, "pct_burden_30plus_all": 42.5, "renters_burden_50plus": 751.0, "owners_burden_50plus": 21.0, "burden_50plus_all": 772.0, "pct_burden_50plus_all": 18.9, "price_income_ratio": "4.041876490856082", "housing_shortage": true, "renter_accessibility_crisis": false, "housing_category": "Shortage Only" }, "geometry": { "type": "Polygon", "coordinates": [ [ [ -83.039834411, 42.330877175000097 ], [ -83.040059411, 42.330789175 ], [ -83.041045411, 42.330368176 ], [ -83.040857411, 42.330086176000101 ], [ -83.040607409999893, 42.329780175000103 ], [ -83.041270411, 42.329468175 ], [ -83.041166410999907, 42.329330175000102 ], [ -83.040804411, 42.328845175 ], [ -83.03875041, 42.329567175000101 ], [ -83.03749241, 42.330145175 ], [ -83.03740741, 42.330196176000101 ], [ -83.0378184099999, 42.330809176000102 ], [ -83.035812409, 42.331680176000098 ], [ -83.03537841, 42.331042176 ], [ -83.035197409, 42.330777176 ], [ -83.03503541, 42.330546176 ], [ -83.034852408999896, 42.330284175 ], [ -83.034964408999898, 42.330240176000103 ], [ -83.03701341, 42.329586175 ], [ -83.037001409, 42.329567175000101 ], [ -83.036984409999903, 42.329540175 ], [ -83.036962409999902, 42.329505175000101 ], [ -83.036858409, 42.329330175000102 ], [ -83.03684541, 42.329272176000103 ], [ -83.03685541, 42.329229176000098 ], [ -83.03687941, 42.329174175 ], [ -83.03695641, 42.329121175000097 ], [ -83.037162409999894, 42.329017175000097 ], [ -83.03789941, 42.328651175000097 ], [ -83.03911441, 42.328157175 ], [ -83.040173411, 42.327742175 ], [ -83.04047941, 42.327638175000097 ], [ -83.040575410999907, 42.327635175000097 ], [ -83.040706411, 42.327652175 ], [ -83.040770411, 42.327677175000098 ], [ -83.04075141, 42.327608175000101 ], [ -83.040635411, 42.327378175 ], [ -83.042712411, 42.326715175000103 ], [ -83.042830411, 42.326679175 ], [ -83.0473014129999, 42.325341174000101 ], [ -83.049166413, 42.324843174000101 ], [ -83.051915414, 42.324023174 ], [ -83.052086414, 42.324364173 ], [ -83.052510414, 42.324256174 ], [ -83.053860415, 42.323896173 ], [ -83.054483413999904, 42.323730173000101 ], [ -83.059898416, 42.322290173 ], [ -83.065577418, 42.320033172000102 ], [ -83.065627418, 42.320134172 ], [ -83.065702417, 42.320263172000097 ], [ -83.065792417999901, 42.320419172000101 ], [ -83.065927417999902, 42.320651172000098 ], [ -83.066184418, 42.321108172 ], [ -83.066327418, 42.321362173000097 ], [ -83.066149418, 42.321672172 ], [ -83.065966418, 42.3216381720001 ], [ -83.065812417999894, 42.321615173000097 ], [ -83.065604418, 42.321610173000103 ], [ -83.065411417999897, 42.321630173000102 ], [ -83.065197418, 42.321711172 ], [ -83.0649824179999, 42.3217661730001 ], [ -83.064825417, 42.321820172000102 ], [ -83.064657417, 42.321887173 ], [ -83.063968417, 42.322184173 ], [ -83.063875418, 42.322218173000103 ], [ -83.063297416999902, 42.322409173 ], [ -83.062598416999904, 42.322631173 ], [ -83.062104416999901, 42.3228241730001 ], [ -83.060213416, 42.323551173000098 ], [ -83.0599474159999, 42.323650173 ], [ -83.059485416, 42.323839173000103 ], [ -83.060465416, 42.325087173 ], [ -83.061162415999902, 42.325979174000103 ], [ -83.059885416, 42.326537173000098 ], [ -83.060526416, 42.3273481740001 ], [ -83.061026417, 42.327982174000098 ], [ -83.061158416999902, 42.328161174000101 ], [ -83.063636418, 42.327092174 ], [ -83.064268418, 42.327897174 ], [ -83.063073418, 42.328413174 ], [ -83.063705418, 42.329218174000097 ], [ -83.064340418, 42.330025174000099 ], [ -83.064972419, 42.330832174000101 ], [ -83.065331419, 42.331286174000098 ], [ -83.065481418, 42.331433174 ], [ -83.064007417999903, 42.331441174000098 ], [ -83.063714418, 42.331454175 ], [ -83.063858417999896, 42.331660174 ], [ -83.064049419, 42.331995174 ], [ -83.064479418999895, 42.332749174000099 ], [ -83.063722417999898, 42.332986175 ], [ -83.063599418, 42.332818175000099 ], [ -83.063438419, 42.332628175 ], [ -83.063145418, 42.332260175 ], [ -83.062564418, 42.331740175 ], [ -83.062350417999895, 42.331521175 ], [ -83.062167417, 42.331536174000099 ], [ -83.061892418, 42.331557175 ], [ -83.061677418, 42.331572175000098 ], [ -83.061510418, 42.331580175000099 ], [ -83.061419417, 42.331584175 ], [ -83.061324418, 42.331588174 ], [ -83.061189417, 42.331594174 ], [ -83.061489418, 42.331858174 ], [ -83.061659417, 42.332011175 ], [ -83.062162417, 42.332586175000102 ], [ -83.063004417999906, 42.333662175 ], [ -83.063070417999896, 42.333747175 ], [ -83.063612419, 42.334441175 ], [ -83.063829418, 42.334711175000102 ], [ -83.064191418999897, 42.335283175 ], [ -83.064009418, 42.335318175000097 ], [ -83.062943418, 42.335560175000097 ], [ -83.062465418, 42.335662175 ], [ -83.061762417999901, 42.3358121750001 ], [ -83.060959418, 42.335991175000103 ], [ -83.060308418, 42.336148175000098 ], [ -83.060083418, 42.336204175 ], [ -83.059875416999901, 42.335977175 ], [ -83.059790418, 42.335864175 ], [ -83.059421417, 42.335216175 ], [ -83.058994417, 42.334465175 ], [ -83.057685416, 42.334877175 ], [ -83.056295416, 42.335315176000101 ], [ -83.056552416, 42.335423175000102 ], [ -83.055263415999903, 42.335981176000097 ], [ -83.054324414999897, 42.3363851760001 ], [ -83.052982415, 42.336965176 ], [ -83.051342415, 42.3376741760001 ], [ -83.050028415, 42.338238176000097 ], [ -83.050520415, 42.338864177000097 ], [ -83.050987415, 42.339458177 ], [ -83.049648415, 42.340036177000101 ], [ -83.047970414, 42.340762177 ], [ -83.048441414, 42.341468177000102 ], [ -83.048480415, 42.341526177 ], [ -83.048518413999901, 42.341585177000098 ], [ -83.048540414999906, 42.341620177 ], [ -83.048563413999901, 42.341654177000102 ], [ -83.048686414, 42.341839177 ], [ -83.047823415, 42.342151177000098 ], [ -83.046246413999896, 42.342693178 ], [ -83.045975413999898, 42.3427931780001 ], [ -83.044522413, 42.343335177 ], [ -83.044221412999903, 42.343442177 ], [ -83.044081413, 42.343501178000103 ], [ -83.043803413, 42.343601178 ], [ -83.043760413, 42.343377178 ], [ -83.043700413, 42.343116178000102 ], [ -83.043623413, 42.342870177000101 ], [ -83.043505412999906, 42.342545178000101 ], [ -83.043392412999907, 42.342348177000098 ], [ -83.043352413, 42.342283177000098 ], [ -83.043242413, 42.3421051770001 ], [ -83.043101413, 42.341892178000101 ], [ -83.042952413, 42.341683177 ], [ -83.042732413, 42.341397177 ], [ -83.042563413, 42.341196178000096 ], [ -83.042360413, 42.340990177 ], [ -83.042213412, 42.340857177 ], [ -83.042155413, 42.340810177 ], [ -83.042007412, 42.340687177000099 ], [ -83.041348411999905, 42.340169177000099 ], [ -83.040545411, 42.339539177000098 ], [ -83.040458411, 42.339442177000102 ], [ -83.040248410999894, 42.339260177 ], [ -83.040087411999906, 42.339101177 ], [ -83.039936411, 42.338935177000103 ], [ -83.039627411, 42.338530177 ], [ -83.039173411, 42.337877177000102 ], [ -83.038848410999904, 42.337386177 ], [ -83.038407411, 42.336712177 ], [ -83.038611411, 42.336624176 ], [ -83.038001409999893, 42.335733177000101 ], [ -83.037905410999898, 42.335609176 ], [ -83.037962411, 42.335582177 ], [ -83.038308410999903, 42.335421176000096 ], [ -83.037189411, 42.333794176 ], [ -83.037097410999905, 42.333672176 ], [ -83.03688341, 42.333363176 ], [ -83.03682741, 42.333270176 ], [ -83.03673041, 42.333109176 ], [ -83.03666441, 42.332999176 ], [ -83.03629641, 42.332429176000097 ], [ -83.038031411, 42.331669176 ], [ -83.03830541, 42.331549176000102 ], [ -83.03911541, 42.331164176000101 ], [ -83.039834411, 42.330877175000097 ] ] ] } },
{ "type": "Feature", "properties": { "OBJECTID": 34, "zipcode": "48227", "total_renters": 6804.0, "renters_30_35pct": 567.0, "renters_35_40pct": 517.0, "renters_40_50pct": 350.0, "renters_50plus_pct": 2424.0, "total_owners": 8691.0, "owners_mtg_30_35pct": 146.0, "owners_mtg_35_40pct": 185.0, "owners_mtg_40_50pct": 190.0, "owners_mtg_50plus_pct": 328.0, "owners_nomtg_30_35pct": 224.0, "owners_nomtg_35_40pct": 206.0, "owners_nomtg_40_50pct": 404.0, "owners_nomtg_50plus_pct": 685.0, "median_household_income": "565532", "median_home_value": "1176200", "renters_burden_30plus": 3858.0, "pct_renters_30plus": 56.7, "owners_burden_30plus": 2368.0, "pct_owners_30plus": 27.2, "total_households": 15495.0, "burden_30plus_all": 6226.0, "pct_burden_30plus_all": 40.2, "renters_burden_50plus": 2424.0, "owners_burden_50plus": 1013.0, "burden_50plus_all": 3437.0, "pct_burden_50plus_all": 22.2, "price_income_ratio": "2.0798115756491233", "housing_shortage": false, "renter_accessibility_crisis": true, "housing_category": "Accessibility Only" }, "geometry": { "type": "Polygon", "coordinates": [ [ [ -83.169772458, 42.409543183 ], [ -83.169756457999895, 42.409152183000103 ], [ -83.169137458, 42.409177183000097 ], [ -83.169118457, 42.4084721830001 ], [ -83.169064458, 42.407698183 ], [ -83.169059457999893, 42.407631182 ], [ -83.168999458, 42.4060251820001 ], [ -83.168998458, 42.405881182 ], [ -83.168894457, 42.404132182000097 ], [ -83.168895457, 42.4040691820001 ], [ -83.168823457, 42.402668182000099 ], [ -83.169425458, 42.402623182000099 ], [ -83.169406457, 42.402237181 ], [ -83.169299457, 42.400044181 ], [ -83.169228457, 42.398561181 ], [ -83.169189457, 42.397752181 ], [ -83.169057456, 42.39503918 ], [ -83.169029456, 42.39446918 ], [ -83.168993456, 42.39373018 ], [ -83.168991456, 42.39368318 ], [ -83.168986456, 42.393579180000103 ], [ -83.168717456, 42.39357518 ], [ -83.168370455999906, 42.39357118 ], [ -83.168166455999895, 42.39357518 ], [ -83.168048456, 42.393581180000098 ], [ -83.166938455, 42.393606180000099 ], [ -83.166697455, 42.39361818 ], [ -83.166069454999899, 42.393650180000101 ], [ -83.164597455, 42.393671180000098 ], [ -83.163943453999906, 42.393668180000098 ], [ -83.163310455, 42.39366618 ], [ -83.163323454, 42.39348218 ], [ -83.163248454, 42.39156518 ], [ -83.164626454, 42.391528180000101 ], [ -83.165692454999899, 42.39150118 ], [ -83.166757456, 42.391473180000098 ], [ -83.167821455, 42.391446180000102 ], [ -83.168325455999906, 42.39143518 ], [ -83.168259456, 42.39016718 ], [ -83.168255455999898, 42.39007918 ], [ -83.168179456, 42.388270179000102 ], [ -83.168072455, 42.385850179 ], [ -83.168094454999903, 42.385850179 ], [ -83.168386455, 42.385831179 ], [ -83.168626455, 42.385809179 ], [ -83.168613455, 42.385478179000103 ], [ -83.168606455, 42.385291178 ], [ -83.168600456, 42.385115179 ], [ -83.168593455, 42.384935178 ], [ -83.168582455, 42.384624179000099 ], [ -83.168063455, 42.384679179 ], [ -83.168026455, 42.3835401790001 ], [ -83.168077454999903, 42.383418178 ], [ -83.167919454, 42.380512178000103 ], [ -83.168202455, 42.380505178000099 ], [ -83.168456455, 42.380499178 ], [ -83.168396453999904, 42.379828178 ], [ -83.168394454999898, 42.379756178 ], [ -83.168390455, 42.379673178000097 ], [ -83.168366454, 42.379079177 ], [ -83.167764454999897, 42.378853178 ], [ -83.167690454, 42.375610177 ], [ -83.167614454, 42.373248177 ], [ -83.1675424539999, 42.371062176000102 ], [ -83.167471454, 42.368874176000098 ], [ -83.167378453, 42.366017175 ], [ -83.167932452999906, 42.366006175 ], [ -83.169141453, 42.365982176 ], [ -83.169769454, 42.365968175 ], [ -83.170390454, 42.365955175000103 ], [ -83.170392454, 42.366804175 ], [ -83.170444454, 42.366799175 ], [ -83.170461454, 42.367095175 ], [ -83.170996455, 42.367083175000097 ], [ -83.170966455, 42.366303175 ], [ -83.171611455, 42.366289175000098 ], [ -83.172820455, 42.366262175 ], [ -83.174068454999897, 42.366234175 ], [ -83.175180456, 42.366209175000101 ], [ -83.175304455999907, 42.366207175000099 ], [ -83.176517456, 42.366183175000103 ], [ -83.177741457, 42.366160175000097 ], [ -83.178918456, 42.366137175000098 ], [ -83.178904457, 42.365774175000098 ], [ -83.180127457, 42.365747175000102 ], [ -83.182478457, 42.365696174 ], [ -83.183858458, 42.365666174000097 ], [ -83.185068458, 42.365643174000098 ], [ -83.186284459, 42.3656171740001 ], [ -83.187506459, 42.365590174 ], [ -83.18859946, 42.365567174 ], [ -83.188683459999893, 42.3680501750001 ], [ -83.189763459999895, 42.368025175000099 ], [ -83.18967746, 42.365539174 ], [ -83.19075946, 42.365516174 ], [ -83.191844461, 42.365492174 ], [ -83.192974460999906, 42.365467174000102 ], [ -83.194048461, 42.365443174000099 ], [ -83.194009460999894, 42.365542174 ], [ -83.194019462, 42.365809174 ], [ -83.195108460999904, 42.365792174 ], [ -83.196193461999897, 42.365776174000104 ], [ -83.196182462, 42.365484174000102 ], [ -83.196193461999897, 42.365398174 ], [ -83.197290462, 42.365373173000101 ], [ -83.197289462, 42.365570174 ], [ -83.1972954619999, 42.3657521740001 ], [ -83.198495463, 42.365731174000103 ], [ -83.198596462, 42.365729174000101 ], [ -83.199707463, 42.3657101740001 ], [ -83.199794463, 42.365709173 ], [ -83.200922464, 42.365691174000098 ], [ -83.201012463, 42.3656901740001 ], [ -83.202084462999906, 42.365671174000099 ], [ -83.203312464, 42.365649174000097 ], [ -83.204517465, 42.365627173 ], [ -83.204504465, 42.365269173000101 ], [ -83.205709465, 42.3652471730001 ], [ -83.206967464999906, 42.365225173000098 ], [ -83.208174465999903, 42.365205173 ], [ -83.209381466, 42.365186173 ], [ -83.210589466, 42.365166173 ], [ -83.211814467, 42.365146173 ], [ -83.213052466999898, 42.3651261730001 ], [ -83.214256467, 42.365103173000101 ], [ -83.214951468, 42.365089173000101 ], [ -83.215235467999904, 42.365131172000098 ], [ -83.215463467999896, 42.365164173 ], [ -83.215945468, 42.365234173 ], [ -83.215963468, 42.365237173 ], [ -83.216146468, 42.365256173 ], [ -83.216387467999894, 42.365268173000104 ], [ -83.216572468, 42.365267173000099 ], [ -83.216623468999899, 42.368886173000099 ], [ -83.216773469, 42.372263174000103 ], [ -83.216589469, 42.372265174000098 ], [ -83.216662469, 42.374108174000099 ], [ -83.216668469, 42.374254174 ], [ -83.216682469, 42.374382174000097 ], [ -83.216694468999904, 42.374784174000098 ], [ -83.216767469, 42.376440174 ], [ -83.216831468999899, 42.377455175000101 ], [ -83.216870469999904, 42.378081175 ], [ -83.216877468999897, 42.378253175 ], [ -83.216887469, 42.378417175 ], [ -83.216896469999895, 42.378493175000102 ], [ -83.216916469999902, 42.378647175 ], [ -83.216929469, 42.378758175 ], [ -83.216935468999907, 42.378811175000102 ], [ -83.216955469, 42.378959175 ], [ -83.21696747, 42.379055175000097 ], [ -83.21701747, 42.379464175000102 ], [ -83.21704347, 42.379708175000097 ], [ -83.216908469, 42.379709175000102 ], [ -83.21698847, 42.380368176 ], [ -83.216995469, 42.380577176 ], [ -83.216983469999903, 42.3808311760001 ], [ -83.21692247, 42.381295175 ], [ -83.21688147, 42.381555176000099 ], [ -83.216933469, 42.382062176 ], [ -83.21695647, 42.382180176000098 ], [ -83.216615469, 42.382853176 ], [ -83.21656647, 42.384417176000099 ], [ -83.21674747, 42.385679177 ], [ -83.21682347, 42.386732177 ], [ -83.216906471, 42.3891151770001 ], [ -83.216991471, 42.391510177 ], [ -83.217107471, 42.393923178000101 ], [ -83.217146471, 42.395586178 ], [ -83.217198472, 42.397775178000103 ], [ -83.217898470999899, 42.397760179 ], [ -83.217933471, 42.398937179 ], [ -83.217973472, 42.399315179 ], [ -83.217972472, 42.399841179000099 ], [ -83.217994470999898, 42.400588179000103 ], [ -83.217991471999895, 42.400718179000101 ], [ -83.217903472, 42.401026179 ], [ -83.217902471999906, 42.401137179 ], [ -83.217895472, 42.401673179000099 ], [ -83.217913472, 42.402087179 ], [ -83.217936471999906, 42.402729179000097 ], [ -83.217952473, 42.402945179 ], [ -83.217315471999896, 42.40295318 ], [ -83.217365472, 42.40476518 ], [ -83.217386472, 42.405512180000102 ], [ -83.217434472, 42.406570180000102 ], [ -83.217456472, 42.407047180000099 ], [ -83.217497471999906, 42.40791118 ], [ -83.217726473, 42.407907180000102 ], [ -83.217750473, 42.40836318 ], [ -83.217454473, 42.40836818 ], [ -83.216553472, 42.40838518 ], [ -83.216394472, 42.40838818 ], [ -83.215301471, 42.40840918 ], [ -83.214558471, 42.40842718 ], [ -83.214206472, 42.408435181000101 ], [ -83.213013471, 42.40845418 ], [ -83.211793471, 42.408480181000101 ], [ -83.210703471, 42.40850318 ], [ -83.20972947, 42.408523181000099 ], [ -83.20875447, 42.408550181000102 ], [ -83.207669468999896, 42.408588181 ], [ -83.207689468999902, 42.408966181 ], [ -83.206695469, 42.409000181000103 ], [ -83.206606469, 42.409000181000103 ], [ -83.206110469, 42.408999181000098 ], [ -83.205610469, 42.409010181 ], [ -83.205524469, 42.4090181810001 ], [ -83.205289469, 42.409039181 ], [ -83.205290469, 42.409089181000098 ], [ -83.204445468999893, 42.409109181000098 ], [ -83.204463468, 42.409544181000101 ], [ -83.203260469, 42.409569181 ], [ -83.203230468, 42.408877181 ], [ -83.203222468, 42.408670181 ], [ -83.203106468, 42.408808181 ], [ -83.202915468, 42.408808181 ], [ -83.2029214679999, 42.409097181 ], [ -83.202160468, 42.409102181 ], [ -83.202148467, 42.408812181 ], [ -83.201945468, 42.408816181000098 ], [ -83.201839467999903, 42.408696181 ], [ -83.200457467, 42.408727181000103 ], [ -83.200494468, 42.409627181000097 ], [ -83.200253467, 42.409630181000097 ], [ -83.199059467, 42.409660181 ], [ -83.199021467, 42.408761181 ], [ -83.197825466, 42.408795182000098 ], [ -83.196567466, 42.408834181 ], [ -83.195310465, 42.408872182 ], [ -83.194188465, 42.408905181000101 ], [ -83.194203465, 42.4093221810001 ], [ -83.192972465, 42.4093741820001 ], [ -83.192834465, 42.409380181000103 ], [ -83.191736465, 42.409416182 ], [ -83.191598465, 42.409420182000098 ], [ -83.190424464, 42.409457182 ], [ -83.189778464, 42.409478182 ], [ -83.189773464, 42.409373182 ], [ -83.189251463999895, 42.409388182 ], [ -83.189106464, 42.409433182 ], [ -83.188113463, 42.409461182 ], [ -83.187963464, 42.409465182000098 ], [ -83.186950463, 42.409496182 ], [ -83.185866462, 42.409529182 ], [ -83.184948462, 42.4095571820001 ], [ -83.184865462999895, 42.409551182 ], [ -83.184850462, 42.409203182000098 ], [ -83.183752463, 42.409238182000102 ], [ -83.182628462, 42.409272182000102 ], [ -83.181575462, 42.409304182 ], [ -83.180521461, 42.409337183 ], [ -83.179470460999894, 42.409369183000102 ], [ -83.17838746, 42.409389183 ], [ -83.17730546, 42.409407182 ], [ -83.17622546, 42.409426182000097 ], [ -83.17514446, 42.409444183000097 ], [ -83.174088459, 42.4094601830001 ], [ -83.172906459, 42.409482183000101 ], [ -83.171869457999904, 42.409506183000097 ], [ -83.170827457999906, 42.409524183 ], [ -83.169772458, 42.409543183 ] ] ] } },
{ "type": "Feature", "properties": { "OBJECTID": 35, "zipcode": "48228", "total_renters": 9603.0, "renters_30_35pct": 533.0, "renters_35_40pct": 503.0, "renters_40_50pct": 778.0, "renters_50plus_pct": 3657.0, "total_owners": 9978.0, "owners_mtg_30_35pct": 146.0, "owners_mtg_35_40pct": 149.0, "owners_mtg_40_50pct": 175.0, "owners_mtg_50plus_pct": 629.0, "owners_nomtg_30_35pct": 266.0, "owners_nomtg_35_40pct": 160.0, "owners_nomtg_40_50pct": 478.0, "owners_nomtg_50plus_pct": 928.0, "median_household_income": "499575", "median_home_value": "841600", "renters_burden_30plus": 5471.0, "pct_renters_30plus": 57.0, "owners_burden_30plus": 2931.0, "pct_owners_30plus": 29.4, "total_households": 19581.0, "burden_30plus_all": 8402.0, "pct_burden_30plus_all": 42.9, "renters_burden_50plus": 3657.0, "owners_burden_50plus": 1557.0, "burden_50plus_all": 5214.0, "pct_burden_50plus_all": 26.6, "price_income_ratio": "1.6846319371465746", "housing_shortage": false, "renter_accessibility_crisis": true, "housing_category": "Accessibility Only" }, "geometry": { "type": "Polygon", "coordinates": [ [ [ -83.216935468999907, 42.378811175000102 ], [ -83.216929469, 42.378758175 ], [ -83.216916469999902, 42.378647175 ], [ -83.216896469999895, 42.378493175000102 ], [ -83.216887469, 42.378417175 ], [ -83.216877468999897, 42.378253175 ], [ -83.216870469999904, 42.378081175 ], [ -83.216831468999899, 42.377455175000101 ], [ -83.216767469, 42.376440174 ], [ -83.216694468999904, 42.374784174000098 ], [ -83.216682469, 42.374382174000097 ], [ -83.216668469, 42.374254174 ], [ -83.216662469, 42.374108174000099 ], [ -83.216589469, 42.372265174000098 ], [ -83.216773469, 42.372263174000103 ], [ -83.216623468999899, 42.368886173000099 ], [ -83.216572468, 42.365267173000099 ], [ -83.216387467999894, 42.365268173000104 ], [ -83.216146468, 42.365256173 ], [ -83.215963468, 42.365237173 ], [ -83.215945468, 42.365234173 ], [ -83.215463467999896, 42.365164173 ], [ -83.215235467999904, 42.365131172000098 ], [ -83.214951468, 42.365089173000101 ], [ -83.214256467, 42.365103173000101 ], [ -83.213052466999898, 42.3651261730001 ], [ -83.211814467, 42.365146173 ], [ -83.210589466, 42.365166173 ], [ -83.209381466, 42.365186173 ], [ -83.208174465999903, 42.365205173 ], [ -83.206967464999906, 42.365225173000098 ], [ -83.205709465, 42.3652471730001 ], [ -83.204504465, 42.365269173000101 ], [ -83.204517465, 42.365627173 ], [ -83.203312464, 42.365649174000097 ], [ -83.202084462999906, 42.365671174000099 ], [ -83.201012463, 42.3656901740001 ], [ -83.200922464, 42.365691174000098 ], [ -83.199794463, 42.365709173 ], [ -83.199707463, 42.3657101740001 ], [ -83.198596462, 42.365729174000101 ], [ -83.198495463, 42.365731174000103 ], [ -83.1972954619999, 42.3657521740001 ], [ -83.197289462, 42.365570174 ], [ -83.197290462, 42.365373173000101 ], [ -83.196193461999897, 42.365398174 ], [ -83.196182462, 42.365484174000102 ], [ -83.196193461999897, 42.365776174000104 ], [ -83.195108460999904, 42.365792174 ], [ -83.194019462, 42.365809174 ], [ -83.194009460999894, 42.365542174 ], [ -83.194048461, 42.365443174000099 ], [ -83.192974460999906, 42.365467174000102 ], [ -83.191844461, 42.365492174 ], [ -83.19075946, 42.365516174 ], [ -83.18967746, 42.365539174 ], [ -83.189763459999895, 42.368025175000099 ], [ -83.188683459999893, 42.3680501750001 ], [ -83.18859946, 42.365567174 ], [ -83.187506459, 42.365590174 ], [ -83.186284459, 42.3656171740001 ], [ -83.185068458, 42.365643174000098 ], [ -83.183858458, 42.365666174000097 ], [ -83.182478457, 42.365696174 ], [ -83.180127457, 42.365747175000102 ], [ -83.178904457, 42.365774175000098 ], [ -83.178918456, 42.366137175000098 ], [ -83.177741457, 42.366160175000097 ], [ -83.176517456, 42.366183175000103 ], [ -83.175304455999907, 42.366207175000099 ], [ -83.175180456, 42.366209175000101 ], [ -83.174068454999897, 42.366234175 ], [ -83.172820455, 42.366262175 ], [ -83.171611455, 42.366289175000098 ], [ -83.170966455, 42.366303175 ], [ -83.170996455, 42.367083175000097 ], [ -83.170461454, 42.367095175 ], [ -83.170444454, 42.366799175 ], [ -83.170392454, 42.366804175 ], [ -83.170390454, 42.365955175000103 ], [ -83.169769454, 42.365968175 ], [ -83.169141453, 42.365982176 ], [ -83.167932452999906, 42.366006175 ], [ -83.167378453, 42.366017175 ], [ -83.167326453, 42.363830175 ], [ -83.167262453, 42.361024175000097 ], [ -83.167210452999896, 42.358749174 ], [ -83.167098452999895, 42.358637174000101 ], [ -83.167086452, 42.358363174 ], [ -83.167046453, 42.358309174 ], [ -83.166993452, 42.357088174000097 ], [ -83.167172452, 42.357082174 ], [ -83.167651453, 42.357066174000103 ], [ -83.167632453, 42.356653174 ], [ -83.167629452, 42.356577174 ], [ -83.167619451999897, 42.356356174 ], [ -83.167610452, 42.356171173 ], [ -83.167597452, 42.355886174 ], [ -83.167158452, 42.355903173000101 ], [ -83.166951452, 42.355911174 ], [ -83.166870452, 42.354034173000102 ], [ -83.166862452, 42.353928173 ], [ -83.166841452, 42.3536491730001 ], [ -83.166791452, 42.352370173000097 ], [ -83.166889451, 42.352369173000099 ], [ -83.167438451999899, 42.352359173 ], [ -83.1673974509999, 42.351507173000101 ], [ -83.168507452, 42.351483172 ], [ -83.169704453, 42.351453172 ], [ -83.170003451999904, 42.351449173 ], [ -83.171372452999904, 42.351419173000103 ], [ -83.172605453, 42.3513921730001 ], [ -83.173762454, 42.351367172 ], [ -83.174920453999903, 42.351342172 ], [ -83.176028454999894, 42.351318173 ], [ -83.177188455, 42.3512921720001 ], [ -83.178384455999904, 42.351266172000102 ], [ -83.179596455, 42.351240172000097 ], [ -83.181938456999902, 42.351189172 ], [ -83.182077456999906, 42.351187172 ], [ -83.184483456999899, 42.351136172000103 ], [ -83.185688458, 42.351111172000103 ], [ -83.186771458, 42.351093172 ], [ -83.186915458, 42.351087172000099 ], [ -83.188107458, 42.351061171 ], [ -83.189260458, 42.351040171000101 ], [ -83.190287459, 42.3510191720001 ], [ -83.191291459, 42.351000171000102 ], [ -83.19233546, 42.350980172 ], [ -83.19339646, 42.350960172 ], [ -83.19445646, 42.350939172 ], [ -83.195512461, 42.350920171 ], [ -83.196613461, 42.350898171 ], [ -83.196548460999907, 42.349603171000098 ], [ -83.196492460999906, 42.348429171000099 ], [ -83.196436461, 42.347284171000098 ], [ -83.19637746, 42.346057170000101 ], [ -83.19634646, 42.345464170000099 ], [ -83.19631946, 42.34488817 ], [ -83.19632846, 42.344627170000102 ], [ -83.196293459999893, 42.34389717 ], [ -83.196292459999896, 42.34367317 ], [ -83.196291459999898, 42.34349617 ], [ -83.19622746, 42.34195917 ], [ -83.196146459, 42.340059169 ], [ -83.196128459999898, 42.339690169 ], [ -83.196084685, 42.339570390000098 ], [ -83.196132669999898, 42.339434751000098 ], [ -83.196135236, 42.338365305 ], [ -83.196128412, 42.338200962 ], [ -83.196056133, 42.33644465 ], [ -83.19613946, 42.336443169000098 ], [ -83.197177459, 42.336435168 ], [ -83.19829046, 42.336421168000101 ], [ -83.19839746, 42.336416168 ], [ -83.1985364599999, 42.336408169 ], [ -83.19962946, 42.336397169000101 ], [ -83.20087046, 42.336376169000097 ], [ -83.202114461, 42.336361169 ], [ -83.203354460999904, 42.336337168000099 ], [ -83.204584462, 42.3363271690001 ], [ -83.205890462999903, 42.336325168 ], [ -83.207071462, 42.336314168 ], [ -83.208292463, 42.336296168 ], [ -83.209511464, 42.336276168 ], [ -83.210733464, 42.336252168 ], [ -83.211997464, 42.336220168000096 ], [ -83.212598463999896, 42.336202168000099 ], [ -83.212816464, 42.3361821680001 ], [ -83.213041464999904, 42.336135167000101 ], [ -83.213208464, 42.336071168 ], [ -83.213252463999893, 42.336054168 ], [ -83.21362937, 42.335813316 ], [ -83.213693591, 42.335849347000099 ], [ -83.213788122, 42.3358956860001 ], [ -83.213945644, 42.335961394 ], [ -83.214120148999896, 42.336020882000099 ], [ -83.214368097, 42.336079134 ], [ -83.21460854, 42.33611669 ], [ -83.2146921679999, 42.336124121000097 ], [ -83.214692465, 42.336124168 ], [ -83.214701968, 42.336124992000101 ], [ -83.214805299, 42.336134173000097 ], [ -83.214809202999902, 42.336134293 ], [ -83.214888465, 42.336141168 ], [ -83.215086465, 42.336147167 ], [ -83.215419465, 42.336143168 ], [ -83.215411465, 42.3347371670001 ], [ -83.215398465, 42.333592167000099 ], [ -83.215394465, 42.333355167 ], [ -83.215362464999899, 42.333069167000097 ], [ -83.215281465, 42.332221167 ], [ -83.215284464, 42.331932167 ], [ -83.215295464, 42.331707167 ], [ -83.215399465, 42.330340166 ], [ -83.215385464999898, 42.329777166 ], [ -83.215366464, 42.329113166000099 ], [ -83.215362464, 42.329026166 ], [ -83.215362136, 42.329018183000102 ], [ -83.2155084729999, 42.329015009 ], [ -83.215691256, 42.329011043 ], [ -83.215921255999902, 42.329006054 ], [ -83.220298533999895, 42.3289115910001 ], [ -83.22141415, 42.328886747000098 ], [ -83.22259723, 42.328861015 ], [ -83.223790339999894, 42.328835054000102 ], [ -83.224779026, 42.328813532 ], [ -83.225011664, 42.328805842000101 ], [ -83.225033467999907, 42.328823166000099 ], [ -83.225152803999904, 42.328818904000101 ], [ -83.225245626999893, 42.3289410450001 ], [ -83.225527219, 42.329369697000097 ], [ -83.226370900999896, 42.330578353000099 ], [ -83.227628258, 42.332377874 ], [ -83.227830272999896, 42.332599847 ], [ -83.227885541, 42.332579519 ], [ -83.227917469, 42.332615166 ], [ -83.228529468, 42.332390166 ], [ -83.228946469, 42.332237166 ], [ -83.230094468999894, 42.331806166 ], [ -83.230122469, 42.331796166000103 ], [ -83.23127247, 42.331338166000101 ], [ -83.232454469999894, 42.330878166000097 ], [ -83.234579848, 42.329887801 ], [ -83.234696996, 42.330882117 ], [ -83.234858061999901, 42.331991104 ], [ -83.234872383, 42.332266582 ], [ -83.234893152, 42.3327274110001 ], [ -83.234921016, 42.333043391 ], [ -83.234967223, 42.334270523 ], [ -83.235026059, 42.335834631000097 ], [ -83.235108991999894, 42.335829462 ], [ -83.235109472, 42.335842167000102 ], [ -83.235531470999902, 42.335815167000099 ], [ -83.236344472, 42.335794166 ], [ -83.237324472, 42.335750166 ], [ -83.237488861, 42.335746189000098 ], [ -83.237628198, 42.339449254 ], [ -83.237751428, 42.342650415 ], [ -83.237767312999907, 42.343086624000101 ], [ -83.237850131, 42.343085225 ], [ -83.237850471999906, 42.343094168 ], [ -83.239014472999898, 42.343074168 ], [ -83.240019473, 42.343055168 ], [ -83.240190473, 42.343052168 ], [ -83.241359474, 42.343030167 ], [ -83.242509474, 42.343013168 ], [ -83.2430804749999, 42.3429971670001 ], [ -83.243279474, 42.342989167 ], [ -83.243725475, 42.342957167000101 ], [ -83.244285475, 42.342905167 ], [ -83.244506475, 42.342888167000098 ], [ -83.248871476, 42.342405167 ], [ -83.252171477, 42.342042167 ], [ -83.252273477999907, 42.342670167000101 ], [ -83.252312477, 42.342868167000098 ], [ -83.252327477, 42.343206167000098 ], [ -83.252305476999894, 42.343386167000098 ], [ -83.252262477, 42.3435821670001 ], [ -83.252211477999893, 42.343741167000097 ], [ -83.252146476999897, 42.343898167000098 ], [ -83.252066477, 42.344050167 ], [ -83.251999477, 42.344161167 ], [ -83.251880477, 42.3443251670001 ], [ -83.251688477999906, 42.344559167000099 ], [ -83.250806477, 42.345553167 ], [ -83.250575477, 42.345829168000101 ], [ -83.250468476, 42.345989167 ], [ -83.250415477, 42.346089167000102 ], [ -83.250357477, 42.346225168 ], [ -83.250315477, 42.346365168 ], [ -83.250289477, 42.346500168 ], [ -83.250279476999907, 42.346605168000103 ], [ -83.250281477, 42.346746168 ], [ -83.250298476999902, 42.346887168000102 ], [ -83.250322476999898, 42.346991167000098 ], [ -83.250355476, 42.347094168000098 ], [ -83.250397477, 42.347196168 ], [ -83.2505244769999, 42.347429168000097 ], [ -83.250820477, 42.347835168000103 ], [ -83.251387477, 42.348586168000097 ], [ -83.251510477, 42.348722168 ], [ -83.251651478, 42.3488491680001 ], [ -83.251777477, 42.348941168000103 ], [ -83.251878478, 42.349005168000097 ], [ -83.251984477999898, 42.349064168 ], [ -83.252133477999905, 42.349135168 ], [ -83.252845478, 42.349404168 ], [ -83.253462478, 42.349631168 ], [ -83.249139476, 42.349967169000102 ], [ -83.247829477, 42.350118169 ], [ -83.247346476, 42.350118169 ], [ -83.247584477, 42.350716168000098 ], [ -83.247746476, 42.351020169 ], [ -83.248004476999895, 42.351314169 ], [ -83.248245477, 42.351513168000103 ], [ -83.248466477, 42.351656169000101 ], [ -83.248951476999906, 42.351889169 ], [ -83.250189478, 42.352440168 ], [ -83.250492477999899, 42.352593169 ], [ -83.250701477999897, 42.352724169 ], [ -83.250857477999901, 42.3528301690001 ], [ -83.250998478, 42.352948169000101 ], [ -83.251121478, 42.353077169000102 ], [ -83.251193477999905, 42.353167169000102 ], [ -83.251256478, 42.353261169000099 ], [ -83.251360476999906, 42.353405169 ], [ -83.251462478, 42.353590169 ], [ -83.251542478, 42.353782169000098 ], [ -83.251598477999906, 42.353977169000103 ], [ -83.251626477999906, 42.3541361690001 ], [ -83.251639478, 42.354336169000099 ], [ -83.251627478, 42.354537169 ], [ -83.251598477999906, 42.354705169 ], [ -83.251554477999903, 42.3548591690001 ], [ -83.251496478, 42.3550111690001 ], [ -83.251424478, 42.355159169000103 ], [ -83.251337478, 42.355302169 ], [ -83.251233478, 42.355447169000101 ], [ -83.250430477999899, 42.356486169 ], [ -83.250386477999896, 42.3565491700001 ], [ -83.250351478, 42.356613170000102 ], [ -83.250318477999897, 42.356702169000101 ], [ -83.250300478, 42.356817169000102 ], [ -83.2503174779999, 42.357317169000098 ], [ -83.250430477999899, 42.35916917 ], [ -83.250431477999896, 42.3593071700001 ], [ -83.250416478, 42.35945517 ], [ -83.250385477999899, 42.359602170000102 ], [ -83.250339478, 42.359747170000098 ], [ -83.250277478, 42.35988817 ], [ -83.250200478, 42.36002617 ], [ -83.250102478, 42.360165170000101 ], [ -83.250021478, 42.36026417 ], [ -83.249933477999903, 42.36035917 ], [ -83.249837477999904, 42.36045017 ], [ -83.249735477999906, 42.36053717 ], [ -83.249625478, 42.360620170000097 ], [ -83.248645478, 42.361246171000097 ], [ -83.248422478, 42.36139517 ], [ -83.248299478, 42.3614911700001 ], [ -83.248217478, 42.361565170000098 ], [ -83.248142478, 42.361643171 ], [ -83.248032477, 42.36178017 ], [ -83.247943477, 42.361926170000103 ], [ -83.247900477999906, 42.3620161710001 ], [ -83.247865477999895, 42.362108171 ], [ -83.247838477999906, 42.36220217 ], [ -83.247816477, 42.362314171 ], [ -83.247805477, 42.362444171 ], [ -83.247807478, 42.362541171 ], [ -83.247817477999902, 42.36263817 ], [ -83.247843477999893, 42.36276617 ], [ -83.247872477, 42.362861171000098 ], [ -83.247910477999895, 42.362954171000098 ], [ -83.247972477999895, 42.363075171 ], [ -83.248024477999905, 42.363157171000097 ], [ -83.248300478, 42.363525171 ], [ -83.248653477999895, 42.363948171000096 ], [ -83.248737477999896, 42.364061171000102 ], [ -83.248901477999894, 42.364279171000099 ], [ -83.248961478, 42.364378171 ], [ -83.249013477999895, 42.364478171 ], [ -83.249064478, 42.3645941710001 ], [ -83.249107478, 42.3647121710001 ], [ -83.249141477999899, 42.364832171 ], [ -83.249173479, 42.364992171 ], [ -83.249187478, 42.365114171000101 ], [ -83.249192477999898, 42.365236171 ], [ -83.249189478999895, 42.365358171 ], [ -83.249177478, 42.365480171000101 ], [ -83.249156478, 42.365601171 ], [ -83.249126477999894, 42.365721171000096 ], [ -83.249088478, 42.365839171000097 ], [ -83.249041478, 42.365959171 ], [ -83.249000478, 42.366118171 ], [ -83.248974478, 42.366257172000097 ], [ -83.248957478999898, 42.366396171000098 ], [ -83.248949478, 42.366535171000102 ], [ -83.248967477999898, 42.366723171 ], [ -83.249010477999903, 42.366909171 ], [ -83.249047478, 42.367019171 ], [ -83.249093478, 42.367128172 ], [ -83.249147479, 42.367234171 ], [ -83.249209478999902, 42.367337171 ], [ -83.249278478, 42.367438171000103 ], [ -83.249356479, 42.367536171 ], [ -83.249441478, 42.367630172000098 ], [ -83.249545478, 42.367732172 ], [ -83.249999478999896, 42.368123171 ], [ -83.250307479, 42.368394172000102 ], [ -83.250417479, 42.368480171000101 ], [ -83.250574479, 42.368588172 ], [ -83.250785478999902, 42.368711172000097 ], [ -83.250918478999907, 42.368778171 ], [ -83.25105648, 42.368839172 ], [ -83.251296479, 42.368928172 ], [ -83.251545479, 42.369001171 ], [ -83.251690479, 42.369034172 ], [ -83.25181448, 42.369057172000097 ], [ -83.25210248, 42.369096172000098 ], [ -83.25226148, 42.3691081710001 ], [ -83.252421479, 42.369114172 ], [ -83.252688479, 42.369109171 ], [ -83.25295348, 42.369085172 ], [ -83.25316248, 42.369054171000101 ], [ -83.25423548, 42.368829172000098 ], [ -83.25437748, 42.369362172000102 ], [ -83.25478148, 42.369798172000102 ], [ -83.254949481, 42.370032171 ], [ -83.255396479999902, 42.370496172000102 ], [ -83.255492481, 42.371701172 ], [ -83.255547481, 42.372066172000103 ], [ -83.25543248, 42.372401172 ], [ -83.2549244799999, 42.373025172 ], [ -83.254600481, 42.373323172 ], [ -83.25417248, 42.373579173000103 ], [ -83.253329479999906, 42.373829172 ], [ -83.25260248, 42.373941173 ], [ -83.25196948, 42.373972173 ], [ -83.25158148, 42.373953173000103 ], [ -83.25090248, 42.373816172 ], [ -83.25024548, 42.373692173000101 ], [ -83.248888479, 42.373457173000098 ], [ -83.248169478, 42.373757172000097 ], [ -83.247722478, 42.374117173000101 ], [ -83.247479478999907, 42.374785173000099 ], [ -83.247630477999905, 42.375303173000098 ], [ -83.247977479, 42.375881173 ], [ -83.248116479, 42.375965173000097 ], [ -83.248383479, 42.375891173000099 ], [ -83.249119478999901, 42.375436173 ], [ -83.249837479, 42.375181172000097 ], [ -83.250410479, 42.375112173 ], [ -83.250806478999905, 42.375183173 ], [ -83.25137548, 42.375191173000097 ], [ -83.25218648, 42.375247173 ], [ -83.253391479999905, 42.375598172 ], [ -83.2540634799999, 42.375936173000099 ], [ -83.255067481, 42.376717173 ], [ -83.255466481, 42.3771291730001 ], [ -83.256005482, 42.377549173 ], [ -83.256340480999896, 42.3778971730001 ], [ -83.256327482, 42.378134173 ], [ -83.256264481, 42.378313173 ], [ -83.256093482, 42.378516173 ], [ -83.255965481, 42.378748173000098 ], [ -83.255868480999894, 42.378860173000099 ], [ -83.255856482, 42.378924173 ], [ -83.246415478, 42.378989174 ], [ -83.241437478, 42.379034174 ], [ -83.240194477, 42.379046174 ], [ -83.239939477, 42.379041174000101 ], [ -83.238959477, 42.379048174 ], [ -83.238877477, 42.379045174000098 ], [ -83.238353476, 42.379007174 ], [ -83.238110476, 42.378976174000101 ], [ -83.237747476, 42.378919174 ], [ -83.237236476, 42.378841174000101 ], [ -83.236956476, 42.378784174 ], [ -83.236563476, 42.3787261740001 ], [ -83.236565475, 42.3787711740001 ], [ -83.236575474999896, 42.378933174 ], [ -83.236584476, 42.379071174000103 ], [ -83.236595475999906, 42.3792441740001 ], [ -83.236618476, 42.379667174000097 ], [ -83.236629475999905, 42.379859174 ], [ -83.236638475999897, 42.380039175 ], [ -83.236650476, 42.380264174 ], [ -83.236657475, 42.380470174 ], [ -83.236510476, 42.380374174 ], [ -83.235498475, 42.379716174000102 ], [ -83.234901475, 42.379368174 ], [ -83.234498475, 42.3791481740001 ], [ -83.234203475, 42.379008174 ], [ -83.233888475, 42.378847174 ], [ -83.233189474, 42.378566174000099 ], [ -83.232812474, 42.378448174 ], [ -83.232465475, 42.378362174000102 ], [ -83.232184474, 42.378298174000101 ], [ -83.231857474, 42.378231174000099 ], [ -83.231476474, 42.378179174 ], [ -83.231269474, 42.378157174000101 ], [ -83.230811473999907, 42.378120174000102 ], [ -83.230364473, 42.3780901740001 ], [ -83.229759472999902, 42.378060174 ], [ -83.229304473, 42.3780451740001 ], [ -83.228696473, 42.378032175 ], [ -83.228174473, 42.378027174000103 ], [ -83.227652473, 42.3780281740001 ], [ -83.227130473, 42.378036174 ], [ -83.226630472, 42.3780491750001 ], [ -83.226088472999905, 42.378071174000098 ], [ -83.225545473, 42.378098175 ], [ -83.224982472, 42.378134175000099 ], [ -83.224492472, 42.378171174 ], [ -83.224019472, 42.378213175 ], [ -83.223446472, 42.378272175000099 ], [ -83.222936471, 42.378333175000101 ], [ -83.222519470999899, 42.378389175 ], [ -83.221174471, 42.378553175 ], [ -83.219618469999901, 42.3787191750001 ], [ -83.21899347, 42.378761175000101 ], [ -83.21852447, 42.378785175000097 ], [ -83.21789747, 42.378806175000101 ], [ -83.217865469999893, 42.378806175000101 ], [ -83.217347469999893, 42.3788091750001 ], [ -83.21721347, 42.378811175000102 ], [ -83.217121469999896, 42.3788121750001 ], [ -83.21705847, 42.378813175000097 ], [ -83.216983469999903, 42.378811175000102 ], [ -83.216935468999907, 42.378811175000102 ] ] ] } },
{ "type": "Feature", "properties": { "OBJECTID": 39, "zipcode": "48234", "total_renters": 5709.0, "renters_30_35pct": 298.0, "renters_35_40pct": 362.0, "renters_40_50pct": 333.0, "renters_50plus_pct": 2044.0, "total_owners": 7089.0, "owners_mtg_30_35pct": 142.0, "owners_mtg_35_40pct": 120.0, "owners_mtg_40_50pct": 88.0, "owners_mtg_50plus_pct": 371.0, "owners_nomtg_30_35pct": 158.0, "owners_nomtg_35_40pct": 153.0, "owners_nomtg_40_50pct": 214.0, "owners_nomtg_50plus_pct": 558.0, "median_household_income": "417507", "median_home_value": "739600", "renters_burden_30plus": 3037.0, "pct_renters_30plus": 53.2, "owners_burden_30plus": 1804.0, "pct_owners_30plus": 25.4, "total_households": 12798.0, "burden_30plus_all": 4841.0, "pct_burden_30plus_all": 37.8, "renters_burden_50plus": 2044.0, "owners_burden_50plus": 929.0, "burden_50plus_all": 2973.0, "pct_burden_50plus_all": 23.2, "price_income_ratio": "1.7714673047398009", "housing_shortage": false, "renter_accessibility_crisis": true, "housing_category": "Accessibility Only" }, "geometry": { "type": "Polygon", "coordinates": [ [ [ -83.01324141, 42.419090193 ], [ -83.01351341, 42.4193471930001 ], [ -83.013589410999899, 42.419434193 ], [ -83.013636409999904, 42.419503192 ], [ -83.01368741, 42.419599193000103 ], [ -83.013721410999906, 42.419689192000099 ], [ -83.018035412, 42.419597193000101 ], [ -83.019457412999898, 42.419567192000102 ], [ -83.019348413, 42.419543192000098 ], [ -83.019232412, 42.419467192000099 ], [ -83.019157412, 42.4193991920001 ], [ -83.018700412, 42.418913192 ], [ -83.017899411999906, 42.418068192000099 ], [ -83.017591411999902, 42.417753192000099 ], [ -83.016758411999902, 42.4168971920001 ], [ -83.015610411, 42.415726192000101 ], [ -83.015014411, 42.415113191 ], [ -83.014472409999897, 42.414549191000098 ], [ -83.01387941, 42.413924191 ], [ -83.01326441, 42.413263191000098 ], [ -83.012962409999901, 42.412936192000103 ], [ -83.01266641, 42.412604192000103 ], [ -83.012077409, 42.411942191 ], [ -83.011903409, 42.411746191000098 ], [ -83.010651409, 42.410429191 ], [ -83.010425408999893, 42.410190191 ], [ -83.009546408999896, 42.409320191000099 ], [ -83.008501408, 42.408286191000101 ], [ -83.008450408, 42.408210191000101 ], [ -83.008429408, 42.408162191 ], [ -83.008420407999907, 42.408124191000098 ], [ -83.008415407999905, 42.408094191 ], [ -83.008428408, 42.4080361910001 ], [ -83.008459408, 42.407954191 ], [ -83.008517408, 42.407857191000097 ], [ -83.008563408, 42.40780319 ], [ -83.008616408, 42.407753191 ], [ -83.008718407999893, 42.407678191000102 ], [ -83.008836408, 42.407618191 ], [ -83.01503841, 42.405246190000099 ], [ -83.01515141, 42.40521919 ], [ -83.01520341, 42.40521419 ], [ -83.01721241, 42.405161190000101 ], [ -83.018379411, 42.405129189 ], [ -83.018291411, 42.402762189 ], [ -83.018282411, 42.402496189 ], [ -83.023060411999893, 42.402340189 ], [ -83.023004412, 42.400961189 ], [ -83.023472412, 42.400976189000097 ], [ -83.027831412999902, 42.400901188 ], [ -83.027911414, 42.400893188000097 ], [ -83.027957414, 42.4008821890001 ], [ -83.027999414, 42.4008651890001 ], [ -83.027993414, 42.400550188000103 ], [ -83.027982414, 42.400189188000098 ], [ -83.027960413, 42.399457188 ], [ -83.027937414, 42.3987221880001 ], [ -83.027903413, 42.397682188 ], [ -83.028258412999904, 42.397677188 ], [ -83.029245413999902, 42.397662188 ], [ -83.030227414, 42.397645188000098 ], [ -83.031213414, 42.397631188000098 ], [ -83.032200415, 42.397614188 ], [ -83.033227414, 42.397598188000103 ], [ -83.034301415, 42.397579188000101 ], [ -83.034369415, 42.3975781870001 ], [ -83.034712414999902, 42.397568187 ], [ -83.034856415, 42.397562188000101 ], [ -83.034966415, 42.3975571880001 ], [ -83.035172416, 42.404805189000101 ], [ -83.035477415999907, 42.404796189000102 ], [ -83.037368417, 42.404759189000103 ], [ -83.037651416999907, 42.404748189 ], [ -83.037742416999905, 42.404725189 ], [ -83.037816417, 42.404694189 ], [ -83.037891417, 42.404774189000101 ], [ -83.037884417, 42.404945188 ], [ -83.037870417, 42.405489189 ], [ -83.037804417, 42.405554189 ], [ -83.037594417, 42.405786189 ], [ -83.037054417, 42.406408189 ], [ -83.035738416999905, 42.407924189 ], [ -83.035350416, 42.408403190000101 ], [ -83.035153416999904, 42.408878190000102 ], [ -83.035013416, 42.40906719 ], [ -83.030025415, 42.415821191000099 ], [ -83.029113415, 42.417066191000103 ], [ -83.027689414999898, 42.418967191 ], [ -83.027306414999899, 42.419438191 ], [ -83.026022415, 42.421182192000103 ], [ -83.025668415, 42.421685193 ], [ -83.025445414, 42.421987192000103 ], [ -83.024939414999906, 42.422673192 ], [ -83.024570415, 42.423174193000101 ], [ -83.024288415, 42.423603192 ], [ -83.023873415, 42.423611193 ], [ -83.023890413999894, 42.424064193 ], [ -83.023902414, 42.424407193 ], [ -83.023931413999904, 42.425176193 ], [ -83.023959415, 42.425945193000103 ], [ -83.023972414, 42.426316193 ], [ -83.024920414999897, 42.426318193 ], [ -83.027417415999906, 42.426267193000101 ], [ -83.027412415999905, 42.426178193 ], [ -83.027904415999899, 42.426159193 ], [ -83.028138416, 42.426156193 ], [ -83.028833415999898, 42.426148193000103 ], [ -83.028962416999903, 42.4262391930001 ], [ -83.030254417, 42.426187193 ], [ -83.031874417, 42.426166193 ], [ -83.033722418, 42.426124193000099 ], [ -83.033723417, 42.426214193000099 ], [ -83.033702418, 42.426288193000097 ], [ -83.033678417, 42.426330193000098 ], [ -83.033533416999902, 42.426535193000099 ], [ -83.0360064179999, 42.426476193 ], [ -83.037278418, 42.426447193000101 ], [ -83.038643419, 42.426411192 ], [ -83.040014419, 42.4263811920001 ], [ -83.04134642, 42.426350192 ], [ -83.04242542, 42.426324192 ], [ -83.0430634209999, 42.4263081920001 ], [ -83.04348642, 42.426297192 ], [ -83.043442421, 42.425433192000099 ], [ -83.043438421, 42.425347192 ], [ -83.043407421, 42.424733192000097 ], [ -83.045134421, 42.424685192 ], [ -83.045676420999897, 42.424648192 ], [ -83.046089421, 42.424614192 ], [ -83.046516422, 42.424572192 ], [ -83.046630421, 42.424547191 ], [ -83.046723421, 42.424501192 ], [ -83.046800420999901, 42.424452192 ], [ -83.046867420999902, 42.424398191000101 ], [ -83.046969421, 42.424289192 ], [ -83.047009421, 42.424227192 ], [ -83.047060422, 42.424181192 ], [ -83.047130422, 42.424163192 ], [ -83.048321422, 42.424162192 ], [ -83.051007423, 42.424090192 ], [ -83.051780423, 42.424066192000097 ], [ -83.053203423, 42.424022192000102 ], [ -83.054107423999895, 42.424016191000099 ], [ -83.055341423999906, 42.424010191 ], [ -83.057800425, 42.423932191000098 ], [ -83.058061425, 42.4239371910001 ], [ -83.058171425, 42.423961191 ], [ -83.058243425, 42.423998191000102 ], [ -83.058609425, 42.424250191 ], [ -83.058662425, 42.424291191000101 ], [ -83.058727425, 42.424319191000102 ], [ -83.058844425, 42.424329191 ], [ -83.061369425999899, 42.424301191 ], [ -83.061551425999895, 42.424309191000098 ], [ -83.061674426, 42.424332191000097 ], [ -83.061792426, 42.424385191 ], [ -83.061917426, 42.424481191 ], [ -83.062048426, 42.424573191 ], [ -83.062176426, 42.424623191000101 ], [ -83.062295427, 42.424645191 ], [ -83.062674427, 42.424654191000101 ], [ -83.062702426, 42.425780191000101 ], [ -83.062710427, 42.425909191000102 ], [ -83.063721426999905, 42.425893191 ], [ -83.063886425999897, 42.4258901910001 ], [ -83.064720426999898, 42.425882191 ], [ -83.065082426999894, 42.425876191 ], [ -83.065709426999902, 42.425867191000101 ], [ -83.066316427999894, 42.425859191 ], [ -83.066703426999894, 42.425854191 ], [ -83.066686428, 42.425104191000102 ], [ -83.067669428, 42.425088191 ], [ -83.067722428, 42.425080191000099 ], [ -83.067997428, 42.424975191 ], [ -83.068618428, 42.4258421910001 ], [ -83.069099428, 42.425840191000098 ], [ -83.070082429, 42.425829191 ], [ -83.070647429, 42.4258171910001 ], [ -83.070818429, 42.4258171910001 ], [ -83.071062429, 42.425816191000102 ], [ -83.071660429, 42.425807191 ], [ -83.072045429999903, 42.425803191000099 ], [ -83.072807429, 42.425794191000101 ], [ -83.07371743, 42.425783191 ], [ -83.07442943, 42.4257761900001 ], [ -83.07472243, 42.4257721910001 ], [ -83.0754874309999, 42.425760191 ], [ -83.075744431, 42.425756191000097 ], [ -83.07646943, 42.425745191 ], [ -83.07690543, 42.425739190000101 ], [ -83.077439431, 42.425732190000097 ], [ -83.077982430999896, 42.42572719 ], [ -83.078449431, 42.425723191 ], [ -83.079083431999905, 42.42571819 ], [ -83.079514431999897, 42.425716190000102 ], [ -83.080004431, 42.425711191000097 ], [ -83.080150432, 42.425691190000101 ], [ -83.080546431999906, 42.42563319 ], [ -83.081511432, 42.42549519 ], [ -83.082548432, 42.425348190000101 ], [ -83.083219433, 42.42525219 ], [ -83.083338432999895, 42.428267191 ], [ -83.083384432999907, 42.430473191 ], [ -83.083496432999894, 42.432896192 ], [ -83.083449434, 42.435359192000099 ], [ -83.083561434, 42.437716192 ], [ -83.083675434, 42.440089193 ], [ -83.083790434, 42.442494193000101 ], [ -83.083906434, 42.444934193 ], [ -83.083313435, 42.444945193000102 ], [ -83.083355435, 42.445795194 ], [ -83.083320435, 42.445945194 ], [ -83.083294435, 42.446026194000098 ], [ -83.083157434, 42.446127194 ], [ -83.083270434, 42.446341194000098 ], [ -83.083343434999904, 42.446664194 ], [ -83.083362434, 42.446811194000098 ], [ -83.083390435, 42.447028194 ], [ -83.083392477, 42.447066994000103 ], [ -83.083307335, 42.447020515000098 ], [ -83.083136439, 42.447150288000103 ], [ -83.081291434, 42.447073194 ], [ -83.081041434, 42.447063194000101 ], [ -83.080167433, 42.447074194 ], [ -83.079802432999898, 42.447078194 ], [ -83.079634433, 42.447080194000101 ], [ -83.079093433999901, 42.4470861940001 ], [ -83.078737433, 42.447090194000097 ], [ -83.078001432999898, 42.447099194 ], [ -83.077865433, 42.447101194 ], [ -83.077758433, 42.447102194000102 ], [ -83.076914432, 42.447112194000098 ], [ -83.076644433, 42.447115194000098 ], [ -83.075417431999895, 42.447127194000103 ], [ -83.075077433, 42.4471311940001 ], [ -83.074186432, 42.447141194 ], [ -83.074080431999903, 42.447143194 ], [ -83.073613431999902, 42.447150194000102 ], [ -83.073529430999898, 42.447151194000099 ], [ -83.073163431999902, 42.447156194000101 ], [ -83.073027431, 42.447158194 ], [ -83.072844432, 42.447160194000098 ], [ -83.072500432, 42.447164195 ], [ -83.072340431, 42.447166194 ], [ -83.072041430999903, 42.447170194000101 ], [ -83.071874431, 42.4471721950001 ], [ -83.071473431, 42.447177195 ], [ -83.071435430999898, 42.447178194000102 ], [ -83.071050430999904, 42.447183194 ], [ -83.070829430999893, 42.447186194 ], [ -83.070586431, 42.447189195000099 ], [ -83.070366431, 42.447191194 ], [ -83.070038431, 42.447195195 ], [ -83.069946430999906, 42.447196194000099 ], [ -83.069474430999904, 42.447201194000101 ], [ -83.069285431, 42.447203194 ], [ -83.069029431, 42.447205195 ], [ -83.06880143, 42.447208194 ], [ -83.068357431, 42.4472141950001 ], [ -83.06820143, 42.447216194000099 ], [ -83.06799643, 42.447219195000102 ], [ -83.067501428999904, 42.447225195 ], [ -83.06712943, 42.447230195 ], [ -83.06694543, 42.447232195 ], [ -83.06660743, 42.447235195000097 ], [ -83.066416429999904, 42.447237195000099 ], [ -83.066066429, 42.4472411940001 ], [ -83.06593043, 42.447242195000101 ], [ -83.065726428999895, 42.447244195000103 ], [ -83.065630429, 42.447245195 ], [ -83.065122429, 42.447252195 ], [ -83.064995429, 42.447254195 ], [ -83.064940429, 42.447255195 ], [ -83.063881428999906, 42.447266195000097 ], [ -83.062843428, 42.447296195 ], [ -83.062790428999904, 42.447297195 ], [ -83.062661428, 42.447301195000101 ], [ -83.062214427999905, 42.447313195 ], [ -83.062053428, 42.447317195 ], [ -83.061682428, 42.447326195000102 ], [ -83.061500428, 42.447331195000103 ], [ -83.061306428, 42.447336195 ], [ -83.060940428, 42.447346195000101 ], [ -83.060394427999896, 42.447360195 ], [ -83.059866428, 42.447374195000101 ], [ -83.059404427999894, 42.447387195 ], [ -83.059316426999899, 42.447389195 ], [ -83.059172427, 42.447392195000099 ], [ -83.058657427, 42.447404195 ], [ -83.058435426999907, 42.447409195 ], [ -83.058357427, 42.447411195 ], [ -83.057459427, 42.447433195 ], [ -83.057337426999894, 42.447436195000101 ], [ -83.056228426, 42.447463195000097 ], [ -83.055930426, 42.447470195 ], [ -83.054646426, 42.447501195 ], [ -83.054061426, 42.447515195000101 ], [ -83.053898426, 42.447519195 ], [ -83.053751426, 42.447522195 ], [ -83.053499426, 42.447529195000101 ], [ -83.053478426, 42.447529195000101 ], [ -83.052988426, 42.447541196 ], [ -83.052536426, 42.4475521950001 ], [ -83.052421425, 42.447555195000099 ], [ -83.052267425, 42.447559196 ], [ -83.051876425, 42.447569196000103 ], [ -83.051500425, 42.447579196 ], [ -83.051283425, 42.447584196 ], [ -83.051065425, 42.447589196000102 ], [ -83.050732424, 42.447597196 ], [ -83.050402425, 42.447604195 ], [ -83.049835424, 42.447616196000098 ], [ -83.049730425, 42.4476181960001 ], [ -83.049477424, 42.447625196000097 ], [ -83.048697424, 42.447648196 ], [ -83.048673424, 42.447649196 ], [ -83.047620423999902, 42.447671196 ], [ -83.047574424, 42.447672196 ], [ -83.046995424, 42.447686196000099 ], [ -83.046558423, 42.447697196 ], [ -83.046476422999902, 42.447699196 ], [ -83.0461844229999, 42.447709196000098 ], [ -83.046085423, 42.447712196000097 ], [ -83.045489422999907, 42.447732196000103 ], [ -83.045402423, 42.447735196 ], [ -83.044286423, 42.447773196000099 ], [ -83.044123423, 42.447776196000099 ], [ -83.043963423, 42.447780196000103 ], [ -83.043950423, 42.447780196000103 ], [ -83.043430423, 42.447793196000099 ], [ -83.042899421999905, 42.447806196 ], [ -83.042276422, 42.447822196000097 ], [ -83.042197422, 42.447824196 ], [ -83.041944423, 42.447830196 ], [ -83.040192421, 42.447869196 ], [ -83.039421421, 42.447882196000101 ], [ -83.039368421999896, 42.447883196000099 ], [ -83.037440421, 42.447927196000101 ], [ -83.037048421, 42.4479361960001 ], [ -83.03662542, 42.447937197 ], [ -83.034717419, 42.447943196 ], [ -83.03452342, 42.447944196 ], [ -83.033308419, 42.447965196 ], [ -83.03283842, 42.447977197 ], [ -83.032743419, 42.447980196000103 ], [ -83.032670418999899, 42.447982197 ], [ -83.032100419, 42.447996196000098 ], [ -83.030831419, 42.448024197 ], [ -83.030622418999897, 42.448029197 ], [ -83.029635417999899, 42.448053197 ], [ -83.029562417999898, 42.448055197 ], [ -83.028410418, 42.448083197000102 ], [ -83.0283964179999, 42.448083197000102 ], [ -83.027689418, 42.448100197 ], [ -83.027587417, 42.448103197000101 ], [ -83.027546416999897, 42.448104197000099 ], [ -83.027188416999905, 42.448111197000102 ], [ -83.026779418, 42.448121197 ], [ -83.025965417999899, 42.448139197000103 ], [ -83.024749417, 42.448167197 ], [ -83.023617416, 42.448196197000101 ], [ -83.023603416, 42.448196197000101 ], [ -83.022816415999898, 42.448218197000102 ], [ -83.022559417, 42.448225197000099 ], [ -83.022358416, 42.448230197 ], [ -83.022098416, 42.448237197 ], [ -83.021942415999902, 42.448241197000101 ], [ -83.021503415, 42.448254197 ], [ -83.021482416, 42.448255197 ], [ -83.020647415, 42.448279197 ], [ -83.019846415, 42.448304197 ], [ -83.019723415, 42.448308198000099 ], [ -83.019413415, 42.448317197000101 ], [ -83.017585413999896, 42.448372197 ], [ -83.017428415, 42.448377197000099 ], [ -83.016870415, 42.448394198000102 ], [ -83.016243414, 42.448410198 ], [ -83.016080415, 42.448414197 ], [ -83.015692413999901, 42.448424198000097 ], [ -83.015322414, 42.448434197 ], [ -83.014912414, 42.4484441970001 ], [ -83.014629413, 42.448451198 ], [ -83.014378413, 42.448458197 ], [ -83.014177414, 42.448463197000102 ], [ -83.013119413, 42.448489198000097 ], [ -83.012918413, 42.448494198 ], [ -83.012493412999902, 42.448504197 ], [ -83.012449413, 42.448505198000099 ], [ -83.012103413, 42.4485131980001 ], [ -83.011015412999896, 42.448540198 ], [ -83.010802412, 42.448545197 ], [ -83.010736412, 42.448548198 ], [ -83.010298413, 42.448565198 ], [ -83.010084412, 42.448574198000102 ], [ -83.009304411999906, 42.448615198 ], [ -83.007614412, 42.448714198000097 ], [ -83.007376410999896, 42.448727198 ], [ -83.007278411, 42.448733198000099 ], [ -83.007199412, 42.448737198000103 ], [ -83.006949412, 42.448750198 ], [ -83.006276411, 42.448784198 ], [ -83.006077412, 42.448792198 ], [ -83.005889410999899, 42.4488001980001 ], [ -83.005538411, 42.448814198 ], [ -83.006720410999904, 42.447196198 ], [ -83.010850412, 42.441691197000097 ], [ -83.010796412, 42.441684197 ], [ -83.010765412, 42.441680197 ], [ -83.010654412, 42.441666196 ], [ -83.0091534109999, 42.441565196 ], [ -83.008085411, 42.441592197 ], [ -83.007049411, 42.441620197000098 ], [ -83.006014411, 42.441647197000101 ], [ -83.00544741, 42.441661197 ], [ -83.005397409999901, 42.440194197 ], [ -83.00540141, 42.440089197000098 ], [ -83.00534841, 42.438670196 ], [ -83.00526641, 42.436461196 ], [ -83.005191409, 42.434422195 ], [ -83.004696409, 42.434434196 ], [ -83.004674409, 42.434050195 ], [ -83.005197408999905, 42.4340431950001 ], [ -83.005126408999899, 42.432633195000101 ], [ -83.005133408999896, 42.430830195 ], [ -83.004963409, 42.429015195 ], [ -83.004999408999893, 42.428690195000101 ], [ -83.004907408999898, 42.427221194 ], [ -83.004793408, 42.425401194000102 ], [ -83.004828408, 42.424164193000102 ], [ -83.004816408999901, 42.423824193 ], [ -83.004759409, 42.422181193 ], [ -83.004653408, 42.419945193 ], [ -83.005207408, 42.419946193 ], [ -83.0062394079999, 42.419916193000098 ], [ -83.006211408999903, 42.419537193 ], [ -83.007979409, 42.419250193 ], [ -83.008389409, 42.419626192000102 ], [ -83.008883409, 42.419446192000102 ], [ -83.00897141, 42.419443193000099 ], [ -83.01037441, 42.419391193000102 ], [ -83.01185241, 42.419337193 ], [ -83.01279941, 42.419302192 ], [ -83.01324141, 42.419090193 ] ] ] } },
{ "type": "Feature", "properties": { "OBJECTID": 40, "zipcode": "48235", "total_renters": 7939.0, "renters_30_35pct": 628.0, "renters_35_40pct": 395.0, "renters_40_50pct": 645.0, "renters_50plus_pct": 2666.0, "total_owners": 10395.0, "owners_mtg_30_35pct": 250.0, "owners_mtg_35_40pct": 94.0, "owners_mtg_40_50pct": 352.0, "owners_mtg_50plus_pct": 695.0, "owners_nomtg_30_35pct": 132.0, "owners_nomtg_35_40pct": 231.0, "owners_nomtg_40_50pct": 171.0, "owners_nomtg_50plus_pct": 626.0, "median_household_income": "539246", "median_home_value": "1086800", "renters_burden_30plus": 4334.0, "pct_renters_30plus": 54.6, "owners_burden_30plus": 2551.0, "pct_owners_30plus": 24.5, "total_households": 18334.0, "burden_30plus_all": 6885.0, "pct_burden_30plus_all": 37.6, "renters_burden_50plus": 2666.0, "owners_burden_50plus": 1321.0, "burden_50plus_all": 3987.0, "pct_burden_50plus_all": 21.7, "price_income_ratio": "2.0154066974998424", "housing_shortage": false, "renter_accessibility_crisis": true, "housing_category": "Accessibility Only" }, "geometry": { "type": "Polygon", "coordinates": [ [ [ -83.169772458, 42.409543183 ], [ -83.170827457999906, 42.409524183 ], [ -83.171869457999904, 42.409506183000097 ], [ -83.172906459, 42.409482183000101 ], [ -83.174088459, 42.4094601830001 ], [ -83.17514446, 42.409444183000097 ], [ -83.17622546, 42.409426182000097 ], [ -83.17730546, 42.409407182 ], [ -83.17838746, 42.409389183 ], [ -83.179470460999894, 42.409369183000102 ], [ -83.180521461, 42.409337183 ], [ -83.181575462, 42.409304182 ], [ -83.182628462, 42.409272182000102 ], [ -83.183752463, 42.409238182000102 ], [ -83.184850462, 42.409203182000098 ], [ -83.184865462999895, 42.409551182 ], [ -83.184948462, 42.4095571820001 ], [ -83.185866462, 42.409529182 ], [ -83.186950463, 42.409496182 ], [ -83.187963464, 42.409465182000098 ], [ -83.188113463, 42.409461182 ], [ -83.189106464, 42.409433182 ], [ -83.189251463999895, 42.409388182 ], [ -83.189773464, 42.409373182 ], [ -83.189778464, 42.409478182 ], [ -83.190424464, 42.409457182 ], [ -83.191598465, 42.409420182000098 ], [ -83.191736465, 42.409416182 ], [ -83.192834465, 42.409380181000103 ], [ -83.192972465, 42.4093741820001 ], [ -83.194203465, 42.4093221810001 ], [ -83.194188465, 42.408905181000101 ], [ -83.195310465, 42.408872182 ], [ -83.196567466, 42.408834181 ], [ -83.197825466, 42.408795182000098 ], [ -83.199021467, 42.408761181 ], [ -83.199059467, 42.409660181 ], [ -83.200253467, 42.409630181000097 ], [ -83.200494468, 42.409627181000097 ], [ -83.200457467, 42.408727181000103 ], [ -83.201839467999903, 42.408696181 ], [ -83.201945468, 42.408816181000098 ], [ -83.202148467, 42.408812181 ], [ -83.202160468, 42.409102181 ], [ -83.2029214679999, 42.409097181 ], [ -83.202915468, 42.408808181 ], [ -83.203106468, 42.408808181 ], [ -83.203222468, 42.408670181 ], [ -83.203230468, 42.408877181 ], [ -83.203260469, 42.409569181 ], [ -83.204463468, 42.409544181000101 ], [ -83.204445468999893, 42.409109181000098 ], [ -83.205290469, 42.409089181000098 ], [ -83.205289469, 42.409039181 ], [ -83.205524469, 42.4090181810001 ], [ -83.205610469, 42.409010181 ], [ -83.206110469, 42.408999181000098 ], [ -83.206606469, 42.409000181000103 ], [ -83.206695469, 42.409000181000103 ], [ -83.207689468999902, 42.408966181 ], [ -83.207669468999896, 42.408588181 ], [ -83.20875447, 42.408550181000102 ], [ -83.20972947, 42.408523181000099 ], [ -83.210703471, 42.40850318 ], [ -83.211793471, 42.408480181000101 ], [ -83.213013471, 42.40845418 ], [ -83.214206472, 42.408435181000101 ], [ -83.214558471, 42.40842718 ], [ -83.215301471, 42.40840918 ], [ -83.216394472, 42.40838818 ], [ -83.216553472, 42.40838518 ], [ -83.217454473, 42.40836818 ], [ -83.217750473, 42.40836318 ], [ -83.217899473, 42.40836118 ], [ -83.218231472999904, 42.408350180000099 ], [ -83.218536473, 42.40834018 ], [ -83.218641472999906, 42.410130180000102 ], [ -83.218686472999906, 42.410883181 ], [ -83.218710473, 42.411760181 ], [ -83.218710473, 42.411922181000101 ], [ -83.218731474, 42.413539181 ], [ -83.218730474, 42.413766181 ], [ -83.218716473999905, 42.415561182 ], [ -83.218721473999906, 42.416112182000099 ], [ -83.218754474, 42.417441182 ], [ -83.218824473, 42.419081182000099 ], [ -83.218831474, 42.419275182 ], [ -83.218962474, 42.422793183000103 ], [ -83.219029474, 42.424937183000097 ], [ -83.219075474, 42.426389183 ], [ -83.219125474999899, 42.427369184 ], [ -83.219142474, 42.427709184 ], [ -83.219144475, 42.427743183000103 ], [ -83.219150474999907, 42.427858183000097 ], [ -83.219158475, 42.428325184000101 ], [ -83.2192374749999, 42.430028184 ], [ -83.219315476, 42.4320601840001 ], [ -83.219336475, 42.432612185 ], [ -83.219373474999898, 42.433640185000101 ], [ -83.219544476, 42.437245185 ], [ -83.219733476, 42.437242185000102 ], [ -83.219914476, 42.437239185000102 ], [ -83.220440476, 42.437234185000101 ], [ -83.220547476, 42.438961186 ], [ -83.220608475999896, 42.440770186000101 ], [ -83.220670476, 42.442592186000098 ], [ -83.220626476999897, 42.4426561860001 ], [ -83.220661477, 42.443647186000099 ], [ -83.220139477, 42.443647186000099 ], [ -83.220147476, 42.443977186 ], [ -83.220154476999895, 42.444174187 ], [ -83.219807476999904, 42.444181186 ], [ -83.219630476, 42.444184186 ], [ -83.21963526, 42.444349708000097 ], [ -83.219554338, 42.444350995 ], [ -83.219206382, 42.444359447000103 ], [ -83.216663315999895, 42.44441434 ], [ -83.213708443, 42.444492854 ], [ -83.211299424999893, 42.444541226000098 ], [ -83.210765592, 42.444554989 ], [ -83.210680205, 42.444556012000099 ], [ -83.207733214, 42.444639044 ], [ -83.205817704, 42.444691017 ], [ -83.20482049, 42.444717352000097 ], [ -83.203930656999901, 42.444737788000097 ], [ -83.203553536999905, 42.444747318000097 ], [ -83.203302406, 42.444752674 ], [ -83.202982918, 42.444759358000098 ], [ -83.202572152999906, 42.444769412 ], [ -83.201593691, 42.444789664 ], [ -83.200884867, 42.444810041 ], [ -83.200444914999906, 42.444839725000101 ], [ -83.199849684999904, 42.444889584000101 ], [ -83.198213685, 42.44498135 ], [ -83.196559099999902, 42.445046062000102 ], [ -83.193133989, 42.445096642000102 ], [ -83.190719595, 42.445147364 ], [ -83.185793315999902, 42.445245189 ], [ -83.183068033, 42.445308921 ], [ -83.180927017, 42.445343448000102 ], [ -83.178603316999897, 42.445391607 ], [ -83.175533513999895, 42.445454342000097 ], [ -83.173417837, 42.445498409 ], [ -83.171269030999895, 42.445544211 ], [ -83.171262462, 42.445407189 ], [ -83.170711460999897, 42.445417189000104 ], [ -83.170612461, 42.443078189000097 ], [ -83.170515461, 42.440735188000097 ], [ -83.170419459999906, 42.4384461880001 ], [ -83.170996461, 42.438441188000098 ], [ -83.170926461, 42.436627187 ], [ -83.170356461, 42.436644188000102 ], [ -83.17030146, 42.435409188 ], [ -83.170299461, 42.435354187 ], [ -83.17038046, 42.435352188 ], [ -83.170874461, 42.435342188 ], [ -83.17086146, 42.435006187000099 ], [ -83.170858461, 42.434921187 ], [ -83.170850459999897, 42.434718187 ], [ -83.170674461, 42.434567187 ], [ -83.17066146, 42.434232187000099 ], [ -83.17027046, 42.434234187000101 ], [ -83.17025346, 42.433806187000101 ], [ -83.170223461, 42.433036187 ], [ -83.17017046, 42.431688187000098 ], [ -83.17072046, 42.431688187000098 ], [ -83.17070246, 42.431257187 ], [ -83.17066546, 42.430275187000099 ], [ -83.17065046, 42.429863186 ], [ -83.17063646, 42.429450186 ], [ -83.17057346, 42.427631186 ], [ -83.17009946, 42.427642186000099 ], [ -83.169992459999904, 42.425900186 ], [ -83.16998246, 42.425832186 ], [ -83.169906459999893, 42.424011185 ], [ -83.16939346, 42.424022186000101 ], [ -83.168341459, 42.424043186000098 ], [ -83.168327458, 42.423915186 ], [ -83.167973457999906, 42.423920186 ], [ -83.167960459, 42.423618185000102 ], [ -83.167759458, 42.423622185000099 ], [ -83.167701458, 42.422332186000098 ], [ -83.167910459, 42.422341186 ], [ -83.167824458, 42.420384185 ], [ -83.169122457999904, 42.420349185000099 ], [ -83.169162458999907, 42.420342185 ], [ -83.169201459, 42.420320185 ], [ -83.169220458, 42.420299185 ], [ -83.169229459, 42.420268185 ], [ -83.169154458, 42.418526184 ], [ -83.170042458999902, 42.418502184 ], [ -83.170208459, 42.418501184 ], [ -83.170159457999901, 42.417413185 ], [ -83.170133458, 42.416664184000098 ], [ -83.171211458999906, 42.416654184 ], [ -83.171858459, 42.416650184 ], [ -83.172065458999896, 42.416649184 ], [ -83.17183046, 42.416403184 ], [ -83.170008459, 42.414426184 ], [ -83.169991458, 42.414192183000097 ], [ -83.169990458, 42.414174184 ], [ -83.169986458, 42.413962184000098 ], [ -83.169886458999898, 42.411979183 ], [ -83.169261457999895, 42.411982183000099 ], [ -83.169190457, 42.409973183 ], [ -83.169787458, 42.409951183 ], [ -83.169772458, 42.409543183 ] ] ] } },
{ "type": "Feature", "properties": { "OBJECTID": 42, "zipcode": "48238", "total_renters": 5197.0, "renters_30_35pct": 461.0, "renters_35_40pct": 190.0, "renters_40_50pct": 110.0, "renters_50plus_pct": 1709.0, "total_owners": 4826.0, "owners_mtg_30_35pct": 67.0, "owners_mtg_35_40pct": 29.0, "owners_mtg_40_50pct": 63.0, "owners_mtg_50plus_pct": 304.0, "owners_nomtg_30_35pct": 151.0, "owners_nomtg_35_40pct": 129.0, "owners_nomtg_40_50pct": 81.0, "owners_nomtg_50plus_pct": 521.0, "median_household_income": "400485", "median_home_value": "873200", "renters_burden_30plus": 2470.0, "pct_renters_30plus": 47.5, "owners_burden_30plus": 1345.0, "pct_owners_30plus": 27.9, "total_households": 10023.0, "burden_30plus_all": 3815.0, "pct_burden_30plus_all": 38.1, "renters_burden_50plus": 1709.0, "owners_burden_50plus": 825.0, "burden_50plus_all": 2534.0, "pct_burden_50plus_all": 25.3, "price_income_ratio": "2.1803563179644683", "housing_shortage": false, "renter_accessibility_crisis": false, "housing_category": "Neither" }, "geometry": { "type": "Polygon", "coordinates": [ [ [ -83.106885437, 42.395015184 ], [ -83.107218437, 42.394895183000102 ], [ -83.107388436999898, 42.394834184 ], [ -83.106272437, 42.3933031830001 ], [ -83.105980437, 42.392912183000099 ], [ -83.107037437, 42.392489183000102 ], [ -83.107303437, 42.392887183 ], [ -83.107840436999894, 42.392694183000103 ], [ -83.108403436999893, 42.392489183000102 ], [ -83.108137437, 42.392099183 ], [ -83.109491437, 42.391609183000099 ], [ -83.109857437999906, 42.391466183 ], [ -83.110131438, 42.391862183 ], [ -83.110204438, 42.391968183000102 ], [ -83.110379437999896, 42.391902183000099 ], [ -83.110656438, 42.391799182 ], [ -83.110405438, 42.391339183000099 ], [ -83.110663438, 42.391241183 ], [ -83.112219438999901, 42.390650183 ], [ -83.115390438999896, 42.389449182000099 ], [ -83.11876144, 42.388172182000098 ], [ -83.121468441, 42.387146181 ], [ -83.124158442, 42.386127181000099 ], [ -83.127572443, 42.384834181 ], [ -83.127842443, 42.385242181000102 ], [ -83.128378443, 42.385024181000098 ], [ -83.128064443, 42.38454718 ], [ -83.130150442999906, 42.38377518 ], [ -83.132010443999903, 42.383048180000102 ], [ -83.135157444999905, 42.38181918 ], [ -83.135570445, 42.38224818 ], [ -83.136005445, 42.38208418 ], [ -83.136585445, 42.38186218 ], [ -83.136554444999902, 42.381732179 ], [ -83.136411445, 42.38152618 ], [ -83.136334445, 42.381415179000101 ], [ -83.138823445, 42.380462179000098 ], [ -83.138830446, 42.38057618 ], [ -83.138855446, 42.3810001800001 ], [ -83.139307446, 42.38082918 ], [ -83.139321445999897, 42.38119318 ], [ -83.139846446, 42.381177180000101 ], [ -83.140390446, 42.381165179 ], [ -83.141481445999901, 42.381144179 ], [ -83.142567447, 42.381122179 ], [ -83.143698446999906, 42.3811001790001 ], [ -83.143994447, 42.381094179000101 ], [ -83.144210447, 42.381089179000099 ], [ -83.145066447, 42.381072179 ], [ -83.145181448, 42.381070179000098 ], [ -83.146179447999899, 42.381050179 ], [ -83.146456448, 42.381044179000099 ], [ -83.146641448, 42.3810411790001 ], [ -83.146967447999899, 42.381034179 ], [ -83.147200448, 42.381030179 ], [ -83.147432448, 42.381025179000098 ], [ -83.148120449, 42.381011179 ], [ -83.149053449, 42.380991179 ], [ -83.149577448999906, 42.380980179000098 ], [ -83.15059945, 42.380954179000099 ], [ -83.151684448999902, 42.380928179000101 ], [ -83.15282045, 42.380900179 ], [ -83.153908450999893, 42.380873179 ], [ -83.154876451, 42.380848179 ], [ -83.155861451, 42.380823178000099 ], [ -83.156844451, 42.380799178000103 ], [ -83.157825451, 42.380774178000102 ], [ -83.158838451999898, 42.380747178 ], [ -83.159923452, 42.380720178000097 ], [ -83.160335453, 42.380708178000098 ], [ -83.160458453, 42.380710178000101 ], [ -83.160992452999906, 42.380691178 ], [ -83.162049453, 42.380663178000098 ], [ -83.163102453, 42.380636178 ], [ -83.164135453, 42.380611178 ], [ -83.164231453, 42.3806091780001 ], [ -83.165234454, 42.380581178 ], [ -83.165462454, 42.3805751780001 ], [ -83.166300454, 42.380554178000096 ], [ -83.167364455, 42.380526178 ], [ -83.167919454, 42.380512178000103 ], [ -83.168077454999903, 42.383418178 ], [ -83.168026455, 42.3835401790001 ], [ -83.168063455, 42.384679179 ], [ -83.168582455, 42.384624179000099 ], [ -83.168593455, 42.384935178 ], [ -83.168600456, 42.385115179 ], [ -83.168606455, 42.385291178 ], [ -83.168613455, 42.385478179000103 ], [ -83.168626455, 42.385809179 ], [ -83.168386455, 42.385831179 ], [ -83.168094454999903, 42.385850179 ], [ -83.168072455, 42.385850179 ], [ -83.168179456, 42.388270179000102 ], [ -83.168255455999898, 42.39007918 ], [ -83.168259456, 42.39016718 ], [ -83.168325455999906, 42.39143518 ], [ -83.167821455, 42.391446180000102 ], [ -83.166757456, 42.391473180000098 ], [ -83.165692454999899, 42.39150118 ], [ -83.164626454, 42.391528180000101 ], [ -83.163248454, 42.39156518 ], [ -83.163323454, 42.39348218 ], [ -83.163310455, 42.39366618 ], [ -83.163943453999906, 42.393668180000098 ], [ -83.164597455, 42.393671180000098 ], [ -83.166069454999899, 42.393650180000101 ], [ -83.166697455, 42.39361818 ], [ -83.166938455, 42.393606180000099 ], [ -83.168048456, 42.393581180000098 ], [ -83.168166455999895, 42.39357518 ], [ -83.168370455999906, 42.39357118 ], [ -83.168717456, 42.39357518 ], [ -83.168986456, 42.393579180000103 ], [ -83.168991456, 42.39368318 ], [ -83.168993456, 42.39373018 ], [ -83.169029456, 42.39446918 ], [ -83.169057456, 42.39503918 ], [ -83.169189457, 42.397752181 ], [ -83.169228457, 42.398561181 ], [ -83.169299457, 42.400044181 ], [ -83.169406457, 42.402237181 ], [ -83.169425458, 42.402623182000099 ], [ -83.168823457, 42.402668182000099 ], [ -83.168895457, 42.4040691820001 ], [ -83.168894457, 42.404132182000097 ], [ -83.168998458, 42.405881182 ], [ -83.168999458, 42.4060251820001 ], [ -83.169059457999893, 42.407631182 ], [ -83.169064458, 42.407698183 ], [ -83.169118457, 42.4084721830001 ], [ -83.169137458, 42.409177183000097 ], [ -83.169756457999895, 42.409152183000103 ], [ -83.169772458, 42.409543183 ], [ -83.169169457, 42.409552183000102 ], [ -83.168693457, 42.409560183000103 ], [ -83.167641456999903, 42.409580183000102 ], [ -83.166577456999903, 42.409599183000097 ], [ -83.165526456999899, 42.409617183000101 ], [ -83.165391456999899, 42.409619183000103 ], [ -83.165178456, 42.409624183000098 ], [ -83.164985456, 42.409628183 ], [ -83.164774456, 42.409633183 ], [ -83.164339455999894, 42.409639183 ], [ -83.1632564559999, 42.409659183 ], [ -83.162167455, 42.409679183 ], [ -83.161079454999907, 42.409698183 ], [ -83.160008455, 42.409715183000102 ], [ -83.158935454, 42.409726183 ], [ -83.157839453999898, 42.409739183 ], [ -83.156745454, 42.409749183 ], [ -83.155654453999901, 42.409761184000097 ], [ -83.154596452999897, 42.409772183 ], [ -83.153644453, 42.409781184000103 ], [ -83.153358453, 42.409784184 ], [ -83.152652452, 42.409791184 ], [ -83.152156453, 42.409795184000103 ], [ -83.150959452, 42.409806184000097 ], [ -83.150803451999906, 42.409808184 ], [ -83.149786451999901, 42.409818184000102 ], [ -83.148841451, 42.409828184 ], [ -83.148646451, 42.409830184 ], [ -83.147864452, 42.409839184000099 ], [ -83.147504451, 42.409843184000103 ], [ -83.146884450999906, 42.409850184 ], [ -83.146329451, 42.409855184 ], [ -83.145908451, 42.409859184 ], [ -83.14485945, 42.409869184000101 ], [ -83.143785449999896, 42.409879184 ], [ -83.142710448999907, 42.4098891840001 ], [ -83.141635449, 42.409899184 ], [ -83.140541449, 42.409912185 ], [ -83.139500448, 42.409931184000101 ], [ -83.138549449, 42.409948184 ], [ -83.138370448, 42.4099511840001 ], [ -83.137568448, 42.409966185 ], [ -83.137274448, 42.409971184 ], [ -83.136589447999896, 42.409984185 ], [ -83.136178448, 42.409992184 ], [ -83.135607447, 42.410002184000099 ], [ -83.134981447, 42.410013185 ], [ -83.134621447, 42.410012184 ], [ -83.133759447, 42.410023185 ], [ -83.133632447, 42.410024185000097 ], [ -83.132657445999897, 42.410038185000097 ], [ -83.132523445999894, 42.410041185000097 ], [ -83.131683446, 42.410061185000103 ], [ -83.131319446, 42.410070185000102 ], [ -83.130706446, 42.410086185000097 ], [ -83.130086445, 42.410097185 ], [ -83.129730445999897, 42.410107185000101 ], [ -83.128928445, 42.410131185000097 ], [ -83.128752445, 42.410135185000101 ], [ -83.127811445, 42.410162185 ], [ -83.127693445, 42.410163185 ], [ -83.126658445, 42.410182185000103 ], [ -83.126430445, 42.410188186 ], [ -83.125423444, 42.410211185 ], [ -83.125222445, 42.4102171850001 ], [ -83.123991444, 42.410244185000103 ], [ -83.122767443, 42.410272185000103 ], [ -83.122089443, 42.410287185000101 ], [ -83.121558443, 42.410300185 ], [ -83.120460443, 42.410324186 ], [ -83.119482443, 42.410346185 ], [ -83.118533441999901, 42.410368186 ], [ -83.117528441, 42.410391186 ], [ -83.117502442, 42.409973185000098 ], [ -83.117027441999895, 42.409986185 ], [ -83.116923441, 42.408307185000098 ], [ -83.116422440999898, 42.4083961850001 ], [ -83.116418442, 42.408331186000098 ], [ -83.116400441, 42.408049185 ], [ -83.115762441, 42.408145186000098 ], [ -83.115748440999894, 42.408191185000099 ], [ -83.115714441, 42.408229185 ], [ -83.11401544, 42.405803185 ], [ -83.11331344, 42.404681185000101 ], [ -83.11327744, 42.404624185 ], [ -83.11323744, 42.404562185 ], [ -83.11319644, 42.4045011850001 ], [ -83.11216044, 42.4031291840001 ], [ -83.11209344, 42.403039185000097 ], [ -83.11157644, 42.4022961840001 ], [ -83.111122439, 42.4016431840001 ], [ -83.110675439, 42.400979184 ], [ -83.110214438, 42.400299184000097 ], [ -83.109840437999907, 42.399748184 ], [ -83.109741438999905, 42.399605184000102 ], [ -83.109370438, 42.3990571840001 ], [ -83.109288438, 42.398937184 ], [ -83.109254437999894, 42.398888184 ], [ -83.109216438, 42.398871184 ], [ -83.109123438, 42.398757184 ], [ -83.109054438, 42.398625184 ], [ -83.109052437999907, 42.398593184 ], [ -83.108916437999895, 42.398394184 ], [ -83.108890437999904, 42.3983561840001 ], [ -83.108710438999907, 42.398093184 ], [ -83.108567438, 42.397884184000098 ], [ -83.108555437999897, 42.397857184 ], [ -83.107966437999906, 42.396977184 ], [ -83.107766437999899, 42.396680184 ], [ -83.107138436999904, 42.395748184000098 ], [ -83.107019437, 42.395470184 ], [ -83.106885437, 42.395015184 ] ] ] } },
{ "type": "Feature", "properties": { "OBJECTID": 43, "zipcode": "48239", "total_renters": 601.0, "renters_30_35pct": 23.0, "renters_35_40pct": 23.0, "renters_40_50pct": 18.0, "renters_50plus_pct": 251.0, "total_owners": 1373.0, "owners_mtg_30_35pct": 10.0, "owners_mtg_35_40pct": 4.0, "owners_mtg_40_50pct": 23.0, "owners_mtg_50plus_pct": 70.0, "owners_nomtg_30_35pct": 12.0, "owners_nomtg_35_40pct": 0.0, "owners_nomtg_40_50pct": 0.0, "owners_nomtg_50plus_pct": 41.0, "median_household_income": "96665", "median_home_value": "145200", "renters_burden_30plus": 315.0, "pct_renters_30plus": 52.4, "owners_burden_30plus": 160.0, "pct_owners_30plus": 11.7, "total_households": 1974.0, "burden_30plus_all": 475.0, "pct_burden_30plus_all": 24.1, "renters_burden_50plus": 251.0, "owners_burden_50plus": 111.0, "burden_50plus_all": 362.0, "pct_burden_50plus_all": 18.3, "price_income_ratio": "1.5020948637045466", "housing_shortage": false, "renter_accessibility_crisis": true, "housing_category": "Accessibility Only" }, "geometry": { "type": "MultiPolygon", "coordinates": [ [ [ [ -83.250806478999905, 42.375183173 ], [ -83.250410479, 42.375112173 ], [ -83.249837479, 42.375181172000097 ], [ -83.249119478999901, 42.375436173 ], [ -83.248383479, 42.375891173000099 ], [ -83.248116479, 42.375965173000097 ], [ -83.247977479, 42.375881173 ], [ -83.247630477999905, 42.375303173000098 ], [ -83.247479478999907, 42.374785173000099 ], [ -83.247722478, 42.374117173000101 ], [ -83.248169478, 42.373757172000097 ], [ -83.248888479, 42.373457173000098 ], [ -83.25024548, 42.373692173000101 ], [ -83.25090248, 42.373816172 ], [ -83.25158148, 42.373953173000103 ], [ -83.25196948, 42.373972173 ], [ -83.25260248, 42.373941173 ], [ -83.253329479999906, 42.373829172 ], [ -83.25417248, 42.373579173000103 ], [ -83.254600481, 42.373323172 ], [ -83.2549244799999, 42.373025172 ], [ -83.25543248, 42.372401172 ], [ -83.255547481, 42.372066172000103 ], [ -83.255492481, 42.371701172 ], [ -83.255396479999902, 42.370496172000102 ], [ -83.254949481, 42.370032171 ], [ -83.25478148, 42.369798172000102 ], [ -83.25437748, 42.369362172000102 ], [ -83.25423548, 42.368829172000098 ], [ -83.25316248, 42.369054171000101 ], [ -83.25295348, 42.369085172 ], [ -83.252688479, 42.369109171 ], [ -83.252421479, 42.369114172 ], [ -83.25226148, 42.3691081710001 ], [ -83.25210248, 42.369096172000098 ], [ -83.25181448, 42.369057172000097 ], [ -83.251690479, 42.369034172 ], [ -83.251545479, 42.369001171 ], [ -83.251296479, 42.368928172 ], [ -83.25105648, 42.368839172 ], [ -83.250918478999907, 42.368778171 ], [ -83.250785478999902, 42.368711172000097 ], [ -83.250574479, 42.368588172 ], [ -83.250417479, 42.368480171000101 ], [ -83.250307479, 42.368394172000102 ], [ -83.249999478999896, 42.368123171 ], [ -83.249545478, 42.367732172 ], [ -83.249441478, 42.367630172000098 ], [ -83.249356479, 42.367536171 ], [ -83.249278478, 42.367438171000103 ], [ -83.249209478999902, 42.367337171 ], [ -83.249147479, 42.367234171 ], [ -83.249093478, 42.367128172 ], [ -83.249047478, 42.367019171 ], [ -83.249010477999903, 42.366909171 ], [ -83.248967477999898, 42.366723171 ], [ -83.248949478, 42.366535171000102 ], [ -83.248957478999898, 42.366396171000098 ], [ -83.248974478, 42.366257172000097 ], [ -83.249000478, 42.366118171 ], [ -83.249041478, 42.365959171 ], [ -83.249088478, 42.365839171000097 ], [ -83.249126477999894, 42.365721171000096 ], [ -83.249156478, 42.365601171 ], [ -83.249177478, 42.365480171000101 ], [ -83.249189478999895, 42.365358171 ], [ -83.249192477999898, 42.365236171 ], [ -83.249187478, 42.365114171000101 ], [ -83.249173479, 42.364992171 ], [ -83.249141477999899, 42.364832171 ], [ -83.249107478, 42.3647121710001 ], [ -83.249064478, 42.3645941710001 ], [ -83.249013477999895, 42.364478171 ], [ -83.248961478, 42.364378171 ], [ -83.248901477999894, 42.364279171000099 ], [ -83.248737477999896, 42.364061171000102 ], [ -83.248653477999895, 42.363948171000096 ], [ -83.248300478, 42.363525171 ], [ -83.248024477999905, 42.363157171000097 ], [ -83.247972477999895, 42.363075171 ], [ -83.247910477999895, 42.362954171000098 ], [ -83.247872477, 42.362861171000098 ], [ -83.247843477999893, 42.36276617 ], [ -83.247817477999902, 42.36263817 ], [ -83.247807478, 42.362541171 ], [ -83.247805477, 42.362444171 ], [ -83.247816477, 42.362314171 ], [ -83.247838477999906, 42.36220217 ], [ -83.247865477999895, 42.362108171 ], [ -83.247900477999906, 42.3620161710001 ], [ -83.247943477, 42.361926170000103 ], [ -83.248032477, 42.36178017 ], [ -83.248142478, 42.361643171 ], [ -83.248217478, 42.361565170000098 ], [ -83.248299478, 42.3614911700001 ], [ -83.248422478, 42.36139517 ], [ -83.248645478, 42.361246171000097 ], [ -83.249625478, 42.360620170000097 ], [ -83.249735477999906, 42.36053717 ], [ -83.249837477999904, 42.36045017 ], [ -83.249933477999903, 42.36035917 ], [ -83.250021478, 42.36026417 ], [ -83.250102478, 42.360165170000101 ], [ -83.250200478, 42.36002617 ], [ -83.250277478, 42.35988817 ], [ -83.250339478, 42.359747170000098 ], [ -83.250385477999899, 42.359602170000102 ], [ -83.250416478, 42.35945517 ], [ -83.250431477999896, 42.3593071700001 ], [ -83.250430477999899, 42.35916917 ], [ -83.2503174779999, 42.357317169000098 ], [ -83.250300478, 42.356817169000102 ], [ -83.250318477999897, 42.356702169000101 ], [ -83.250351478, 42.356613170000102 ], [ -83.250386477999896, 42.3565491700001 ], [ -83.250430477999899, 42.356486169 ], [ -83.251233478, 42.355447169000101 ], [ -83.251337478, 42.355302169 ], [ -83.251424478, 42.355159169000103 ], [ -83.251496478, 42.3550111690001 ], [ -83.251554477999903, 42.3548591690001 ], [ -83.251598477999906, 42.354705169 ], [ -83.251627478, 42.354537169 ], [ -83.251639478, 42.354336169000099 ], [ -83.251626477999906, 42.3541361690001 ], [ -83.251598477999906, 42.353977169000103 ], [ -83.251542478, 42.353782169000098 ], [ -83.251462478, 42.353590169 ], [ -83.251360476999906, 42.353405169 ], [ -83.251256478, 42.353261169000099 ], [ -83.251193477999905, 42.353167169000102 ], [ -83.251121478, 42.353077169000102 ], [ -83.250998478, 42.352948169000101 ], [ -83.250857477999901, 42.3528301690001 ], [ -83.250701477999897, 42.352724169 ], [ -83.250492477999899, 42.352593169 ], [ -83.250189478, 42.352440168 ], [ -83.248951476999906, 42.351889169 ], [ -83.248466477, 42.351656169000101 ], [ -83.248245477, 42.351513168000103 ], [ -83.248004476999895, 42.351314169 ], [ -83.247746476, 42.351020169 ], [ -83.247584477, 42.350716168000098 ], [ -83.247346476, 42.350118169 ], [ -83.247829477, 42.350118169 ], [ -83.249139476, 42.349967169000102 ], [ -83.253462478, 42.349631168 ], [ -83.252845478, 42.349404168 ], [ -83.252133477999905, 42.349135168 ], [ -83.251984477999898, 42.349064168 ], [ -83.251878478, 42.349005168000097 ], [ -83.251777477, 42.348941168000103 ], [ -83.251651478, 42.3488491680001 ], [ -83.251510477, 42.348722168 ], [ -83.251387477, 42.348586168000097 ], [ -83.250820477, 42.347835168000103 ], [ -83.2505244769999, 42.347429168000097 ], [ -83.250397477, 42.347196168 ], [ -83.250355476, 42.347094168000098 ], [ -83.250322476999898, 42.346991167000098 ], [ -83.250298476999902, 42.346887168000102 ], [ -83.250281477, 42.346746168 ], [ -83.250279476999907, 42.346605168000103 ], [ -83.250289477, 42.346500168 ], [ -83.250315477, 42.346365168 ], [ -83.250357477, 42.346225168 ], [ -83.250415477, 42.346089167000102 ], [ -83.250468476, 42.345989167 ], [ -83.250575477, 42.345829168000101 ], [ -83.250806477, 42.345553167 ], [ -83.251688477999906, 42.344559167000099 ], [ -83.251880477, 42.3443251670001 ], [ -83.251999477, 42.344161167 ], [ -83.252066477, 42.344050167 ], [ -83.252146476999897, 42.343898167000098 ], [ -83.252211477999893, 42.343741167000097 ], [ -83.252262477, 42.3435821670001 ], [ -83.252305476999894, 42.343386167000098 ], [ -83.252327477, 42.343206167000098 ], [ -83.252312477, 42.342868167000098 ], [ -83.252273477999907, 42.342670167000101 ], [ -83.252171477, 42.342042167 ], [ -83.252416477, 42.342016167000097 ], [ -83.253627477999899, 42.341901166000099 ], [ -83.253843478, 42.341882167000101 ], [ -83.254861478, 42.3418401670001 ], [ -83.256082477999897, 42.341805167000103 ], [ -83.257292478, 42.3417711660001 ], [ -83.258518479, 42.3417401660001 ], [ -83.259774479, 42.341713166 ], [ -83.260821479, 42.341705166000096 ], [ -83.260990479, 42.341708167 ], [ -83.262242479999898, 42.341737166 ], [ -83.26247048, 42.341741166000098 ], [ -83.263190479999906, 42.341722166000103 ], [ -83.263712481, 42.341708166000103 ], [ -83.263843171, 42.341704676000099 ], [ -83.263860601, 42.341938191000096 ], [ -83.263853632, 42.342096277 ], [ -83.263949726999897, 42.342335993000098 ], [ -83.264028337, 42.342586181000101 ], [ -83.264170549999903, 42.3427958360001 ], [ -83.264274317999906, 42.343089883000097 ], [ -83.264266329, 42.343429456000102 ], [ -83.264262957, 42.343572778000102 ], [ -83.264336634999907, 42.344377493 ], [ -83.264532667, 42.346301329 ], [ -83.264784888999898, 42.3489310470001 ], [ -83.265065203999896, 42.351730469000103 ], [ -83.26525529, 42.353540130000098 ], [ -83.265413699, 42.3550713650001 ], [ -83.265576417, 42.357056279000098 ], [ -83.265659725, 42.357053932 ], [ -83.265660483, 42.357063169000099 ], [ -83.265908302999904, 42.35705643 ], [ -83.265968427, 42.358893815 ], [ -83.265978768, 42.362274491 ], [ -83.266093984, 42.363073884000102 ], [ -83.266111316, 42.363650835 ], [ -83.266129588, 42.364259164 ], [ -83.266229003, 42.366721746000103 ], [ -83.266314802, 42.369093138 ], [ -83.266388269999894, 42.371488370000101 ], [ -83.266398798, 42.371734558000099 ], [ -83.266514958999906, 42.374450708 ], [ -83.266579688, 42.378604529 ], [ -83.26657992, 42.378615623 ], [ -83.266261484, 42.378628172 ], [ -83.261108483, 42.378830173 ], [ -83.255856482, 42.378924173 ], [ -83.255868480999894, 42.378860173000099 ], [ -83.255965481, 42.378748173000098 ], [ -83.256093482, 42.378516173 ], [ -83.256264481, 42.378313173 ], [ -83.256327482, 42.378134173 ], [ -83.256340480999896, 42.3778971730001 ], [ -83.256005482, 42.377549173 ], [ -83.255466481, 42.3771291730001 ], [ -83.255067481, 42.376717173 ], [ -83.2540634799999, 42.375936173000099 ], [ -83.253391479999905, 42.375598172 ], [ -83.25218648, 42.375247173 ], [ -83.25137548, 42.375191173000097 ], [ -83.250806478999905, 42.375183173 ] ] ], [ [ [ -83.284842394, 42.407047836000103 ], [ -83.286384071, 42.407001188 ], [ -83.286384292, 42.407010707 ], [ -83.285612494, 42.407034176 ], [ -83.284926492999901, 42.407055177000103 ], [ -83.283496492, 42.407111177 ], [ -83.282850492, 42.407135176000097 ], [ -83.282243492, 42.407159177 ], [ -83.282033492, 42.407165177 ], [ -83.281956492, 42.407168177000102 ], [ -83.281575491999902, 42.407183177 ], [ -83.281421491999893, 42.407189177000099 ], [ -83.280706492, 42.407204177 ], [ -83.280017491, 42.407219177 ], [ -83.279376490999894, 42.4072391770001 ], [ -83.278703492, 42.4072591770001 ], [ -83.278036491, 42.407273177 ], [ -83.27713549, 42.407286177000103 ], [ -83.276685491, 42.407286177000103 ], [ -83.27594549, 42.407289177 ], [ -83.275945238, 42.407281539 ], [ -83.276602188999902, 42.407279009 ], [ -83.27705158, 42.407278788 ], [ -83.277953286999903, 42.407266004 ], [ -83.278619437, 42.407252127 ], [ -83.279292985, 42.407232015 ], [ -83.279933372, 42.4072114 ], [ -83.280622373999904, 42.4071968310001 ], [ -83.281338115, 42.407181611 ], [ -83.281492154, 42.407175597 ], [ -83.281873159, 42.407160719 ], [ -83.281949520999902, 42.407157738000102 ], [ -83.28215991, 42.407151791 ], [ -83.282766462, 42.407127565000103 ], [ -83.282817908, 42.407125509 ], [ -83.283412622999904, 42.4071043490001 ], [ -83.284842394, 42.407047836000103 ] ] ] ] } }
]
}
